title:Endgame Analysis - Monument of Triumph
description:From: https://docs.google.com/spreadsheets/d/1JM-0SlxVDAi-C6rGVlLxa-J1WGewEeL8Qvq4htWZHhY/htmlview?gid=1665223292&pru=AAABnyD9dak*sbv3_GLGLKbuFN8PFicJkQ#gid=1665223292

// Service Revolver (god-pve)
//notes: tags:god-pve
dimwishlist:item=59060498&perks=839105230,1087426260,3700496672,3038247973,3713579091
dimwishlist:item=59060498&perks=839105230,1087426260,3700496672,3891536761,3713579091
dimwishlist:item=59060498&perks=839105230,1087426260,1517798362,3038247973,3713579091
dimwishlist:item=59060498&perks=839105230,1087426260,1517798362,3891536761,3713579091
dimwishlist:item=59060498&perks=839105230,106909392,3700496672,3038247973,3713579091
dimwishlist:item=59060498&perks=839105230,106909392,3700496672,3891536761,3713579091
dimwishlist:item=59060498&perks=839105230,106909392,1517798362,3038247973,3713579091
dimwishlist:item=59060498&perks=839105230,106909392,1517798362,3891536761,3713579091
dimwishlist:item=59060498&perks=839105230,1431678320,3700496672,3038247973,3713579091
dimwishlist:item=59060498&perks=839105230,1431678320,3700496672,3891536761,3713579091
dimwishlist:item=59060498&perks=839105230,1431678320,1517798362,3038247973,3713579091
dimwishlist:item=59060498&perks=839105230,1431678320,1517798362,3891536761,3713579091
dimwishlist:item=59060498&perks=839105230,3230963543,3700496672,3038247973,3713579091
dimwishlist:item=59060498&perks=839105230,3230963543,3700496672,3891536761,3713579091
dimwishlist:item=59060498&perks=839105230,3230963543,1517798362,3038247973,3713579091
dimwishlist:item=59060498&perks=839105230,3230963543,1517798362,3891536761,3713579091
dimwishlist:item=59060498&perks=839105230,679225683,3700496672,3038247973,3713579091
dimwishlist:item=59060498&perks=839105230,679225683,3700496672,3891536761,3713579091
dimwishlist:item=59060498&perks=839105230,679225683,1517798362,3038247973,3713579091
dimwishlist:item=59060498&perks=839105230,679225683,1517798362,3891536761,3713579091
dimwishlist:item=59060498&perks=839105230,3142289711,3700496672,3038247973,3713579091
dimwishlist:item=59060498&perks=839105230,3142289711,3700496672,3891536761,3713579091
dimwishlist:item=59060498&perks=839105230,3142289711,1517798362,3038247973,3713579091
dimwishlist:item=59060498&perks=839105230,3142289711,1517798362,3891536761,3713579091
dimwishlist:item=59060498&perks=839105230,1561002382,3700496672,3038247973,3713579091
dimwishlist:item=59060498&perks=839105230,1561002382,3700496672,3891536761,3713579091
dimwishlist:item=59060498&perks=839105230,1561002382,1517798362,3038247973,3713579091
dimwishlist:item=59060498&perks=839105230,1561002382,1517798362,3891536761,3713579091
dimwishlist:item=59060498&perks=839105230,1968497646,3700496672,3038247973,3713579091
dimwishlist:item=59060498&perks=839105230,1968497646,3700496672,3891536761,3713579091
dimwishlist:item=59060498&perks=839105230,1968497646,1517798362,3038247973,3713579091
dimwishlist:item=59060498&perks=839105230,1968497646,1517798362,3891536761,3713579091
dimwishlist:item=59060498&perks=4090651448,1087426260,3700496672,3038247973,3713579091
dimwishlist:item=59060498&perks=4090651448,1087426260,3700496672,3891536761,3713579091
dimwishlist:item=59060498&perks=4090651448,1087426260,1517798362,3038247973,3713579091
dimwishlist:item=59060498&perks=4090651448,1087426260,1517798362,3891536761,3713579091
dimwishlist:item=59060498&perks=4090651448,106909392,3700496672,3038247973,3713579091
dimwishlist:item=59060498&perks=4090651448,106909392,3700496672,3891536761,3713579091
dimwishlist:item=59060498&perks=4090651448,106909392,1517798362,3038247973,3713579091
dimwishlist:item=59060498&perks=4090651448,106909392,1517798362,3891536761,3713579091
dimwishlist:item=59060498&perks=4090651448,1431678320,3700496672,3038247973,3713579091
dimwishlist:item=59060498&perks=4090651448,1431678320,3700496672,3891536761,3713579091
dimwishlist:item=59060498&perks=4090651448,1431678320,1517798362,3038247973,3713579091
dimwishlist:item=59060498&perks=4090651448,1431678320,1517798362,3891536761,3713579091
dimwishlist:item=59060498&perks=4090651448,3230963543,3700496672,3038247973,3713579091
dimwishlist:item=59060498&perks=4090651448,3230963543,3700496672,3891536761,3713579091
dimwishlist:item=59060498&perks=4090651448,3230963543,1517798362,3038247973,3713579091
dimwishlist:item=59060498&perks=4090651448,3230963543,1517798362,3891536761,3713579091
dimwishlist:item=59060498&perks=4090651448,679225683,3700496672,3038247973,3713579091
dimwishlist:item=59060498&perks=4090651448,679225683,3700496672,3891536761,3713579091
dimwishlist:item=59060498&perks=4090651448,679225683,1517798362,3038247973,3713579091
dimwishlist:item=59060498&perks=4090651448,679225683,1517798362,3891536761,3713579091
dimwishlist:item=59060498&perks=4090651448,3142289711,3700496672,3038247973,3713579091
dimwishlist:item=59060498&perks=4090651448,3142289711,3700496672,3891536761,3713579091
dimwishlist:item=59060498&perks=4090651448,3142289711,1517798362,3038247973,3713579091
dimwishlist:item=59060498&perks=4090651448,3142289711,1517798362,3891536761,3713579091
dimwishlist:item=59060498&perks=4090651448,1561002382,3700496672,3038247973,3713579091
dimwishlist:item=59060498&perks=4090651448,1561002382,3700496672,3891536761,3713579091
dimwishlist:item=59060498&perks=4090651448,1561002382,1517798362,3038247973,3713579091
dimwishlist:item=59060498&perks=4090651448,1561002382,1517798362,3891536761,3713579091
dimwishlist:item=59060498&perks=4090651448,1968497646,3700496672,3038247973,3713579091
dimwishlist:item=59060498&perks=4090651448,1968497646,3700496672,3891536761,3713579091
dimwishlist:item=59060498&perks=4090651448,1968497646,1517798362,3038247973,3713579091
dimwishlist:item=59060498&perks=4090651448,1968497646,1517798362,3891536761,3713579091
dimwishlist:item=59060498&perks=1840239774,1087426260,3700496672,3038247973,3713579091
dimwishlist:item=59060498&perks=1840239774,1087426260,3700496672,3891536761,3713579091
dimwishlist:item=59060498&perks=1840239774,1087426260,1517798362,3038247973,3713579091
dimwishlist:item=59060498&perks=1840239774,1087426260,1517798362,3891536761,3713579091
dimwishlist:item=59060498&perks=1840239774,106909392,3700496672,3038247973,3713579091
dimwishlist:item=59060498&perks=1840239774,106909392,3700496672,3891536761,3713579091
dimwishlist:item=59060498&perks=1840239774,106909392,1517798362,3038247973,3713579091
dimwishlist:item=59060498&perks=1840239774,106909392,1517798362,3891536761,3713579091
dimwishlist:item=59060498&perks=1840239774,1431678320,3700496672,3038247973,3713579091
dimwishlist:item=59060498&perks=1840239774,1431678320,3700496672,3891536761,3713579091
dimwishlist:item=59060498&perks=1840239774,1431678320,1517798362,3038247973,3713579091
dimwishlist:item=59060498&perks=1840239774,1431678320,1517798362,3891536761,3713579091
dimwishlist:item=59060498&perks=1840239774,3230963543,3700496672,3038247973,3713579091
dimwishlist:item=59060498&perks=1840239774,3230963543,3700496672,3891536761,3713579091
dimwishlist:item=59060498&perks=1840239774,3230963543,1517798362,3038247973,3713579091
dimwishlist:item=59060498&perks=1840239774,3230963543,1517798362,3891536761,3713579091
dimwishlist:item=59060498&perks=1840239774,679225683,3700496672,3038247973,3713579091
dimwishlist:item=59060498&perks=1840239774,679225683,3700496672,3891536761,3713579091
dimwishlist:item=59060498&perks=1840239774,679225683,1517798362,3038247973,3713579091
dimwishlist:item=59060498&perks=1840239774,679225683,1517798362,3891536761,3713579091
dimwishlist:item=59060498&perks=1840239774,3142289711,3700496672,3038247973,3713579091
dimwishlist:item=59060498&perks=1840239774,3142289711,3700496672,3891536761,3713579091
dimwishlist:item=59060498&perks=1840239774,3142289711,1517798362,3038247973,3713579091
dimwishlist:item=59060498&perks=1840239774,3142289711,1517798362,3891536761,3713579091
dimwishlist:item=59060498&perks=1840239774,1561002382,3700496672,3038247973,3713579091
dimwishlist:item=59060498&perks=1840239774,1561002382,3700496672,3891536761,3713579091
dimwishlist:item=59060498&perks=1840239774,1561002382,1517798362,3038247973,3713579091
dimwishlist:item=59060498&perks=1840239774,1561002382,1517798362,3891536761,3713579091
dimwishlist:item=59060498&perks=1840239774,1968497646,3700496672,3038247973,3713579091
dimwishlist:item=59060498&perks=1840239774,1968497646,3700496672,3891536761,3713579091
dimwishlist:item=59060498&perks=1840239774,1968497646,1517798362,3038247973,3713579091
dimwishlist:item=59060498&perks=1840239774,1968497646,1517798362,3891536761,3713579091
dimwishlist:item=59060498&perks=3250034553,1087426260,3700496672,3038247973,3713579091
dimwishlist:item=59060498&perks=3250034553,1087426260,3700496672,3891536761,3713579091
dimwishlist:item=59060498&perks=3250034553,1087426260,1517798362,3038247973,3713579091
dimwishlist:item=59060498&perks=3250034553,1087426260,1517798362,3891536761,3713579091
dimwishlist:item=59060498&perks=3250034553,106909392,3700496672,3038247973,3713579091
dimwishlist:item=59060498&perks=3250034553,106909392,3700496672,3891536761,3713579091
dimwishlist:item=59060498&perks=3250034553,106909392,1517798362,3038247973,3713579091
dimwishlist:item=59060498&perks=3250034553,106909392,1517798362,3891536761,3713579091
dimwishlist:item=59060498&perks=3250034553,1431678320,3700496672,3038247973,3713579091
dimwishlist:item=59060498&perks=3250034553,1431678320,3700496672,3891536761,3713579091
dimwishlist:item=59060498&perks=3250034553,1431678320,1517798362,3038247973,3713579091
dimwishlist:item=59060498&perks=3250034553,1431678320,1517798362,3891536761,3713579091
dimwishlist:item=59060498&perks=3250034553,3230963543,3700496672,3038247973,3713579091
dimwishlist:item=59060498&perks=3250034553,3230963543,3700496672,3891536761,3713579091
dimwishlist:item=59060498&perks=3250034553,3230963543,1517798362,3038247973,3713579091
dimwishlist:item=59060498&perks=3250034553,3230963543,1517798362,3891536761,3713579091
dimwishlist:item=59060498&perks=3250034553,679225683,3700496672,3038247973,3713579091
dimwishlist:item=59060498&perks=3250034553,679225683,3700496672,3891536761,3713579091
dimwishlist:item=59060498&perks=3250034553,679225683,1517798362,3038247973,3713579091
dimwishlist:item=59060498&perks=3250034553,679225683,1517798362,3891536761,3713579091
dimwishlist:item=59060498&perks=3250034553,3142289711,3700496672,3038247973,3713579091
dimwishlist:item=59060498&perks=3250034553,3142289711,3700496672,3891536761,3713579091
dimwishlist:item=59060498&perks=3250034553,3142289711,1517798362,3038247973,3713579091
dimwishlist:item=59060498&perks=3250034553,3142289711,1517798362,3891536761,3713579091
dimwishlist:item=59060498&perks=3250034553,1561002382,3700496672,3038247973,3713579091
dimwishlist:item=59060498&perks=3250034553,1561002382,3700496672,3891536761,3713579091
dimwishlist:item=59060498&perks=3250034553,1561002382,1517798362,3038247973,3713579091
dimwishlist:item=59060498&perks=3250034553,1561002382,1517798362,3891536761,3713579091
dimwishlist:item=59060498&perks=3250034553,1968497646,3700496672,3038247973,3713579091
dimwishlist:item=59060498&perks=3250034553,1968497646,3700496672,3891536761,3713579091
dimwishlist:item=59060498&perks=3250034553,1968497646,1517798362,3038247973,3713579091
dimwishlist:item=59060498&perks=3250034553,1968497646,1517798362,3891536761,3713579091
dimwishlist:item=59060498&perks=1392496348,1087426260,3700496672,3038247973,3713579091
dimwishlist:item=59060498&perks=1392496348,1087426260,3700496672,3891536761,3713579091
dimwishlist:item=59060498&perks=1392496348,1087426260,1517798362,3038247973,3713579091
dimwishlist:item=59060498&perks=1392496348,1087426260,1517798362,3891536761,3713579091
dimwishlist:item=59060498&perks=1392496348,106909392,3700496672,3038247973,3713579091
dimwishlist:item=59060498&perks=1392496348,106909392,3700496672,3891536761,3713579091
dimwishlist:item=59060498&perks=1392496348,106909392,1517798362,3038247973,3713579091
dimwishlist:item=59060498&perks=1392496348,106909392,1517798362,3891536761,3713579091
dimwishlist:item=59060498&perks=1392496348,1431678320,3700496672,3038247973,3713579091
dimwishlist:item=59060498&perks=1392496348,1431678320,3700496672,3891536761,3713579091
dimwishlist:item=59060498&perks=1392496348,1431678320,1517798362,3038247973,3713579091
dimwishlist:item=59060498&perks=1392496348,1431678320,1517798362,3891536761,3713579091
dimwishlist:item=59060498&perks=1392496348,3230963543,3700496672,3038247973,3713579091
dimwishlist:item=59060498&perks=1392496348,3230963543,3700496672,3891536761,3713579091
dimwishlist:item=59060498&perks=1392496348,3230963543,1517798362,3038247973,3713579091
dimwishlist:item=59060498&perks=1392496348,3230963543,1517798362,3891536761,3713579091
dimwishlist:item=59060498&perks=1392496348,679225683,3700496672,3038247973,3713579091
dimwishlist:item=59060498&perks=1392496348,679225683,3700496672,3891536761,3713579091
dimwishlist:item=59060498&perks=1392496348,679225683,1517798362,3038247973,3713579091
dimwishlist:item=59060498&perks=1392496348,679225683,1517798362,3891536761,3713579091
dimwishlist:item=59060498&perks=1392496348,3142289711,3700496672,3038247973,3713579091
dimwishlist:item=59060498&perks=1392496348,3142289711,3700496672,3891536761,3713579091
dimwishlist:item=59060498&perks=1392496348,3142289711,1517798362,3038247973,3713579091
dimwishlist:item=59060498&perks=1392496348,3142289711,1517798362,3891536761,3713579091
dimwishlist:item=59060498&perks=1392496348,1561002382,3700496672,3038247973,3713579091
dimwishlist:item=59060498&perks=1392496348,1561002382,3700496672,3891536761,3713579091
dimwishlist:item=59060498&perks=1392496348,1561002382,1517798362,3038247973,3713579091
dimwishlist:item=59060498&perks=1392496348,1561002382,1517798362,3891536761,3713579091
dimwishlist:item=59060498&perks=1392496348,1968497646,3700496672,3038247973,3713579091
dimwishlist:item=59060498&perks=1392496348,1968497646,3700496672,3891536761,3713579091
dimwishlist:item=59060498&perks=1392496348,1968497646,1517798362,3038247973,3713579091
dimwishlist:item=59060498&perks=1392496348,1968497646,1517798362,3891536761,3713579091
dimwishlist:item=59060498&perks=1482024992,1087426260,3700496672,3038247973,3713579091
dimwishlist:item=59060498&perks=1482024992,1087426260,3700496672,3891536761,3713579091
dimwishlist:item=59060498&perks=1482024992,1087426260,1517798362,3038247973,3713579091
dimwishlist:item=59060498&perks=1482024992,1087426260,1517798362,3891536761,3713579091
dimwishlist:item=59060498&perks=1482024992,106909392,3700496672,3038247973,3713579091
dimwishlist:item=59060498&perks=1482024992,106909392,3700496672,3891536761,3713579091
dimwishlist:item=59060498&perks=1482024992,106909392,1517798362,3038247973,3713579091
dimwishlist:item=59060498&perks=1482024992,106909392,1517798362,3891536761,3713579091
dimwishlist:item=59060498&perks=1482024992,1431678320,3700496672,3038247973,3713579091
dimwishlist:item=59060498&perks=1482024992,1431678320,3700496672,3891536761,3713579091
dimwishlist:item=59060498&perks=1482024992,1431678320,1517798362,3038247973,3713579091
dimwishlist:item=59060498&perks=1482024992,1431678320,1517798362,3891536761,3713579091
dimwishlist:item=59060498&perks=1482024992,3230963543,3700496672,3038247973,3713579091
dimwishlist:item=59060498&perks=1482024992,3230963543,3700496672,3891536761,3713579091
dimwishlist:item=59060498&perks=1482024992,3230963543,1517798362,3038247973,3713579091
dimwishlist:item=59060498&perks=1482024992,3230963543,1517798362,3891536761,3713579091
dimwishlist:item=59060498&perks=1482024992,679225683,3700496672,3038247973,3713579091
dimwishlist:item=59060498&perks=1482024992,679225683,3700496672,3891536761,3713579091
dimwishlist:item=59060498&perks=1482024992,679225683,1517798362,3038247973,3713579091
dimwishlist:item=59060498&perks=1482024992,679225683,1517798362,3891536761,3713579091
dimwishlist:item=59060498&perks=1482024992,3142289711,3700496672,3038247973,3713579091
dimwishlist:item=59060498&perks=1482024992,3142289711,3700496672,3891536761,3713579091
dimwishlist:item=59060498&perks=1482024992,3142289711,1517798362,3038247973,3713579091
dimwishlist:item=59060498&perks=1482024992,3142289711,1517798362,3891536761,3713579091
dimwishlist:item=59060498&perks=1482024992,1561002382,3700496672,3038247973,3713579091
dimwishlist:item=59060498&perks=1482024992,1561002382,3700496672,3891536761,3713579091
dimwishlist:item=59060498&perks=1482024992,1561002382,1517798362,3038247973,3713579091
dimwishlist:item=59060498&perks=1482024992,1561002382,1517798362,3891536761,3713579091
dimwishlist:item=59060498&perks=1482024992,1968497646,3700496672,3038247973,3713579091
dimwishlist:item=59060498&perks=1482024992,1968497646,3700496672,3891536761,3713579091
dimwishlist:item=59060498&perks=1482024992,1968497646,1517798362,3038247973,3713579091
dimwishlist:item=59060498&perks=1482024992,1968497646,1517798362,3891536761,3713579091


// Snipehunt Mk. 47 (god-pve)
//notes: tags:god-pve
dimwishlist:item=193009988&perks=1840239774,1431678320,3966416502,2173046394
dimwishlist:item=193009988&perks=1840239774,1431678320,3966416502,243981275
dimwishlist:item=193009988&perks=1840239774,1431678320,3966416502,3640170453
dimwishlist:item=193009988&perks=1840239774,1561002382,3966416502,2173046394
dimwishlist:item=193009988&perks=1840239774,1561002382,3966416502,243981275
dimwishlist:item=193009988&perks=1840239774,1561002382,3966416502,3640170453
dimwishlist:item=193009988&perks=1840239774,3230963543,3966416502,2173046394
dimwishlist:item=193009988&perks=1840239774,3230963543,3966416502,243981275
dimwishlist:item=193009988&perks=1840239774,3230963543,3966416502,3640170453
dimwishlist:item=193009988&perks=1840239774,679225683,3966416502,2173046394
dimwishlist:item=193009988&perks=1840239774,679225683,3966416502,243981275
dimwishlist:item=193009988&perks=1840239774,679225683,3966416502,3640170453
dimwishlist:item=193009988&perks=839105230,1431678320,3966416502,2173046394
dimwishlist:item=193009988&perks=839105230,1431678320,3966416502,243981275
dimwishlist:item=193009988&perks=839105230,1431678320,3966416502,3640170453
dimwishlist:item=193009988&perks=839105230,1561002382,3966416502,2173046394
dimwishlist:item=193009988&perks=839105230,1561002382,3966416502,243981275
dimwishlist:item=193009988&perks=839105230,1561002382,3966416502,3640170453
dimwishlist:item=193009988&perks=839105230,3230963543,3966416502,2173046394
dimwishlist:item=193009988&perks=839105230,3230963543,3966416502,243981275
dimwishlist:item=193009988&perks=839105230,3230963543,3966416502,3640170453
dimwishlist:item=193009988&perks=839105230,679225683,3966416502,2173046394
dimwishlist:item=193009988&perks=839105230,679225683,3966416502,243981275
dimwishlist:item=193009988&perks=839105230,679225683,3966416502,3640170453
dimwishlist:item=193009988&perks=4090651448,1431678320,3966416502,2173046394
dimwishlist:item=193009988&perks=4090651448,1431678320,3966416502,243981275
dimwishlist:item=193009988&perks=4090651448,1431678320,3966416502,3640170453
dimwishlist:item=193009988&perks=4090651448,1561002382,3966416502,2173046394
dimwishlist:item=193009988&perks=4090651448,1561002382,3966416502,243981275
dimwishlist:item=193009988&perks=4090651448,1561002382,3966416502,3640170453
dimwishlist:item=193009988&perks=4090651448,3230963543,3966416502,2173046394
dimwishlist:item=193009988&perks=4090651448,3230963543,3966416502,243981275
dimwishlist:item=193009988&perks=4090651448,3230963543,3966416502,3640170453
dimwishlist:item=193009988&perks=4090651448,679225683,3966416502,2173046394
dimwishlist:item=193009988&perks=4090651448,679225683,3966416502,243981275
dimwishlist:item=193009988&perks=4090651448,679225683,3966416502,3640170453
dimwishlist:item=193009988&perks=3250034553,1431678320,3966416502,2173046394
dimwishlist:item=193009988&perks=3250034553,1431678320,3966416502,243981275
dimwishlist:item=193009988&perks=3250034553,1431678320,3966416502,3640170453
dimwishlist:item=193009988&perks=3250034553,1561002382,3966416502,2173046394
dimwishlist:item=193009988&perks=3250034553,1561002382,3966416502,243981275
dimwishlist:item=193009988&perks=3250034553,1561002382,3966416502,3640170453
dimwishlist:item=193009988&perks=3250034553,3230963543,3966416502,2173046394
dimwishlist:item=193009988&perks=3250034553,3230963543,3966416502,243981275
dimwishlist:item=193009988&perks=3250034553,3230963543,3966416502,3640170453
dimwishlist:item=193009988&perks=3250034553,679225683,3966416502,2173046394
dimwishlist:item=193009988&perks=3250034553,679225683,3966416502,243981275
dimwishlist:item=193009988&perks=3250034553,679225683,3966416502,3640170453
dimwishlist:item=193009988&perks=1392496348,1431678320,3966416502,2173046394
dimwishlist:item=193009988&perks=1392496348,1431678320,3966416502,243981275
dimwishlist:item=193009988&perks=1392496348,1431678320,3966416502,3640170453
dimwishlist:item=193009988&perks=1392496348,1561002382,3966416502,2173046394
dimwishlist:item=193009988&perks=1392496348,1561002382,3966416502,243981275
dimwishlist:item=193009988&perks=1392496348,1561002382,3966416502,3640170453
dimwishlist:item=193009988&perks=1392496348,3230963543,3966416502,2173046394
dimwishlist:item=193009988&perks=1392496348,3230963543,3966416502,243981275
dimwishlist:item=193009988&perks=1392496348,3230963543,3966416502,3640170453
dimwishlist:item=193009988&perks=1392496348,679225683,3966416502,2173046394
dimwishlist:item=193009988&perks=1392496348,679225683,3966416502,243981275
dimwishlist:item=193009988&perks=1392496348,679225683,3966416502,3640170453
dimwishlist:item=193009988&perks=1482024992,1431678320,3966416502,2173046394
dimwishlist:item=193009988&perks=1482024992,1431678320,3966416502,243981275
dimwishlist:item=193009988&perks=1482024992,1431678320,3966416502,3640170453
dimwishlist:item=193009988&perks=1482024992,1561002382,3966416502,2173046394
dimwishlist:item=193009988&perks=1482024992,1561002382,3966416502,243981275
dimwishlist:item=193009988&perks=1482024992,1561002382,3966416502,3640170453
dimwishlist:item=193009988&perks=1482024992,3230963543,3966416502,2173046394
dimwishlist:item=193009988&perks=1482024992,3230963543,3966416502,243981275
dimwishlist:item=193009988&perks=1482024992,3230963543,3966416502,3640170453
dimwishlist:item=193009988&perks=1482024992,679225683,3966416502,2173046394
dimwishlist:item=193009988&perks=1482024992,679225683,3966416502,243981275
dimwishlist:item=193009988&perks=1482024992,679225683,3966416502,3640170453


// Gnawing Hunger (god-pve)
//notes: tags:god-pve
dimwishlist:item=214545213&perks=1840239774,1431678320,776531651,2048641572
dimwishlist:item=214545213&perks=1840239774,1431678320,776531651,3081867624
dimwishlist:item=214545213&perks=1840239774,1431678320,1134488199,2048641572
dimwishlist:item=214545213&perks=1840239774,1431678320,1134488199,3081867624
dimwishlist:item=214545213&perks=1840239774,106909392,776531651,2048641572
dimwishlist:item=214545213&perks=1840239774,106909392,776531651,3081867624
dimwishlist:item=214545213&perks=1840239774,106909392,1134488199,2048641572
dimwishlist:item=214545213&perks=1840239774,106909392,1134488199,3081867624
dimwishlist:item=214545213&perks=1840239774,3230963543,776531651,2048641572
dimwishlist:item=214545213&perks=1840239774,3230963543,776531651,3081867624
dimwishlist:item=214545213&perks=1840239774,3230963543,1134488199,2048641572
dimwishlist:item=214545213&perks=1840239774,3230963543,1134488199,3081867624
dimwishlist:item=214545213&perks=1840239774,679225683,776531651,2048641572
dimwishlist:item=214545213&perks=1840239774,679225683,776531651,3081867624
dimwishlist:item=214545213&perks=1840239774,679225683,1134488199,2048641572
dimwishlist:item=214545213&perks=1840239774,679225683,1134488199,3081867624
dimwishlist:item=214545213&perks=839105230,1431678320,776531651,2048641572
dimwishlist:item=214545213&perks=839105230,1431678320,776531651,3081867624
dimwishlist:item=214545213&perks=839105230,1431678320,1134488199,2048641572
dimwishlist:item=214545213&perks=839105230,1431678320,1134488199,3081867624
dimwishlist:item=214545213&perks=839105230,106909392,776531651,2048641572
dimwishlist:item=214545213&perks=839105230,106909392,776531651,3081867624
dimwishlist:item=214545213&perks=839105230,106909392,1134488199,2048641572
dimwishlist:item=214545213&perks=839105230,106909392,1134488199,3081867624
dimwishlist:item=214545213&perks=839105230,3230963543,776531651,2048641572
dimwishlist:item=214545213&perks=839105230,3230963543,776531651,3081867624
dimwishlist:item=214545213&perks=839105230,3230963543,1134488199,2048641572
dimwishlist:item=214545213&perks=839105230,3230963543,1134488199,3081867624
dimwishlist:item=214545213&perks=839105230,679225683,776531651,2048641572
dimwishlist:item=214545213&perks=839105230,679225683,776531651,3081867624
dimwishlist:item=214545213&perks=839105230,679225683,1134488199,2048641572
dimwishlist:item=214545213&perks=839105230,679225683,1134488199,3081867624
dimwishlist:item=214545213&perks=4090651448,1431678320,776531651,2048641572
dimwishlist:item=214545213&perks=4090651448,1431678320,776531651,3081867624
dimwishlist:item=214545213&perks=4090651448,1431678320,1134488199,2048641572
dimwishlist:item=214545213&perks=4090651448,1431678320,1134488199,3081867624
dimwishlist:item=214545213&perks=4090651448,106909392,776531651,2048641572
dimwishlist:item=214545213&perks=4090651448,106909392,776531651,3081867624
dimwishlist:item=214545213&perks=4090651448,106909392,1134488199,2048641572
dimwishlist:item=214545213&perks=4090651448,106909392,1134488199,3081867624
dimwishlist:item=214545213&perks=4090651448,3230963543,776531651,2048641572
dimwishlist:item=214545213&perks=4090651448,3230963543,776531651,3081867624
dimwishlist:item=214545213&perks=4090651448,3230963543,1134488199,2048641572
dimwishlist:item=214545213&perks=4090651448,3230963543,1134488199,3081867624
dimwishlist:item=214545213&perks=4090651448,679225683,776531651,2048641572
dimwishlist:item=214545213&perks=4090651448,679225683,776531651,3081867624
dimwishlist:item=214545213&perks=4090651448,679225683,1134488199,2048641572
dimwishlist:item=214545213&perks=4090651448,679225683,1134488199,3081867624
dimwishlist:item=214545213&perks=3250034553,1431678320,776531651,2048641572
dimwishlist:item=214545213&perks=3250034553,1431678320,776531651,3081867624
dimwishlist:item=214545213&perks=3250034553,1431678320,1134488199,2048641572
dimwishlist:item=214545213&perks=3250034553,1431678320,1134488199,3081867624
dimwishlist:item=214545213&perks=3250034553,106909392,776531651,2048641572
dimwishlist:item=214545213&perks=3250034553,106909392,776531651,3081867624
dimwishlist:item=214545213&perks=3250034553,106909392,1134488199,2048641572
dimwishlist:item=214545213&perks=3250034553,106909392,1134488199,3081867624
dimwishlist:item=214545213&perks=3250034553,3230963543,776531651,2048641572
dimwishlist:item=214545213&perks=3250034553,3230963543,776531651,3081867624
dimwishlist:item=214545213&perks=3250034553,3230963543,1134488199,2048641572
dimwishlist:item=214545213&perks=3250034553,3230963543,1134488199,3081867624
dimwishlist:item=214545213&perks=3250034553,679225683,776531651,2048641572
dimwishlist:item=214545213&perks=3250034553,679225683,776531651,3081867624
dimwishlist:item=214545213&perks=3250034553,679225683,1134488199,2048641572
dimwishlist:item=214545213&perks=3250034553,679225683,1134488199,3081867624
dimwishlist:item=214545213&perks=1392496348,1431678320,776531651,2048641572
dimwishlist:item=214545213&perks=1392496348,1431678320,776531651,3081867624
dimwishlist:item=214545213&perks=1392496348,1431678320,1134488199,2048641572
dimwishlist:item=214545213&perks=1392496348,1431678320,1134488199,3081867624
dimwishlist:item=214545213&perks=1392496348,106909392,776531651,2048641572
dimwishlist:item=214545213&perks=1392496348,106909392,776531651,3081867624
dimwishlist:item=214545213&perks=1392496348,106909392,1134488199,2048641572
dimwishlist:item=214545213&perks=1392496348,106909392,1134488199,3081867624
dimwishlist:item=214545213&perks=1392496348,3230963543,776531651,2048641572
dimwishlist:item=214545213&perks=1392496348,3230963543,776531651,3081867624
dimwishlist:item=214545213&perks=1392496348,3230963543,1134488199,2048641572
dimwishlist:item=214545213&perks=1392496348,3230963543,1134488199,3081867624
dimwishlist:item=214545213&perks=1392496348,679225683,776531651,2048641572
dimwishlist:item=214545213&perks=1392496348,679225683,776531651,3081867624
dimwishlist:item=214545213&perks=1392496348,679225683,1134488199,2048641572
dimwishlist:item=214545213&perks=1392496348,679225683,1134488199,3081867624
dimwishlist:item=214545213&perks=1482024992,1431678320,776531651,2048641572
dimwishlist:item=214545213&perks=1482024992,1431678320,776531651,3081867624
dimwishlist:item=214545213&perks=1482024992,1431678320,1134488199,2048641572
dimwishlist:item=214545213&perks=1482024992,1431678320,1134488199,3081867624
dimwishlist:item=214545213&perks=1482024992,106909392,776531651,2048641572
dimwishlist:item=214545213&perks=1482024992,106909392,776531651,3081867624
dimwishlist:item=214545213&perks=1482024992,106909392,1134488199,2048641572
dimwishlist:item=214545213&perks=1482024992,106909392,1134488199,3081867624
dimwishlist:item=214545213&perks=1482024992,3230963543,776531651,2048641572
dimwishlist:item=214545213&perks=1482024992,3230963543,776531651,3081867624
dimwishlist:item=214545213&perks=1482024992,3230963543,1134488199,2048641572
dimwishlist:item=214545213&perks=1482024992,3230963543,1134488199,3081867624
dimwishlist:item=214545213&perks=1482024992,679225683,776531651,2048641572
dimwishlist:item=214545213&perks=1482024992,679225683,776531651,3081867624
dimwishlist:item=214545213&perks=1482024992,679225683,1134488199,2048641572
dimwishlist:item=214545213&perks=1482024992,679225683,1134488199,3081867624


// Kindled Orchid (god-pve)
//notes: tags:god-pve
dimwishlist:item=334964261&perks=839105230,106909392,1015611457,2048641572
dimwishlist:item=334964261&perks=839105230,106909392,1015611457,3425386926
dimwishlist:item=334964261&perks=839105230,106909392,1015611457,1464081238
dimwishlist:item=334964261&perks=839105230,106909392,1015611457,699525795
dimwishlist:item=334964261&perks=839105230,106909392,1015611457,3081867624
dimwishlist:item=334964261&perks=839105230,106909392,1015611457,2720533289
dimwishlist:item=334964261&perks=839105230,106909392,776531651,2048641572
dimwishlist:item=334964261&perks=839105230,106909392,776531651,3425386926
dimwishlist:item=334964261&perks=839105230,106909392,776531651,1464081238
dimwishlist:item=334964261&perks=839105230,106909392,776531651,699525795
dimwishlist:item=334964261&perks=839105230,106909392,776531651,3081867624
dimwishlist:item=334964261&perks=839105230,106909392,776531651,2720533289
dimwishlist:item=334964261&perks=839105230,106909392,3700496672,2048641572
dimwishlist:item=334964261&perks=839105230,106909392,3700496672,3425386926
dimwishlist:item=334964261&perks=839105230,106909392,3700496672,1464081238
dimwishlist:item=334964261&perks=839105230,106909392,3700496672,699525795
dimwishlist:item=334964261&perks=839105230,106909392,3700496672,3081867624
dimwishlist:item=334964261&perks=839105230,106909392,3700496672,2720533289
dimwishlist:item=334964261&perks=839105230,1431678320,1015611457,2048641572
dimwishlist:item=334964261&perks=839105230,1431678320,1015611457,3425386926
dimwishlist:item=334964261&perks=839105230,1431678320,1015611457,1464081238
dimwishlist:item=334964261&perks=839105230,1431678320,1015611457,699525795
dimwishlist:item=334964261&perks=839105230,1431678320,1015611457,3081867624
dimwishlist:item=334964261&perks=839105230,1431678320,1015611457,2720533289
dimwishlist:item=334964261&perks=839105230,1431678320,776531651,2048641572
dimwishlist:item=334964261&perks=839105230,1431678320,776531651,3425386926
dimwishlist:item=334964261&perks=839105230,1431678320,776531651,1464081238
dimwishlist:item=334964261&perks=839105230,1431678320,776531651,699525795
dimwishlist:item=334964261&perks=839105230,1431678320,776531651,3081867624
dimwishlist:item=334964261&perks=839105230,1431678320,776531651,2720533289
dimwishlist:item=334964261&perks=839105230,1431678320,3700496672,2048641572
dimwishlist:item=334964261&perks=839105230,1431678320,3700496672,3425386926
dimwishlist:item=334964261&perks=839105230,1431678320,3700496672,1464081238
dimwishlist:item=334964261&perks=839105230,1431678320,3700496672,699525795
dimwishlist:item=334964261&perks=839105230,1431678320,3700496672,3081867624
dimwishlist:item=334964261&perks=839105230,1431678320,3700496672,2720533289
dimwishlist:item=334964261&perks=839105230,3230963543,1015611457,2048641572
dimwishlist:item=334964261&perks=839105230,3230963543,1015611457,3425386926
dimwishlist:item=334964261&perks=839105230,3230963543,1015611457,1464081238
dimwishlist:item=334964261&perks=839105230,3230963543,1015611457,699525795
dimwishlist:item=334964261&perks=839105230,3230963543,1015611457,3081867624
dimwishlist:item=334964261&perks=839105230,3230963543,1015611457,2720533289
dimwishlist:item=334964261&perks=839105230,3230963543,776531651,2048641572
dimwishlist:item=334964261&perks=839105230,3230963543,776531651,3425386926
dimwishlist:item=334964261&perks=839105230,3230963543,776531651,1464081238
dimwishlist:item=334964261&perks=839105230,3230963543,776531651,699525795
dimwishlist:item=334964261&perks=839105230,3230963543,776531651,3081867624
dimwishlist:item=334964261&perks=839105230,3230963543,776531651,2720533289
dimwishlist:item=334964261&perks=839105230,3230963543,3700496672,2048641572
dimwishlist:item=334964261&perks=839105230,3230963543,3700496672,3425386926
dimwishlist:item=334964261&perks=839105230,3230963543,3700496672,1464081238
dimwishlist:item=334964261&perks=839105230,3230963543,3700496672,699525795
dimwishlist:item=334964261&perks=839105230,3230963543,3700496672,3081867624
dimwishlist:item=334964261&perks=839105230,3230963543,3700496672,2720533289
dimwishlist:item=334964261&perks=839105230,679225683,1015611457,2048641572
dimwishlist:item=334964261&perks=839105230,679225683,1015611457,3425386926
dimwishlist:item=334964261&perks=839105230,679225683,1015611457,1464081238
dimwishlist:item=334964261&perks=839105230,679225683,1015611457,699525795
dimwishlist:item=334964261&perks=839105230,679225683,1015611457,3081867624
dimwishlist:item=334964261&perks=839105230,679225683,1015611457,2720533289
dimwishlist:item=334964261&perks=839105230,679225683,776531651,2048641572
dimwishlist:item=334964261&perks=839105230,679225683,776531651,3425386926
dimwishlist:item=334964261&perks=839105230,679225683,776531651,1464081238
dimwishlist:item=334964261&perks=839105230,679225683,776531651,699525795
dimwishlist:item=334964261&perks=839105230,679225683,776531651,3081867624
dimwishlist:item=334964261&perks=839105230,679225683,776531651,2720533289
dimwishlist:item=334964261&perks=839105230,679225683,3700496672,2048641572
dimwishlist:item=334964261&perks=839105230,679225683,3700496672,3425386926
dimwishlist:item=334964261&perks=839105230,679225683,3700496672,1464081238
dimwishlist:item=334964261&perks=839105230,679225683,3700496672,699525795
dimwishlist:item=334964261&perks=839105230,679225683,3700496672,3081867624
dimwishlist:item=334964261&perks=839105230,679225683,3700496672,2720533289
dimwishlist:item=334964261&perks=4090651448,106909392,1015611457,2048641572
dimwishlist:item=334964261&perks=4090651448,106909392,1015611457,3425386926
dimwishlist:item=334964261&perks=4090651448,106909392,1015611457,1464081238
dimwishlist:item=334964261&perks=4090651448,106909392,1015611457,699525795
dimwishlist:item=334964261&perks=4090651448,106909392,1015611457,3081867624
dimwishlist:item=334964261&perks=4090651448,106909392,1015611457,2720533289
dimwishlist:item=334964261&perks=4090651448,106909392,776531651,2048641572
dimwishlist:item=334964261&perks=4090651448,106909392,776531651,3425386926
dimwishlist:item=334964261&perks=4090651448,106909392,776531651,1464081238
dimwishlist:item=334964261&perks=4090651448,106909392,776531651,699525795
dimwishlist:item=334964261&perks=4090651448,106909392,776531651,3081867624
dimwishlist:item=334964261&perks=4090651448,106909392,776531651,2720533289
dimwishlist:item=334964261&perks=4090651448,106909392,3700496672,2048641572
dimwishlist:item=334964261&perks=4090651448,106909392,3700496672,3425386926
dimwishlist:item=334964261&perks=4090651448,106909392,3700496672,1464081238
dimwishlist:item=334964261&perks=4090651448,106909392,3700496672,699525795
dimwishlist:item=334964261&perks=4090651448,106909392,3700496672,3081867624
dimwishlist:item=334964261&perks=4090651448,106909392,3700496672,2720533289
dimwishlist:item=334964261&perks=4090651448,1431678320,1015611457,2048641572
dimwishlist:item=334964261&perks=4090651448,1431678320,1015611457,3425386926
dimwishlist:item=334964261&perks=4090651448,1431678320,1015611457,1464081238
dimwishlist:item=334964261&perks=4090651448,1431678320,1015611457,699525795
dimwishlist:item=334964261&perks=4090651448,1431678320,1015611457,3081867624
dimwishlist:item=334964261&perks=4090651448,1431678320,1015611457,2720533289
dimwishlist:item=334964261&perks=4090651448,1431678320,776531651,2048641572
dimwishlist:item=334964261&perks=4090651448,1431678320,776531651,3425386926
dimwishlist:item=334964261&perks=4090651448,1431678320,776531651,1464081238
dimwishlist:item=334964261&perks=4090651448,1431678320,776531651,699525795
dimwishlist:item=334964261&perks=4090651448,1431678320,776531651,3081867624
dimwishlist:item=334964261&perks=4090651448,1431678320,776531651,2720533289
dimwishlist:item=334964261&perks=4090651448,1431678320,3700496672,2048641572
dimwishlist:item=334964261&perks=4090651448,1431678320,3700496672,3425386926
dimwishlist:item=334964261&perks=4090651448,1431678320,3700496672,1464081238
dimwishlist:item=334964261&perks=4090651448,1431678320,3700496672,699525795
dimwishlist:item=334964261&perks=4090651448,1431678320,3700496672,3081867624
dimwishlist:item=334964261&perks=4090651448,1431678320,3700496672,2720533289
dimwishlist:item=334964261&perks=4090651448,3230963543,1015611457,2048641572
dimwishlist:item=334964261&perks=4090651448,3230963543,1015611457,3425386926
dimwishlist:item=334964261&perks=4090651448,3230963543,1015611457,1464081238
dimwishlist:item=334964261&perks=4090651448,3230963543,1015611457,699525795
dimwishlist:item=334964261&perks=4090651448,3230963543,1015611457,3081867624
dimwishlist:item=334964261&perks=4090651448,3230963543,1015611457,2720533289
dimwishlist:item=334964261&perks=4090651448,3230963543,776531651,2048641572
dimwishlist:item=334964261&perks=4090651448,3230963543,776531651,3425386926
dimwishlist:item=334964261&perks=4090651448,3230963543,776531651,1464081238
dimwishlist:item=334964261&perks=4090651448,3230963543,776531651,699525795
dimwishlist:item=334964261&perks=4090651448,3230963543,776531651,3081867624
dimwishlist:item=334964261&perks=4090651448,3230963543,776531651,2720533289
dimwishlist:item=334964261&perks=4090651448,3230963543,3700496672,2048641572
dimwishlist:item=334964261&perks=4090651448,3230963543,3700496672,3425386926
dimwishlist:item=334964261&perks=4090651448,3230963543,3700496672,1464081238
dimwishlist:item=334964261&perks=4090651448,3230963543,3700496672,699525795
dimwishlist:item=334964261&perks=4090651448,3230963543,3700496672,3081867624
dimwishlist:item=334964261&perks=4090651448,3230963543,3700496672,2720533289
dimwishlist:item=334964261&perks=4090651448,679225683,1015611457,2048641572
dimwishlist:item=334964261&perks=4090651448,679225683,1015611457,3425386926
dimwishlist:item=334964261&perks=4090651448,679225683,1015611457,1464081238
dimwishlist:item=334964261&perks=4090651448,679225683,1015611457,699525795
dimwishlist:item=334964261&perks=4090651448,679225683,1015611457,3081867624
dimwishlist:item=334964261&perks=4090651448,679225683,1015611457,2720533289
dimwishlist:item=334964261&perks=4090651448,679225683,776531651,2048641572
dimwishlist:item=334964261&perks=4090651448,679225683,776531651,3425386926
dimwishlist:item=334964261&perks=4090651448,679225683,776531651,1464081238
dimwishlist:item=334964261&perks=4090651448,679225683,776531651,699525795
dimwishlist:item=334964261&perks=4090651448,679225683,776531651,3081867624
dimwishlist:item=334964261&perks=4090651448,679225683,776531651,2720533289
dimwishlist:item=334964261&perks=4090651448,679225683,3700496672,2048641572
dimwishlist:item=334964261&perks=4090651448,679225683,3700496672,3425386926
dimwishlist:item=334964261&perks=4090651448,679225683,3700496672,1464081238
dimwishlist:item=334964261&perks=4090651448,679225683,3700496672,699525795
dimwishlist:item=334964261&perks=4090651448,679225683,3700496672,3081867624
dimwishlist:item=334964261&perks=4090651448,679225683,3700496672,2720533289
dimwishlist:item=334964261&perks=1840239774,106909392,1015611457,2048641572
dimwishlist:item=334964261&perks=1840239774,106909392,1015611457,3425386926
dimwishlist:item=334964261&perks=1840239774,106909392,1015611457,1464081238
dimwishlist:item=334964261&perks=1840239774,106909392,1015611457,699525795
dimwishlist:item=334964261&perks=1840239774,106909392,1015611457,3081867624
dimwishlist:item=334964261&perks=1840239774,106909392,1015611457,2720533289
dimwishlist:item=334964261&perks=1840239774,106909392,776531651,2048641572
dimwishlist:item=334964261&perks=1840239774,106909392,776531651,3425386926
dimwishlist:item=334964261&perks=1840239774,106909392,776531651,1464081238
dimwishlist:item=334964261&perks=1840239774,106909392,776531651,699525795
dimwishlist:item=334964261&perks=1840239774,106909392,776531651,3081867624
dimwishlist:item=334964261&perks=1840239774,106909392,776531651,2720533289
dimwishlist:item=334964261&perks=1840239774,106909392,3700496672,2048641572
dimwishlist:item=334964261&perks=1840239774,106909392,3700496672,3425386926
dimwishlist:item=334964261&perks=1840239774,106909392,3700496672,1464081238
dimwishlist:item=334964261&perks=1840239774,106909392,3700496672,699525795
dimwishlist:item=334964261&perks=1840239774,106909392,3700496672,3081867624
dimwishlist:item=334964261&perks=1840239774,106909392,3700496672,2720533289
dimwishlist:item=334964261&perks=1840239774,1431678320,1015611457,2048641572
dimwishlist:item=334964261&perks=1840239774,1431678320,1015611457,3425386926
dimwishlist:item=334964261&perks=1840239774,1431678320,1015611457,1464081238
dimwishlist:item=334964261&perks=1840239774,1431678320,1015611457,699525795
dimwishlist:item=334964261&perks=1840239774,1431678320,1015611457,3081867624
dimwishlist:item=334964261&perks=1840239774,1431678320,1015611457,2720533289
dimwishlist:item=334964261&perks=1840239774,1431678320,776531651,2048641572
dimwishlist:item=334964261&perks=1840239774,1431678320,776531651,3425386926
dimwishlist:item=334964261&perks=1840239774,1431678320,776531651,1464081238
dimwishlist:item=334964261&perks=1840239774,1431678320,776531651,699525795
dimwishlist:item=334964261&perks=1840239774,1431678320,776531651,3081867624
dimwishlist:item=334964261&perks=1840239774,1431678320,776531651,2720533289
dimwishlist:item=334964261&perks=1840239774,1431678320,3700496672,2048641572
dimwishlist:item=334964261&perks=1840239774,1431678320,3700496672,3425386926
dimwishlist:item=334964261&perks=1840239774,1431678320,3700496672,1464081238
dimwishlist:item=334964261&perks=1840239774,1431678320,3700496672,699525795
dimwishlist:item=334964261&perks=1840239774,1431678320,3700496672,3081867624
dimwishlist:item=334964261&perks=1840239774,1431678320,3700496672,2720533289
dimwishlist:item=334964261&perks=1840239774,3230963543,1015611457,2048641572
dimwishlist:item=334964261&perks=1840239774,3230963543,1015611457,3425386926
dimwishlist:item=334964261&perks=1840239774,3230963543,1015611457,1464081238
dimwishlist:item=334964261&perks=1840239774,3230963543,1015611457,699525795
dimwishlist:item=334964261&perks=1840239774,3230963543,1015611457,3081867624
dimwishlist:item=334964261&perks=1840239774,3230963543,1015611457,2720533289
dimwishlist:item=334964261&perks=1840239774,3230963543,776531651,2048641572
dimwishlist:item=334964261&perks=1840239774,3230963543,776531651,3425386926
dimwishlist:item=334964261&perks=1840239774,3230963543,776531651,1464081238
dimwishlist:item=334964261&perks=1840239774,3230963543,776531651,699525795
dimwishlist:item=334964261&perks=1840239774,3230963543,776531651,3081867624
dimwishlist:item=334964261&perks=1840239774,3230963543,776531651,2720533289
dimwishlist:item=334964261&perks=1840239774,3230963543,3700496672,2048641572
dimwishlist:item=334964261&perks=1840239774,3230963543,3700496672,3425386926
dimwishlist:item=334964261&perks=1840239774,3230963543,3700496672,1464081238
dimwishlist:item=334964261&perks=1840239774,3230963543,3700496672,699525795
dimwishlist:item=334964261&perks=1840239774,3230963543,3700496672,3081867624
dimwishlist:item=334964261&perks=1840239774,3230963543,3700496672,2720533289
dimwishlist:item=334964261&perks=1840239774,679225683,1015611457,2048641572
dimwishlist:item=334964261&perks=1840239774,679225683,1015611457,3425386926
dimwishlist:item=334964261&perks=1840239774,679225683,1015611457,1464081238
dimwishlist:item=334964261&perks=1840239774,679225683,1015611457,699525795
dimwishlist:item=334964261&perks=1840239774,679225683,1015611457,3081867624
dimwishlist:item=334964261&perks=1840239774,679225683,1015611457,2720533289
dimwishlist:item=334964261&perks=1840239774,679225683,776531651,2048641572
dimwishlist:item=334964261&perks=1840239774,679225683,776531651,3425386926
dimwishlist:item=334964261&perks=1840239774,679225683,776531651,1464081238
dimwishlist:item=334964261&perks=1840239774,679225683,776531651,699525795
dimwishlist:item=334964261&perks=1840239774,679225683,776531651,3081867624
dimwishlist:item=334964261&perks=1840239774,679225683,776531651,2720533289
dimwishlist:item=334964261&perks=1840239774,679225683,3700496672,2048641572
dimwishlist:item=334964261&perks=1840239774,679225683,3700496672,3425386926
dimwishlist:item=334964261&perks=1840239774,679225683,3700496672,1464081238
dimwishlist:item=334964261&perks=1840239774,679225683,3700496672,699525795
dimwishlist:item=334964261&perks=1840239774,679225683,3700496672,3081867624
dimwishlist:item=334964261&perks=1840239774,679225683,3700496672,2720533289
dimwishlist:item=334964261&perks=3250034553,106909392,1015611457,2048641572
dimwishlist:item=334964261&perks=3250034553,106909392,1015611457,3425386926
dimwishlist:item=334964261&perks=3250034553,106909392,1015611457,1464081238
dimwishlist:item=334964261&perks=3250034553,106909392,1015611457,699525795
dimwishlist:item=334964261&perks=3250034553,106909392,1015611457,3081867624
dimwishlist:item=334964261&perks=3250034553,106909392,1015611457,2720533289
dimwishlist:item=334964261&perks=3250034553,106909392,776531651,2048641572
dimwishlist:item=334964261&perks=3250034553,106909392,776531651,3425386926
dimwishlist:item=334964261&perks=3250034553,106909392,776531651,1464081238
dimwishlist:item=334964261&perks=3250034553,106909392,776531651,699525795
dimwishlist:item=334964261&perks=3250034553,106909392,776531651,3081867624
dimwishlist:item=334964261&perks=3250034553,106909392,776531651,2720533289
dimwishlist:item=334964261&perks=3250034553,106909392,3700496672,2048641572
dimwishlist:item=334964261&perks=3250034553,106909392,3700496672,3425386926
dimwishlist:item=334964261&perks=3250034553,106909392,3700496672,1464081238
dimwishlist:item=334964261&perks=3250034553,106909392,3700496672,699525795
dimwishlist:item=334964261&perks=3250034553,106909392,3700496672,3081867624
dimwishlist:item=334964261&perks=3250034553,106909392,3700496672,2720533289
dimwishlist:item=334964261&perks=3250034553,1431678320,1015611457,2048641572
dimwishlist:item=334964261&perks=3250034553,1431678320,1015611457,3425386926
dimwishlist:item=334964261&perks=3250034553,1431678320,1015611457,1464081238
dimwishlist:item=334964261&perks=3250034553,1431678320,1015611457,699525795
dimwishlist:item=334964261&perks=3250034553,1431678320,1015611457,3081867624
dimwishlist:item=334964261&perks=3250034553,1431678320,1015611457,2720533289
dimwishlist:item=334964261&perks=3250034553,1431678320,776531651,2048641572
dimwishlist:item=334964261&perks=3250034553,1431678320,776531651,3425386926
dimwishlist:item=334964261&perks=3250034553,1431678320,776531651,1464081238
dimwishlist:item=334964261&perks=3250034553,1431678320,776531651,699525795
dimwishlist:item=334964261&perks=3250034553,1431678320,776531651,3081867624
dimwishlist:item=334964261&perks=3250034553,1431678320,776531651,2720533289
dimwishlist:item=334964261&perks=3250034553,1431678320,3700496672,2048641572
dimwishlist:item=334964261&perks=3250034553,1431678320,3700496672,3425386926
dimwishlist:item=334964261&perks=3250034553,1431678320,3700496672,1464081238
dimwishlist:item=334964261&perks=3250034553,1431678320,3700496672,699525795
dimwishlist:item=334964261&perks=3250034553,1431678320,3700496672,3081867624
dimwishlist:item=334964261&perks=3250034553,1431678320,3700496672,2720533289
dimwishlist:item=334964261&perks=3250034553,3230963543,1015611457,2048641572
dimwishlist:item=334964261&perks=3250034553,3230963543,1015611457,3425386926
dimwishlist:item=334964261&perks=3250034553,3230963543,1015611457,1464081238
dimwishlist:item=334964261&perks=3250034553,3230963543,1015611457,699525795
dimwishlist:item=334964261&perks=3250034553,3230963543,1015611457,3081867624
dimwishlist:item=334964261&perks=3250034553,3230963543,1015611457,2720533289
dimwishlist:item=334964261&perks=3250034553,3230963543,776531651,2048641572
dimwishlist:item=334964261&perks=3250034553,3230963543,776531651,3425386926
dimwishlist:item=334964261&perks=3250034553,3230963543,776531651,1464081238
dimwishlist:item=334964261&perks=3250034553,3230963543,776531651,699525795
dimwishlist:item=334964261&perks=3250034553,3230963543,776531651,3081867624
dimwishlist:item=334964261&perks=3250034553,3230963543,776531651,2720533289
dimwishlist:item=334964261&perks=3250034553,3230963543,3700496672,2048641572
dimwishlist:item=334964261&perks=3250034553,3230963543,3700496672,3425386926
dimwishlist:item=334964261&perks=3250034553,3230963543,3700496672,1464081238
dimwishlist:item=334964261&perks=3250034553,3230963543,3700496672,699525795
dimwishlist:item=334964261&perks=3250034553,3230963543,3700496672,3081867624
dimwishlist:item=334964261&perks=3250034553,3230963543,3700496672,2720533289
dimwishlist:item=334964261&perks=3250034553,679225683,1015611457,2048641572
dimwishlist:item=334964261&perks=3250034553,679225683,1015611457,3425386926
dimwishlist:item=334964261&perks=3250034553,679225683,1015611457,1464081238
dimwishlist:item=334964261&perks=3250034553,679225683,1015611457,699525795
dimwishlist:item=334964261&perks=3250034553,679225683,1015611457,3081867624
dimwishlist:item=334964261&perks=3250034553,679225683,1015611457,2720533289
dimwishlist:item=334964261&perks=3250034553,679225683,776531651,2048641572
dimwishlist:item=334964261&perks=3250034553,679225683,776531651,3425386926
dimwishlist:item=334964261&perks=3250034553,679225683,776531651,1464081238
dimwishlist:item=334964261&perks=3250034553,679225683,776531651,699525795
dimwishlist:item=334964261&perks=3250034553,679225683,776531651,3081867624
dimwishlist:item=334964261&perks=3250034553,679225683,776531651,2720533289
dimwishlist:item=334964261&perks=3250034553,679225683,3700496672,2048641572
dimwishlist:item=334964261&perks=3250034553,679225683,3700496672,3425386926
dimwishlist:item=334964261&perks=3250034553,679225683,3700496672,1464081238
dimwishlist:item=334964261&perks=3250034553,679225683,3700496672,699525795
dimwishlist:item=334964261&perks=3250034553,679225683,3700496672,3081867624
dimwishlist:item=334964261&perks=3250034553,679225683,3700496672,2720533289
dimwishlist:item=334964261&perks=1392496348,106909392,1015611457,2048641572
dimwishlist:item=334964261&perks=1392496348,106909392,1015611457,3425386926
dimwishlist:item=334964261&perks=1392496348,106909392,1015611457,1464081238
dimwishlist:item=334964261&perks=1392496348,106909392,1015611457,699525795
dimwishlist:item=334964261&perks=1392496348,106909392,1015611457,3081867624
dimwishlist:item=334964261&perks=1392496348,106909392,1015611457,2720533289
dimwishlist:item=334964261&perks=1392496348,106909392,776531651,2048641572
dimwishlist:item=334964261&perks=1392496348,106909392,776531651,3425386926
dimwishlist:item=334964261&perks=1392496348,106909392,776531651,1464081238
dimwishlist:item=334964261&perks=1392496348,106909392,776531651,699525795
dimwishlist:item=334964261&perks=1392496348,106909392,776531651,3081867624
dimwishlist:item=334964261&perks=1392496348,106909392,776531651,2720533289
dimwishlist:item=334964261&perks=1392496348,106909392,3700496672,2048641572
dimwishlist:item=334964261&perks=1392496348,106909392,3700496672,3425386926
dimwishlist:item=334964261&perks=1392496348,106909392,3700496672,1464081238
dimwishlist:item=334964261&perks=1392496348,106909392,3700496672,699525795
dimwishlist:item=334964261&perks=1392496348,106909392,3700496672,3081867624
dimwishlist:item=334964261&perks=1392496348,106909392,3700496672,2720533289
dimwishlist:item=334964261&perks=1392496348,1431678320,1015611457,2048641572
dimwishlist:item=334964261&perks=1392496348,1431678320,1015611457,3425386926
dimwishlist:item=334964261&perks=1392496348,1431678320,1015611457,1464081238
dimwishlist:item=334964261&perks=1392496348,1431678320,1015611457,699525795
dimwishlist:item=334964261&perks=1392496348,1431678320,1015611457,3081867624
dimwishlist:item=334964261&perks=1392496348,1431678320,1015611457,2720533289
dimwishlist:item=334964261&perks=1392496348,1431678320,776531651,2048641572
dimwishlist:item=334964261&perks=1392496348,1431678320,776531651,3425386926
dimwishlist:item=334964261&perks=1392496348,1431678320,776531651,1464081238
dimwishlist:item=334964261&perks=1392496348,1431678320,776531651,699525795
dimwishlist:item=334964261&perks=1392496348,1431678320,776531651,3081867624
dimwishlist:item=334964261&perks=1392496348,1431678320,776531651,2720533289
dimwishlist:item=334964261&perks=1392496348,1431678320,3700496672,2048641572
dimwishlist:item=334964261&perks=1392496348,1431678320,3700496672,3425386926
dimwishlist:item=334964261&perks=1392496348,1431678320,3700496672,1464081238
dimwishlist:item=334964261&perks=1392496348,1431678320,3700496672,699525795
dimwishlist:item=334964261&perks=1392496348,1431678320,3700496672,3081867624
dimwishlist:item=334964261&perks=1392496348,1431678320,3700496672,2720533289
dimwishlist:item=334964261&perks=1392496348,3230963543,1015611457,2048641572
dimwishlist:item=334964261&perks=1392496348,3230963543,1015611457,3425386926
dimwishlist:item=334964261&perks=1392496348,3230963543,1015611457,1464081238
dimwishlist:item=334964261&perks=1392496348,3230963543,1015611457,699525795
dimwishlist:item=334964261&perks=1392496348,3230963543,1015611457,3081867624
dimwishlist:item=334964261&perks=1392496348,3230963543,1015611457,2720533289
dimwishlist:item=334964261&perks=1392496348,3230963543,776531651,2048641572
dimwishlist:item=334964261&perks=1392496348,3230963543,776531651,3425386926
dimwishlist:item=334964261&perks=1392496348,3230963543,776531651,1464081238
dimwishlist:item=334964261&perks=1392496348,3230963543,776531651,699525795
dimwishlist:item=334964261&perks=1392496348,3230963543,776531651,3081867624
dimwishlist:item=334964261&perks=1392496348,3230963543,776531651,2720533289
dimwishlist:item=334964261&perks=1392496348,3230963543,3700496672,2048641572
dimwishlist:item=334964261&perks=1392496348,3230963543,3700496672,3425386926
dimwishlist:item=334964261&perks=1392496348,3230963543,3700496672,1464081238
dimwishlist:item=334964261&perks=1392496348,3230963543,3700496672,699525795
dimwishlist:item=334964261&perks=1392496348,3230963543,3700496672,3081867624
dimwishlist:item=334964261&perks=1392496348,3230963543,3700496672,2720533289
dimwishlist:item=334964261&perks=1392496348,679225683,1015611457,2048641572
dimwishlist:item=334964261&perks=1392496348,679225683,1015611457,3425386926
dimwishlist:item=334964261&perks=1392496348,679225683,1015611457,1464081238
dimwishlist:item=334964261&perks=1392496348,679225683,1015611457,699525795
dimwishlist:item=334964261&perks=1392496348,679225683,1015611457,3081867624
dimwishlist:item=334964261&perks=1392496348,679225683,1015611457,2720533289
dimwishlist:item=334964261&perks=1392496348,679225683,776531651,2048641572
dimwishlist:item=334964261&perks=1392496348,679225683,776531651,3425386926
dimwishlist:item=334964261&perks=1392496348,679225683,776531651,1464081238
dimwishlist:item=334964261&perks=1392496348,679225683,776531651,699525795
dimwishlist:item=334964261&perks=1392496348,679225683,776531651,3081867624
dimwishlist:item=334964261&perks=1392496348,679225683,776531651,2720533289
dimwishlist:item=334964261&perks=1392496348,679225683,3700496672,2048641572
dimwishlist:item=334964261&perks=1392496348,679225683,3700496672,3425386926
dimwishlist:item=334964261&perks=1392496348,679225683,3700496672,1464081238
dimwishlist:item=334964261&perks=1392496348,679225683,3700496672,699525795
dimwishlist:item=334964261&perks=1392496348,679225683,3700496672,3081867624
dimwishlist:item=334964261&perks=1392496348,679225683,3700496672,2720533289
dimwishlist:item=334964261&perks=1482024992,106909392,1015611457,2048641572
dimwishlist:item=334964261&perks=1482024992,106909392,1015611457,3425386926
dimwishlist:item=334964261&perks=1482024992,106909392,1015611457,1464081238
dimwishlist:item=334964261&perks=1482024992,106909392,1015611457,699525795
dimwishlist:item=334964261&perks=1482024992,106909392,1015611457,3081867624
dimwishlist:item=334964261&perks=1482024992,106909392,1015611457,2720533289
dimwishlist:item=334964261&perks=1482024992,106909392,776531651,2048641572
dimwishlist:item=334964261&perks=1482024992,106909392,776531651,3425386926
dimwishlist:item=334964261&perks=1482024992,106909392,776531651,1464081238
dimwishlist:item=334964261&perks=1482024992,106909392,776531651,699525795
dimwishlist:item=334964261&perks=1482024992,106909392,776531651,3081867624
dimwishlist:item=334964261&perks=1482024992,106909392,776531651,2720533289
dimwishlist:item=334964261&perks=1482024992,106909392,3700496672,2048641572
dimwishlist:item=334964261&perks=1482024992,106909392,3700496672,3425386926
dimwishlist:item=334964261&perks=1482024992,106909392,3700496672,1464081238
dimwishlist:item=334964261&perks=1482024992,106909392,3700496672,699525795
dimwishlist:item=334964261&perks=1482024992,106909392,3700496672,3081867624
dimwishlist:item=334964261&perks=1482024992,106909392,3700496672,2720533289
dimwishlist:item=334964261&perks=1482024992,1431678320,1015611457,2048641572
dimwishlist:item=334964261&perks=1482024992,1431678320,1015611457,3425386926
dimwishlist:item=334964261&perks=1482024992,1431678320,1015611457,1464081238
dimwishlist:item=334964261&perks=1482024992,1431678320,1015611457,699525795
dimwishlist:item=334964261&perks=1482024992,1431678320,1015611457,3081867624
dimwishlist:item=334964261&perks=1482024992,1431678320,1015611457,2720533289
dimwishlist:item=334964261&perks=1482024992,1431678320,776531651,2048641572
dimwishlist:item=334964261&perks=1482024992,1431678320,776531651,3425386926
dimwishlist:item=334964261&perks=1482024992,1431678320,776531651,1464081238
dimwishlist:item=334964261&perks=1482024992,1431678320,776531651,699525795
dimwishlist:item=334964261&perks=1482024992,1431678320,776531651,3081867624
dimwishlist:item=334964261&perks=1482024992,1431678320,776531651,2720533289
dimwishlist:item=334964261&perks=1482024992,1431678320,3700496672,2048641572
dimwishlist:item=334964261&perks=1482024992,1431678320,3700496672,3425386926
dimwishlist:item=334964261&perks=1482024992,1431678320,3700496672,1464081238
dimwishlist:item=334964261&perks=1482024992,1431678320,3700496672,699525795
dimwishlist:item=334964261&perks=1482024992,1431678320,3700496672,3081867624
dimwishlist:item=334964261&perks=1482024992,1431678320,3700496672,2720533289
dimwishlist:item=334964261&perks=1482024992,3230963543,1015611457,2048641572
dimwishlist:item=334964261&perks=1482024992,3230963543,1015611457,3425386926
dimwishlist:item=334964261&perks=1482024992,3230963543,1015611457,1464081238
dimwishlist:item=334964261&perks=1482024992,3230963543,1015611457,699525795
dimwishlist:item=334964261&perks=1482024992,3230963543,1015611457,3081867624
dimwishlist:item=334964261&perks=1482024992,3230963543,1015611457,2720533289
dimwishlist:item=334964261&perks=1482024992,3230963543,776531651,2048641572
dimwishlist:item=334964261&perks=1482024992,3230963543,776531651,3425386926
dimwishlist:item=334964261&perks=1482024992,3230963543,776531651,1464081238
dimwishlist:item=334964261&perks=1482024992,3230963543,776531651,699525795
dimwishlist:item=334964261&perks=1482024992,3230963543,776531651,3081867624
dimwishlist:item=334964261&perks=1482024992,3230963543,776531651,2720533289
dimwishlist:item=334964261&perks=1482024992,3230963543,3700496672,2048641572
dimwishlist:item=334964261&perks=1482024992,3230963543,3700496672,3425386926
dimwishlist:item=334964261&perks=1482024992,3230963543,3700496672,1464081238
dimwishlist:item=334964261&perks=1482024992,3230963543,3700496672,699525795
dimwishlist:item=334964261&perks=1482024992,3230963543,3700496672,3081867624
dimwishlist:item=334964261&perks=1482024992,3230963543,3700496672,2720533289
dimwishlist:item=334964261&perks=1482024992,679225683,1015611457,2048641572
dimwishlist:item=334964261&perks=1482024992,679225683,1015611457,3425386926
dimwishlist:item=334964261&perks=1482024992,679225683,1015611457,1464081238
dimwishlist:item=334964261&perks=1482024992,679225683,1015611457,699525795
dimwishlist:item=334964261&perks=1482024992,679225683,1015611457,3081867624
dimwishlist:item=334964261&perks=1482024992,679225683,1015611457,2720533289
dimwishlist:item=334964261&perks=1482024992,679225683,776531651,2048641572
dimwishlist:item=334964261&perks=1482024992,679225683,776531651,3425386926
dimwishlist:item=334964261&perks=1482024992,679225683,776531651,1464081238
dimwishlist:item=334964261&perks=1482024992,679225683,776531651,699525795
dimwishlist:item=334964261&perks=1482024992,679225683,776531651,3081867624
dimwishlist:item=334964261&perks=1482024992,679225683,776531651,2720533289
dimwishlist:item=334964261&perks=1482024992,679225683,3700496672,2048641572
dimwishlist:item=334964261&perks=1482024992,679225683,3700496672,3425386926
dimwishlist:item=334964261&perks=1482024992,679225683,3700496672,1464081238
dimwishlist:item=334964261&perks=1482024992,679225683,3700496672,699525795
dimwishlist:item=334964261&perks=1482024992,679225683,3700496672,3081867624
dimwishlist:item=334964261&perks=1482024992,679225683,3700496672,2720533289


// Alone as a god (god-pve)
//notes: tags:god-pve
dimwishlist:item=353884603&perks=839105230,3142289711,3418782618,1226351311
dimwishlist:item=353884603&perks=839105230,3142289711,3418782618,3764420437
dimwishlist:item=353884603&perks=839105230,3142289711,3418782618,2305480722
dimwishlist:item=353884603&perks=839105230,1087426260,3418782618,1226351311
dimwishlist:item=353884603&perks=839105230,1087426260,3418782618,3764420437
dimwishlist:item=353884603&perks=839105230,1087426260,3418782618,2305480722
dimwishlist:item=353884603&perks=839105230,106909392,3418782618,1226351311
dimwishlist:item=353884603&perks=839105230,106909392,3418782618,3764420437
dimwishlist:item=353884603&perks=839105230,106909392,3418782618,2305480722
dimwishlist:item=353884603&perks=839105230,3177308360,3418782618,1226351311
dimwishlist:item=353884603&perks=839105230,3177308360,3418782618,3764420437
dimwishlist:item=353884603&perks=839105230,3177308360,3418782618,2305480722
dimwishlist:item=353884603&perks=839105230,1431678320,3418782618,1226351311
dimwishlist:item=353884603&perks=839105230,1431678320,3418782618,3764420437
dimwishlist:item=353884603&perks=839105230,1431678320,3418782618,2305480722
dimwishlist:item=353884603&perks=839105230,3230963543,3418782618,1226351311
dimwishlist:item=353884603&perks=839105230,3230963543,3418782618,3764420437
dimwishlist:item=353884603&perks=839105230,3230963543,3418782618,2305480722
dimwishlist:item=353884603&perks=839105230,679225683,3418782618,1226351311
dimwishlist:item=353884603&perks=839105230,679225683,3418782618,3764420437
dimwishlist:item=353884603&perks=839105230,679225683,3418782618,2305480722
dimwishlist:item=353884603&perks=4090651448,3142289711,3418782618,1226351311
dimwishlist:item=353884603&perks=4090651448,3142289711,3418782618,3764420437
dimwishlist:item=353884603&perks=4090651448,3142289711,3418782618,2305480722
dimwishlist:item=353884603&perks=4090651448,1087426260,3418782618,1226351311
dimwishlist:item=353884603&perks=4090651448,1087426260,3418782618,3764420437
dimwishlist:item=353884603&perks=4090651448,1087426260,3418782618,2305480722
dimwishlist:item=353884603&perks=4090651448,106909392,3418782618,1226351311
dimwishlist:item=353884603&perks=4090651448,106909392,3418782618,3764420437
dimwishlist:item=353884603&perks=4090651448,106909392,3418782618,2305480722
dimwishlist:item=353884603&perks=4090651448,3177308360,3418782618,1226351311
dimwishlist:item=353884603&perks=4090651448,3177308360,3418782618,3764420437
dimwishlist:item=353884603&perks=4090651448,3177308360,3418782618,2305480722
dimwishlist:item=353884603&perks=4090651448,1431678320,3418782618,1226351311
dimwishlist:item=353884603&perks=4090651448,1431678320,3418782618,3764420437
dimwishlist:item=353884603&perks=4090651448,1431678320,3418782618,2305480722
dimwishlist:item=353884603&perks=4090651448,3230963543,3418782618,1226351311
dimwishlist:item=353884603&perks=4090651448,3230963543,3418782618,3764420437
dimwishlist:item=353884603&perks=4090651448,3230963543,3418782618,2305480722
dimwishlist:item=353884603&perks=4090651448,679225683,3418782618,1226351311
dimwishlist:item=353884603&perks=4090651448,679225683,3418782618,3764420437
dimwishlist:item=353884603&perks=4090651448,679225683,3418782618,2305480722
dimwishlist:item=353884603&perks=1840239774,3142289711,3418782618,1226351311
dimwishlist:item=353884603&perks=1840239774,3142289711,3418782618,3764420437
dimwishlist:item=353884603&perks=1840239774,3142289711,3418782618,2305480722
dimwishlist:item=353884603&perks=1840239774,1087426260,3418782618,1226351311
dimwishlist:item=353884603&perks=1840239774,1087426260,3418782618,3764420437
dimwishlist:item=353884603&perks=1840239774,1087426260,3418782618,2305480722
dimwishlist:item=353884603&perks=1840239774,106909392,3418782618,1226351311
dimwishlist:item=353884603&perks=1840239774,106909392,3418782618,3764420437
dimwishlist:item=353884603&perks=1840239774,106909392,3418782618,2305480722
dimwishlist:item=353884603&perks=1840239774,3177308360,3418782618,1226351311
dimwishlist:item=353884603&perks=1840239774,3177308360,3418782618,3764420437
dimwishlist:item=353884603&perks=1840239774,3177308360,3418782618,2305480722
dimwishlist:item=353884603&perks=1840239774,1431678320,3418782618,1226351311
dimwishlist:item=353884603&perks=1840239774,1431678320,3418782618,3764420437
dimwishlist:item=353884603&perks=1840239774,1431678320,3418782618,2305480722
dimwishlist:item=353884603&perks=1840239774,3230963543,3418782618,1226351311
dimwishlist:item=353884603&perks=1840239774,3230963543,3418782618,3764420437
dimwishlist:item=353884603&perks=1840239774,3230963543,3418782618,2305480722
dimwishlist:item=353884603&perks=1840239774,679225683,3418782618,1226351311
dimwishlist:item=353884603&perks=1840239774,679225683,3418782618,3764420437
dimwishlist:item=353884603&perks=1840239774,679225683,3418782618,2305480722
dimwishlist:item=353884603&perks=3250034553,3142289711,3418782618,1226351311
dimwishlist:item=353884603&perks=3250034553,3142289711,3418782618,3764420437
dimwishlist:item=353884603&perks=3250034553,3142289711,3418782618,2305480722
dimwishlist:item=353884603&perks=3250034553,1087426260,3418782618,1226351311
dimwishlist:item=353884603&perks=3250034553,1087426260,3418782618,3764420437
dimwishlist:item=353884603&perks=3250034553,1087426260,3418782618,2305480722
dimwishlist:item=353884603&perks=3250034553,106909392,3418782618,1226351311
dimwishlist:item=353884603&perks=3250034553,106909392,3418782618,3764420437
dimwishlist:item=353884603&perks=3250034553,106909392,3418782618,2305480722
dimwishlist:item=353884603&perks=3250034553,3177308360,3418782618,1226351311
dimwishlist:item=353884603&perks=3250034553,3177308360,3418782618,3764420437
dimwishlist:item=353884603&perks=3250034553,3177308360,3418782618,2305480722
dimwishlist:item=353884603&perks=3250034553,1431678320,3418782618,1226351311
dimwishlist:item=353884603&perks=3250034553,1431678320,3418782618,3764420437
dimwishlist:item=353884603&perks=3250034553,1431678320,3418782618,2305480722
dimwishlist:item=353884603&perks=3250034553,3230963543,3418782618,1226351311
dimwishlist:item=353884603&perks=3250034553,3230963543,3418782618,3764420437
dimwishlist:item=353884603&perks=3250034553,3230963543,3418782618,2305480722
dimwishlist:item=353884603&perks=3250034553,679225683,3418782618,1226351311
dimwishlist:item=353884603&perks=3250034553,679225683,3418782618,3764420437
dimwishlist:item=353884603&perks=3250034553,679225683,3418782618,2305480722
dimwishlist:item=353884603&perks=1392496348,3142289711,3418782618,1226351311
dimwishlist:item=353884603&perks=1392496348,3142289711,3418782618,3764420437
dimwishlist:item=353884603&perks=1392496348,3142289711,3418782618,2305480722
dimwishlist:item=353884603&perks=1392496348,1087426260,3418782618,1226351311
dimwishlist:item=353884603&perks=1392496348,1087426260,3418782618,3764420437
dimwishlist:item=353884603&perks=1392496348,1087426260,3418782618,2305480722
dimwishlist:item=353884603&perks=1392496348,106909392,3418782618,1226351311
dimwishlist:item=353884603&perks=1392496348,106909392,3418782618,3764420437
dimwishlist:item=353884603&perks=1392496348,106909392,3418782618,2305480722
dimwishlist:item=353884603&perks=1392496348,3177308360,3418782618,1226351311
dimwishlist:item=353884603&perks=1392496348,3177308360,3418782618,3764420437
dimwishlist:item=353884603&perks=1392496348,3177308360,3418782618,2305480722
dimwishlist:item=353884603&perks=1392496348,1431678320,3418782618,1226351311
dimwishlist:item=353884603&perks=1392496348,1431678320,3418782618,3764420437
dimwishlist:item=353884603&perks=1392496348,1431678320,3418782618,2305480722
dimwishlist:item=353884603&perks=1392496348,3230963543,3418782618,1226351311
dimwishlist:item=353884603&perks=1392496348,3230963543,3418782618,3764420437
dimwishlist:item=353884603&perks=1392496348,3230963543,3418782618,2305480722
dimwishlist:item=353884603&perks=1392496348,679225683,3418782618,1226351311
dimwishlist:item=353884603&perks=1392496348,679225683,3418782618,3764420437
dimwishlist:item=353884603&perks=1392496348,679225683,3418782618,2305480722
dimwishlist:item=353884603&perks=1482024992,3142289711,3418782618,1226351311
dimwishlist:item=353884603&perks=1482024992,3142289711,3418782618,3764420437
dimwishlist:item=353884603&perks=1482024992,3142289711,3418782618,2305480722
dimwishlist:item=353884603&perks=1482024992,1087426260,3418782618,1226351311
dimwishlist:item=353884603&perks=1482024992,1087426260,3418782618,3764420437
dimwishlist:item=353884603&perks=1482024992,1087426260,3418782618,2305480722
dimwishlist:item=353884603&perks=1482024992,106909392,3418782618,1226351311
dimwishlist:item=353884603&perks=1482024992,106909392,3418782618,3764420437
dimwishlist:item=353884603&perks=1482024992,106909392,3418782618,2305480722
dimwishlist:item=353884603&perks=1482024992,3177308360,3418782618,1226351311
dimwishlist:item=353884603&perks=1482024992,3177308360,3418782618,3764420437
dimwishlist:item=353884603&perks=1482024992,3177308360,3418782618,2305480722
dimwishlist:item=353884603&perks=1482024992,1431678320,3418782618,1226351311
dimwishlist:item=353884603&perks=1482024992,1431678320,3418782618,3764420437
dimwishlist:item=353884603&perks=1482024992,1431678320,3418782618,2305480722
dimwishlist:item=353884603&perks=1482024992,3230963543,3418782618,1226351311
dimwishlist:item=353884603&perks=1482024992,3230963543,3418782618,3764420437
dimwishlist:item=353884603&perks=1482024992,3230963543,3418782618,2305480722
dimwishlist:item=353884603&perks=1482024992,679225683,3418782618,1226351311
dimwishlist:item=353884603&perks=1482024992,679225683,3418782618,3764420437
dimwishlist:item=353884603&perks=1482024992,679225683,3418782618,2305480722


// Eyasluna (god-pve)
//notes: tags:god-pve
dimwishlist:item=386864872&perks=839105230,1431678320,3824105627,124408337
dimwishlist:item=386864872&perks=839105230,1431678320,3824105627,3640170453
dimwishlist:item=386864872&perks=839105230,1431678320,3824105627,2922950962
dimwishlist:item=386864872&perks=839105230,1431678320,657025441,124408337
dimwishlist:item=386864872&perks=839105230,1431678320,657025441,3640170453
dimwishlist:item=386864872&perks=839105230,1431678320,657025441,2922950962
dimwishlist:item=386864872&perks=839105230,1087426260,3824105627,124408337
dimwishlist:item=386864872&perks=839105230,1087426260,3824105627,3640170453
dimwishlist:item=386864872&perks=839105230,1087426260,3824105627,2922950962
dimwishlist:item=386864872&perks=839105230,1087426260,657025441,124408337
dimwishlist:item=386864872&perks=839105230,1087426260,657025441,3640170453
dimwishlist:item=386864872&perks=839105230,1087426260,657025441,2922950962
dimwishlist:item=386864872&perks=839105230,3230963543,3824105627,124408337
dimwishlist:item=386864872&perks=839105230,3230963543,3824105627,3640170453
dimwishlist:item=386864872&perks=839105230,3230963543,3824105627,2922950962
dimwishlist:item=386864872&perks=839105230,3230963543,657025441,124408337
dimwishlist:item=386864872&perks=839105230,3230963543,657025441,3640170453
dimwishlist:item=386864872&perks=839105230,3230963543,657025441,2922950962
dimwishlist:item=386864872&perks=839105230,679225683,3824105627,124408337
dimwishlist:item=386864872&perks=839105230,679225683,3824105627,3640170453
dimwishlist:item=386864872&perks=839105230,679225683,3824105627,2922950962
dimwishlist:item=386864872&perks=839105230,679225683,657025441,124408337
dimwishlist:item=386864872&perks=839105230,679225683,657025441,3640170453
dimwishlist:item=386864872&perks=839105230,679225683,657025441,2922950962
dimwishlist:item=386864872&perks=839105230,106909392,3824105627,124408337
dimwishlist:item=386864872&perks=839105230,106909392,3824105627,3640170453
dimwishlist:item=386864872&perks=839105230,106909392,3824105627,2922950962
dimwishlist:item=386864872&perks=839105230,106909392,657025441,124408337
dimwishlist:item=386864872&perks=839105230,106909392,657025441,3640170453
dimwishlist:item=386864872&perks=839105230,106909392,657025441,2922950962
dimwishlist:item=386864872&perks=839105230,3142289711,3824105627,124408337
dimwishlist:item=386864872&perks=839105230,3142289711,3824105627,3640170453
dimwishlist:item=386864872&perks=839105230,3142289711,3824105627,2922950962
dimwishlist:item=386864872&perks=839105230,3142289711,657025441,124408337
dimwishlist:item=386864872&perks=839105230,3142289711,657025441,3640170453
dimwishlist:item=386864872&perks=839105230,3142289711,657025441,2922950962
dimwishlist:item=386864872&perks=839105230,1885400500,3824105627,124408337
dimwishlist:item=386864872&perks=839105230,1885400500,3824105627,3640170453
dimwishlist:item=386864872&perks=839105230,1885400500,3824105627,2922950962
dimwishlist:item=386864872&perks=839105230,1885400500,657025441,124408337
dimwishlist:item=386864872&perks=839105230,1885400500,657025441,3640170453
dimwishlist:item=386864872&perks=839105230,1885400500,657025441,2922950962
dimwishlist:item=386864872&perks=839105230,1561002382,3824105627,124408337
dimwishlist:item=386864872&perks=839105230,1561002382,3824105627,3640170453
dimwishlist:item=386864872&perks=839105230,1561002382,3824105627,2922950962
dimwishlist:item=386864872&perks=839105230,1561002382,657025441,124408337
dimwishlist:item=386864872&perks=839105230,1561002382,657025441,3640170453
dimwishlist:item=386864872&perks=839105230,1561002382,657025441,2922950962
dimwishlist:item=386864872&perks=839105230,1968497646,3824105627,124408337
dimwishlist:item=386864872&perks=839105230,1968497646,3824105627,3640170453
dimwishlist:item=386864872&perks=839105230,1968497646,3824105627,2922950962
dimwishlist:item=386864872&perks=839105230,1968497646,657025441,124408337
dimwishlist:item=386864872&perks=839105230,1968497646,657025441,3640170453
dimwishlist:item=386864872&perks=839105230,1968497646,657025441,2922950962
dimwishlist:item=386864872&perks=4090651448,1431678320,3824105627,124408337
dimwishlist:item=386864872&perks=4090651448,1431678320,3824105627,3640170453
dimwishlist:item=386864872&perks=4090651448,1431678320,3824105627,2922950962
dimwishlist:item=386864872&perks=4090651448,1431678320,657025441,124408337
dimwishlist:item=386864872&perks=4090651448,1431678320,657025441,3640170453
dimwishlist:item=386864872&perks=4090651448,1431678320,657025441,2922950962
dimwishlist:item=386864872&perks=4090651448,1087426260,3824105627,124408337
dimwishlist:item=386864872&perks=4090651448,1087426260,3824105627,3640170453
dimwishlist:item=386864872&perks=4090651448,1087426260,3824105627,2922950962
dimwishlist:item=386864872&perks=4090651448,1087426260,657025441,124408337
dimwishlist:item=386864872&perks=4090651448,1087426260,657025441,3640170453
dimwishlist:item=386864872&perks=4090651448,1087426260,657025441,2922950962
dimwishlist:item=386864872&perks=4090651448,3230963543,3824105627,124408337
dimwishlist:item=386864872&perks=4090651448,3230963543,3824105627,3640170453
dimwishlist:item=386864872&perks=4090651448,3230963543,3824105627,2922950962
dimwishlist:item=386864872&perks=4090651448,3230963543,657025441,124408337
dimwishlist:item=386864872&perks=4090651448,3230963543,657025441,3640170453
dimwishlist:item=386864872&perks=4090651448,3230963543,657025441,2922950962
dimwishlist:item=386864872&perks=4090651448,679225683,3824105627,124408337
dimwishlist:item=386864872&perks=4090651448,679225683,3824105627,3640170453
dimwishlist:item=386864872&perks=4090651448,679225683,3824105627,2922950962
dimwishlist:item=386864872&perks=4090651448,679225683,657025441,124408337
dimwishlist:item=386864872&perks=4090651448,679225683,657025441,3640170453
dimwishlist:item=386864872&perks=4090651448,679225683,657025441,2922950962
dimwishlist:item=386864872&perks=4090651448,106909392,3824105627,124408337
dimwishlist:item=386864872&perks=4090651448,106909392,3824105627,3640170453
dimwishlist:item=386864872&perks=4090651448,106909392,3824105627,2922950962
dimwishlist:item=386864872&perks=4090651448,106909392,657025441,124408337
dimwishlist:item=386864872&perks=4090651448,106909392,657025441,3640170453
dimwishlist:item=386864872&perks=4090651448,106909392,657025441,2922950962
dimwishlist:item=386864872&perks=4090651448,3142289711,3824105627,124408337
dimwishlist:item=386864872&perks=4090651448,3142289711,3824105627,3640170453
dimwishlist:item=386864872&perks=4090651448,3142289711,3824105627,2922950962
dimwishlist:item=386864872&perks=4090651448,3142289711,657025441,124408337
dimwishlist:item=386864872&perks=4090651448,3142289711,657025441,3640170453
dimwishlist:item=386864872&perks=4090651448,3142289711,657025441,2922950962
dimwishlist:item=386864872&perks=4090651448,1885400500,3824105627,124408337
dimwishlist:item=386864872&perks=4090651448,1885400500,3824105627,3640170453
dimwishlist:item=386864872&perks=4090651448,1885400500,3824105627,2922950962
dimwishlist:item=386864872&perks=4090651448,1885400500,657025441,124408337
dimwishlist:item=386864872&perks=4090651448,1885400500,657025441,3640170453
dimwishlist:item=386864872&perks=4090651448,1885400500,657025441,2922950962
dimwishlist:item=386864872&perks=4090651448,1561002382,3824105627,124408337
dimwishlist:item=386864872&perks=4090651448,1561002382,3824105627,3640170453
dimwishlist:item=386864872&perks=4090651448,1561002382,3824105627,2922950962
dimwishlist:item=386864872&perks=4090651448,1561002382,657025441,124408337
dimwishlist:item=386864872&perks=4090651448,1561002382,657025441,3640170453
dimwishlist:item=386864872&perks=4090651448,1561002382,657025441,2922950962
dimwishlist:item=386864872&perks=4090651448,1968497646,3824105627,124408337
dimwishlist:item=386864872&perks=4090651448,1968497646,3824105627,3640170453
dimwishlist:item=386864872&perks=4090651448,1968497646,3824105627,2922950962
dimwishlist:item=386864872&perks=4090651448,1968497646,657025441,124408337
dimwishlist:item=386864872&perks=4090651448,1968497646,657025441,3640170453
dimwishlist:item=386864872&perks=4090651448,1968497646,657025441,2922950962
dimwishlist:item=386864872&perks=1840239774,1431678320,3824105627,124408337
dimwishlist:item=386864872&perks=1840239774,1431678320,3824105627,3640170453
dimwishlist:item=386864872&perks=1840239774,1431678320,3824105627,2922950962
dimwishlist:item=386864872&perks=1840239774,1431678320,657025441,124408337
dimwishlist:item=386864872&perks=1840239774,1431678320,657025441,3640170453
dimwishlist:item=386864872&perks=1840239774,1431678320,657025441,2922950962
dimwishlist:item=386864872&perks=1840239774,1087426260,3824105627,124408337
dimwishlist:item=386864872&perks=1840239774,1087426260,3824105627,3640170453
dimwishlist:item=386864872&perks=1840239774,1087426260,3824105627,2922950962
dimwishlist:item=386864872&perks=1840239774,1087426260,657025441,124408337
dimwishlist:item=386864872&perks=1840239774,1087426260,657025441,3640170453
dimwishlist:item=386864872&perks=1840239774,1087426260,657025441,2922950962
dimwishlist:item=386864872&perks=1840239774,3230963543,3824105627,124408337
dimwishlist:item=386864872&perks=1840239774,3230963543,3824105627,3640170453
dimwishlist:item=386864872&perks=1840239774,3230963543,3824105627,2922950962
dimwishlist:item=386864872&perks=1840239774,3230963543,657025441,124408337
dimwishlist:item=386864872&perks=1840239774,3230963543,657025441,3640170453
dimwishlist:item=386864872&perks=1840239774,3230963543,657025441,2922950962
dimwishlist:item=386864872&perks=1840239774,679225683,3824105627,124408337
dimwishlist:item=386864872&perks=1840239774,679225683,3824105627,3640170453
dimwishlist:item=386864872&perks=1840239774,679225683,3824105627,2922950962
dimwishlist:item=386864872&perks=1840239774,679225683,657025441,124408337
dimwishlist:item=386864872&perks=1840239774,679225683,657025441,3640170453
dimwishlist:item=386864872&perks=1840239774,679225683,657025441,2922950962
dimwishlist:item=386864872&perks=1840239774,106909392,3824105627,124408337
dimwishlist:item=386864872&perks=1840239774,106909392,3824105627,3640170453
dimwishlist:item=386864872&perks=1840239774,106909392,3824105627,2922950962
dimwishlist:item=386864872&perks=1840239774,106909392,657025441,124408337
dimwishlist:item=386864872&perks=1840239774,106909392,657025441,3640170453
dimwishlist:item=386864872&perks=1840239774,106909392,657025441,2922950962
dimwishlist:item=386864872&perks=1840239774,3142289711,3824105627,124408337
dimwishlist:item=386864872&perks=1840239774,3142289711,3824105627,3640170453
dimwishlist:item=386864872&perks=1840239774,3142289711,3824105627,2922950962
dimwishlist:item=386864872&perks=1840239774,3142289711,657025441,124408337
dimwishlist:item=386864872&perks=1840239774,3142289711,657025441,3640170453
dimwishlist:item=386864872&perks=1840239774,3142289711,657025441,2922950962
dimwishlist:item=386864872&perks=1840239774,1885400500,3824105627,124408337
dimwishlist:item=386864872&perks=1840239774,1885400500,3824105627,3640170453
dimwishlist:item=386864872&perks=1840239774,1885400500,3824105627,2922950962
dimwishlist:item=386864872&perks=1840239774,1885400500,657025441,124408337
dimwishlist:item=386864872&perks=1840239774,1885400500,657025441,3640170453
dimwishlist:item=386864872&perks=1840239774,1885400500,657025441,2922950962
dimwishlist:item=386864872&perks=1840239774,1561002382,3824105627,124408337
dimwishlist:item=386864872&perks=1840239774,1561002382,3824105627,3640170453
dimwishlist:item=386864872&perks=1840239774,1561002382,3824105627,2922950962
dimwishlist:item=386864872&perks=1840239774,1561002382,657025441,124408337
dimwishlist:item=386864872&perks=1840239774,1561002382,657025441,3640170453
dimwishlist:item=386864872&perks=1840239774,1561002382,657025441,2922950962
dimwishlist:item=386864872&perks=1840239774,1968497646,3824105627,124408337
dimwishlist:item=386864872&perks=1840239774,1968497646,3824105627,3640170453
dimwishlist:item=386864872&perks=1840239774,1968497646,3824105627,2922950962
dimwishlist:item=386864872&perks=1840239774,1968497646,657025441,124408337
dimwishlist:item=386864872&perks=1840239774,1968497646,657025441,3640170453
dimwishlist:item=386864872&perks=1840239774,1968497646,657025441,2922950962
dimwishlist:item=386864872&perks=3250034553,1431678320,3824105627,124408337
dimwishlist:item=386864872&perks=3250034553,1431678320,3824105627,3640170453
dimwishlist:item=386864872&perks=3250034553,1431678320,3824105627,2922950962
dimwishlist:item=386864872&perks=3250034553,1431678320,657025441,124408337
dimwishlist:item=386864872&perks=3250034553,1431678320,657025441,3640170453
dimwishlist:item=386864872&perks=3250034553,1431678320,657025441,2922950962
dimwishlist:item=386864872&perks=3250034553,1087426260,3824105627,124408337
dimwishlist:item=386864872&perks=3250034553,1087426260,3824105627,3640170453
dimwishlist:item=386864872&perks=3250034553,1087426260,3824105627,2922950962
dimwishlist:item=386864872&perks=3250034553,1087426260,657025441,124408337
dimwishlist:item=386864872&perks=3250034553,1087426260,657025441,3640170453
dimwishlist:item=386864872&perks=3250034553,1087426260,657025441,2922950962
dimwishlist:item=386864872&perks=3250034553,3230963543,3824105627,124408337
dimwishlist:item=386864872&perks=3250034553,3230963543,3824105627,3640170453
dimwishlist:item=386864872&perks=3250034553,3230963543,3824105627,2922950962
dimwishlist:item=386864872&perks=3250034553,3230963543,657025441,124408337
dimwishlist:item=386864872&perks=3250034553,3230963543,657025441,3640170453
dimwishlist:item=386864872&perks=3250034553,3230963543,657025441,2922950962
dimwishlist:item=386864872&perks=3250034553,679225683,3824105627,124408337
dimwishlist:item=386864872&perks=3250034553,679225683,3824105627,3640170453
dimwishlist:item=386864872&perks=3250034553,679225683,3824105627,2922950962
dimwishlist:item=386864872&perks=3250034553,679225683,657025441,124408337
dimwishlist:item=386864872&perks=3250034553,679225683,657025441,3640170453
dimwishlist:item=386864872&perks=3250034553,679225683,657025441,2922950962
dimwishlist:item=386864872&perks=3250034553,106909392,3824105627,124408337
dimwishlist:item=386864872&perks=3250034553,106909392,3824105627,3640170453
dimwishlist:item=386864872&perks=3250034553,106909392,3824105627,2922950962
dimwishlist:item=386864872&perks=3250034553,106909392,657025441,124408337
dimwishlist:item=386864872&perks=3250034553,106909392,657025441,3640170453
dimwishlist:item=386864872&perks=3250034553,106909392,657025441,2922950962
dimwishlist:item=386864872&perks=3250034553,3142289711,3824105627,124408337
dimwishlist:item=386864872&perks=3250034553,3142289711,3824105627,3640170453
dimwishlist:item=386864872&perks=3250034553,3142289711,3824105627,2922950962
dimwishlist:item=386864872&perks=3250034553,3142289711,657025441,124408337
dimwishlist:item=386864872&perks=3250034553,3142289711,657025441,3640170453
dimwishlist:item=386864872&perks=3250034553,3142289711,657025441,2922950962
dimwishlist:item=386864872&perks=3250034553,1885400500,3824105627,124408337
dimwishlist:item=386864872&perks=3250034553,1885400500,3824105627,3640170453
dimwishlist:item=386864872&perks=3250034553,1885400500,3824105627,2922950962
dimwishlist:item=386864872&perks=3250034553,1885400500,657025441,124408337
dimwishlist:item=386864872&perks=3250034553,1885400500,657025441,3640170453
dimwishlist:item=386864872&perks=3250034553,1885400500,657025441,2922950962
dimwishlist:item=386864872&perks=3250034553,1561002382,3824105627,124408337
dimwishlist:item=386864872&perks=3250034553,1561002382,3824105627,3640170453
dimwishlist:item=386864872&perks=3250034553,1561002382,3824105627,2922950962
dimwishlist:item=386864872&perks=3250034553,1561002382,657025441,124408337
dimwishlist:item=386864872&perks=3250034553,1561002382,657025441,3640170453
dimwishlist:item=386864872&perks=3250034553,1561002382,657025441,2922950962
dimwishlist:item=386864872&perks=3250034553,1968497646,3824105627,124408337
dimwishlist:item=386864872&perks=3250034553,1968497646,3824105627,3640170453
dimwishlist:item=386864872&perks=3250034553,1968497646,3824105627,2922950962
dimwishlist:item=386864872&perks=3250034553,1968497646,657025441,124408337
dimwishlist:item=386864872&perks=3250034553,1968497646,657025441,3640170453
dimwishlist:item=386864872&perks=3250034553,1968497646,657025441,2922950962
dimwishlist:item=386864872&perks=1392496348,1431678320,3824105627,124408337
dimwishlist:item=386864872&perks=1392496348,1431678320,3824105627,3640170453
dimwishlist:item=386864872&perks=1392496348,1431678320,3824105627,2922950962
dimwishlist:item=386864872&perks=1392496348,1431678320,657025441,124408337
dimwishlist:item=386864872&perks=1392496348,1431678320,657025441,3640170453
dimwishlist:item=386864872&perks=1392496348,1431678320,657025441,2922950962
dimwishlist:item=386864872&perks=1392496348,1087426260,3824105627,124408337
dimwishlist:item=386864872&perks=1392496348,1087426260,3824105627,3640170453
dimwishlist:item=386864872&perks=1392496348,1087426260,3824105627,2922950962
dimwishlist:item=386864872&perks=1392496348,1087426260,657025441,124408337
dimwishlist:item=386864872&perks=1392496348,1087426260,657025441,3640170453
dimwishlist:item=386864872&perks=1392496348,1087426260,657025441,2922950962
dimwishlist:item=386864872&perks=1392496348,3230963543,3824105627,124408337
dimwishlist:item=386864872&perks=1392496348,3230963543,3824105627,3640170453
dimwishlist:item=386864872&perks=1392496348,3230963543,3824105627,2922950962
dimwishlist:item=386864872&perks=1392496348,3230963543,657025441,124408337
dimwishlist:item=386864872&perks=1392496348,3230963543,657025441,3640170453
dimwishlist:item=386864872&perks=1392496348,3230963543,657025441,2922950962
dimwishlist:item=386864872&perks=1392496348,679225683,3824105627,124408337
dimwishlist:item=386864872&perks=1392496348,679225683,3824105627,3640170453
dimwishlist:item=386864872&perks=1392496348,679225683,3824105627,2922950962
dimwishlist:item=386864872&perks=1392496348,679225683,657025441,124408337
dimwishlist:item=386864872&perks=1392496348,679225683,657025441,3640170453
dimwishlist:item=386864872&perks=1392496348,679225683,657025441,2922950962
dimwishlist:item=386864872&perks=1392496348,106909392,3824105627,124408337
dimwishlist:item=386864872&perks=1392496348,106909392,3824105627,3640170453
dimwishlist:item=386864872&perks=1392496348,106909392,3824105627,2922950962
dimwishlist:item=386864872&perks=1392496348,106909392,657025441,124408337
dimwishlist:item=386864872&perks=1392496348,106909392,657025441,3640170453
dimwishlist:item=386864872&perks=1392496348,106909392,657025441,2922950962
dimwishlist:item=386864872&perks=1392496348,3142289711,3824105627,124408337
dimwishlist:item=386864872&perks=1392496348,3142289711,3824105627,3640170453
dimwishlist:item=386864872&perks=1392496348,3142289711,3824105627,2922950962
dimwishlist:item=386864872&perks=1392496348,3142289711,657025441,124408337
dimwishlist:item=386864872&perks=1392496348,3142289711,657025441,3640170453
dimwishlist:item=386864872&perks=1392496348,3142289711,657025441,2922950962
dimwishlist:item=386864872&perks=1392496348,1885400500,3824105627,124408337
dimwishlist:item=386864872&perks=1392496348,1885400500,3824105627,3640170453
dimwishlist:item=386864872&perks=1392496348,1885400500,3824105627,2922950962
dimwishlist:item=386864872&perks=1392496348,1885400500,657025441,124408337
dimwishlist:item=386864872&perks=1392496348,1885400500,657025441,3640170453
dimwishlist:item=386864872&perks=1392496348,1885400500,657025441,2922950962
dimwishlist:item=386864872&perks=1392496348,1561002382,3824105627,124408337
dimwishlist:item=386864872&perks=1392496348,1561002382,3824105627,3640170453
dimwishlist:item=386864872&perks=1392496348,1561002382,3824105627,2922950962
dimwishlist:item=386864872&perks=1392496348,1561002382,657025441,124408337
dimwishlist:item=386864872&perks=1392496348,1561002382,657025441,3640170453
dimwishlist:item=386864872&perks=1392496348,1561002382,657025441,2922950962
dimwishlist:item=386864872&perks=1392496348,1968497646,3824105627,124408337
dimwishlist:item=386864872&perks=1392496348,1968497646,3824105627,3640170453
dimwishlist:item=386864872&perks=1392496348,1968497646,3824105627,2922950962
dimwishlist:item=386864872&perks=1392496348,1968497646,657025441,124408337
dimwishlist:item=386864872&perks=1392496348,1968497646,657025441,3640170453
dimwishlist:item=386864872&perks=1392496348,1968497646,657025441,2922950962
dimwishlist:item=386864872&perks=1482024992,1431678320,3824105627,124408337
dimwishlist:item=386864872&perks=1482024992,1431678320,3824105627,3640170453
dimwishlist:item=386864872&perks=1482024992,1431678320,3824105627,2922950962
dimwishlist:item=386864872&perks=1482024992,1431678320,657025441,124408337
dimwishlist:item=386864872&perks=1482024992,1431678320,657025441,3640170453
dimwishlist:item=386864872&perks=1482024992,1431678320,657025441,2922950962
dimwishlist:item=386864872&perks=1482024992,1087426260,3824105627,124408337
dimwishlist:item=386864872&perks=1482024992,1087426260,3824105627,3640170453
dimwishlist:item=386864872&perks=1482024992,1087426260,3824105627,2922950962
dimwishlist:item=386864872&perks=1482024992,1087426260,657025441,124408337
dimwishlist:item=386864872&perks=1482024992,1087426260,657025441,3640170453
dimwishlist:item=386864872&perks=1482024992,1087426260,657025441,2922950962
dimwishlist:item=386864872&perks=1482024992,3230963543,3824105627,124408337
dimwishlist:item=386864872&perks=1482024992,3230963543,3824105627,3640170453
dimwishlist:item=386864872&perks=1482024992,3230963543,3824105627,2922950962
dimwishlist:item=386864872&perks=1482024992,3230963543,657025441,124408337
dimwishlist:item=386864872&perks=1482024992,3230963543,657025441,3640170453
dimwishlist:item=386864872&perks=1482024992,3230963543,657025441,2922950962
dimwishlist:item=386864872&perks=1482024992,679225683,3824105627,124408337
dimwishlist:item=386864872&perks=1482024992,679225683,3824105627,3640170453
dimwishlist:item=386864872&perks=1482024992,679225683,3824105627,2922950962
dimwishlist:item=386864872&perks=1482024992,679225683,657025441,124408337
dimwishlist:item=386864872&perks=1482024992,679225683,657025441,3640170453
dimwishlist:item=386864872&perks=1482024992,679225683,657025441,2922950962
dimwishlist:item=386864872&perks=1482024992,106909392,3824105627,124408337
dimwishlist:item=386864872&perks=1482024992,106909392,3824105627,3640170453
dimwishlist:item=386864872&perks=1482024992,106909392,3824105627,2922950962
dimwishlist:item=386864872&perks=1482024992,106909392,657025441,124408337
dimwishlist:item=386864872&perks=1482024992,106909392,657025441,3640170453
dimwishlist:item=386864872&perks=1482024992,106909392,657025441,2922950962
dimwishlist:item=386864872&perks=1482024992,3142289711,3824105627,124408337
dimwishlist:item=386864872&perks=1482024992,3142289711,3824105627,3640170453
dimwishlist:item=386864872&perks=1482024992,3142289711,3824105627,2922950962
dimwishlist:item=386864872&perks=1482024992,3142289711,657025441,124408337
dimwishlist:item=386864872&perks=1482024992,3142289711,657025441,3640170453
dimwishlist:item=386864872&perks=1482024992,3142289711,657025441,2922950962
dimwishlist:item=386864872&perks=1482024992,1885400500,3824105627,124408337
dimwishlist:item=386864872&perks=1482024992,1885400500,3824105627,3640170453
dimwishlist:item=386864872&perks=1482024992,1885400500,3824105627,2922950962
dimwishlist:item=386864872&perks=1482024992,1885400500,657025441,124408337
dimwishlist:item=386864872&perks=1482024992,1885400500,657025441,3640170453
dimwishlist:item=386864872&perks=1482024992,1885400500,657025441,2922950962
dimwishlist:item=386864872&perks=1482024992,1561002382,3824105627,124408337
dimwishlist:item=386864872&perks=1482024992,1561002382,3824105627,3640170453
dimwishlist:item=386864872&perks=1482024992,1561002382,3824105627,2922950962
dimwishlist:item=386864872&perks=1482024992,1561002382,657025441,124408337
dimwishlist:item=386864872&perks=1482024992,1561002382,657025441,3640170453
dimwishlist:item=386864872&perks=1482024992,1561002382,657025441,2922950962
dimwishlist:item=386864872&perks=1482024992,1968497646,3824105627,124408337
dimwishlist:item=386864872&perks=1482024992,1968497646,3824105627,3640170453
dimwishlist:item=386864872&perks=1482024992,1968497646,3824105627,2922950962
dimwishlist:item=386864872&perks=1482024992,1968497646,657025441,124408337
dimwishlist:item=386864872&perks=1482024992,1968497646,657025441,3640170453
dimwishlist:item=386864872&perks=1482024992,1968497646,657025441,2922950962


// Age-Old Bond (god-pve)
//notes: tags:god-pve
dimwishlist:item=424291879&perks=839105230,1431678320,776531651,2048641572
dimwishlist:item=424291879&perks=839105230,1431678320,776531651,3324494224
dimwishlist:item=424291879&perks=839105230,1431678320,657025441,2048641572
dimwishlist:item=424291879&perks=839105230,1431678320,657025441,3324494224
dimwishlist:item=424291879&perks=839105230,3230963543,776531651,2048641572
dimwishlist:item=424291879&perks=839105230,3230963543,776531651,3324494224
dimwishlist:item=424291879&perks=839105230,3230963543,657025441,2048641572
dimwishlist:item=424291879&perks=839105230,3230963543,657025441,3324494224
dimwishlist:item=424291879&perks=839105230,106909392,776531651,2048641572
dimwishlist:item=424291879&perks=839105230,106909392,776531651,3324494224
dimwishlist:item=424291879&perks=839105230,106909392,657025441,2048641572
dimwishlist:item=424291879&perks=839105230,106909392,657025441,3324494224
dimwishlist:item=424291879&perks=839105230,679225683,776531651,2048641572
dimwishlist:item=424291879&perks=839105230,679225683,776531651,3324494224
dimwishlist:item=424291879&perks=839105230,679225683,657025441,2048641572
dimwishlist:item=424291879&perks=839105230,679225683,657025441,3324494224
dimwishlist:item=424291879&perks=1840239774,1431678320,776531651,2048641572
dimwishlist:item=424291879&perks=1840239774,1431678320,776531651,3324494224
dimwishlist:item=424291879&perks=1840239774,1431678320,657025441,2048641572
dimwishlist:item=424291879&perks=1840239774,1431678320,657025441,3324494224
dimwishlist:item=424291879&perks=1840239774,3230963543,776531651,2048641572
dimwishlist:item=424291879&perks=1840239774,3230963543,776531651,3324494224
dimwishlist:item=424291879&perks=1840239774,3230963543,657025441,2048641572
dimwishlist:item=424291879&perks=1840239774,3230963543,657025441,3324494224
dimwishlist:item=424291879&perks=1840239774,106909392,776531651,2048641572
dimwishlist:item=424291879&perks=1840239774,106909392,776531651,3324494224
dimwishlist:item=424291879&perks=1840239774,106909392,657025441,2048641572
dimwishlist:item=424291879&perks=1840239774,106909392,657025441,3324494224
dimwishlist:item=424291879&perks=1840239774,679225683,776531651,2048641572
dimwishlist:item=424291879&perks=1840239774,679225683,776531651,3324494224
dimwishlist:item=424291879&perks=1840239774,679225683,657025441,2048641572
dimwishlist:item=424291879&perks=1840239774,679225683,657025441,3324494224


// Pre Astyanax IV (god-pve)
//notes: tags:god-pve
dimwishlist:item=471764396&perks=3824105627,2890807135
dimwishlist:item=471764396&perks=4293542123,2890807135


// Adamantite (god-pve)
//notes: tags:god-pve
dimwishlist:item=621450049&perks=202670084,3142289711,692399809,960997401
dimwishlist:item=621450049&perks=202670084,3142289711,692399809,831391274
dimwishlist:item=621450049&perks=202670084,3142289711,3201496230,960997401
dimwishlist:item=621450049&perks=202670084,3142289711,3201496230,831391274


// Abyss Defiant (god-pve)
//notes: tags:god-pve
dimwishlist:item=833898322&perks=839105230,1561002382,2890807135,4293542123
dimwishlist:item=833898322&perks=839105230,1561002382,3017780555,4293542123
dimwishlist:item=833898322&perks=1840239774,1561002382,2890807135,4293542123
dimwishlist:item=833898322&perks=1840239774,1561002382,3017780555,4293542123


// The Riposte (god-pve)
//notes: tags:god-pve
dimwishlist:item=866434750&perks=839105230,1431678320,776531651,2048641572
dimwishlist:item=866434750&perks=839105230,1431678320,776531651,2109543898
dimwishlist:item=866434750&perks=839105230,1431678320,3182497402,2048641572
dimwishlist:item=866434750&perks=839105230,1431678320,3182497402,2109543898
dimwishlist:item=866434750&perks=839105230,1431678320,1464081238,2048641572
dimwishlist:item=866434750&perks=839105230,1431678320,1464081238,2109543898
dimwishlist:item=866434750&perks=839105230,1561002382,776531651,2048641572
dimwishlist:item=866434750&perks=839105230,1561002382,776531651,2109543898
dimwishlist:item=866434750&perks=839105230,1561002382,3182497402,2048641572
dimwishlist:item=866434750&perks=839105230,1561002382,3182497402,2109543898
dimwishlist:item=866434750&perks=839105230,1561002382,1464081238,2048641572
dimwishlist:item=866434750&perks=839105230,1561002382,1464081238,2109543898
dimwishlist:item=866434750&perks=839105230,3230963543,776531651,2048641572
dimwishlist:item=866434750&perks=839105230,3230963543,776531651,2109543898
dimwishlist:item=866434750&perks=839105230,3230963543,3182497402,2048641572
dimwishlist:item=866434750&perks=839105230,3230963543,3182497402,2109543898
dimwishlist:item=866434750&perks=839105230,3230963543,1464081238,2048641572
dimwishlist:item=866434750&perks=839105230,3230963543,1464081238,2109543898
dimwishlist:item=866434750&perks=839105230,679225683,776531651,2048641572
dimwishlist:item=866434750&perks=839105230,679225683,776531651,2109543898
dimwishlist:item=866434750&perks=839105230,679225683,3182497402,2048641572
dimwishlist:item=866434750&perks=839105230,679225683,3182497402,2109543898
dimwishlist:item=866434750&perks=839105230,679225683,1464081238,2048641572
dimwishlist:item=866434750&perks=839105230,679225683,1464081238,2109543898
dimwishlist:item=866434750&perks=839105230,106909392,776531651,2048641572
dimwishlist:item=866434750&perks=839105230,106909392,776531651,2109543898
dimwishlist:item=866434750&perks=839105230,106909392,3182497402,2048641572
dimwishlist:item=866434750&perks=839105230,106909392,3182497402,2109543898
dimwishlist:item=866434750&perks=839105230,106909392,1464081238,2048641572
dimwishlist:item=866434750&perks=839105230,106909392,1464081238,2109543898
dimwishlist:item=866434750&perks=1840239774,1431678320,776531651,2048641572
dimwishlist:item=866434750&perks=1840239774,1431678320,776531651,2109543898
dimwishlist:item=866434750&perks=1840239774,1431678320,3182497402,2048641572
dimwishlist:item=866434750&perks=1840239774,1431678320,3182497402,2109543898
dimwishlist:item=866434750&perks=1840239774,1431678320,1464081238,2048641572
dimwishlist:item=866434750&perks=1840239774,1431678320,1464081238,2109543898
dimwishlist:item=866434750&perks=1840239774,1561002382,776531651,2048641572
dimwishlist:item=866434750&perks=1840239774,1561002382,776531651,2109543898
dimwishlist:item=866434750&perks=1840239774,1561002382,3182497402,2048641572
dimwishlist:item=866434750&perks=1840239774,1561002382,3182497402,2109543898
dimwishlist:item=866434750&perks=1840239774,1561002382,1464081238,2048641572
dimwishlist:item=866434750&perks=1840239774,1561002382,1464081238,2109543898
dimwishlist:item=866434750&perks=1840239774,3230963543,776531651,2048641572
dimwishlist:item=866434750&perks=1840239774,3230963543,776531651,2109543898
dimwishlist:item=866434750&perks=1840239774,3230963543,3182497402,2048641572
dimwishlist:item=866434750&perks=1840239774,3230963543,3182497402,2109543898
dimwishlist:item=866434750&perks=1840239774,3230963543,1464081238,2048641572
dimwishlist:item=866434750&perks=1840239774,3230963543,1464081238,2109543898
dimwishlist:item=866434750&perks=1840239774,679225683,776531651,2048641572
dimwishlist:item=866434750&perks=1840239774,679225683,776531651,2109543898
dimwishlist:item=866434750&perks=1840239774,679225683,3182497402,2048641572
dimwishlist:item=866434750&perks=1840239774,679225683,3182497402,2109543898
dimwishlist:item=866434750&perks=1840239774,679225683,1464081238,2048641572
dimwishlist:item=866434750&perks=1840239774,679225683,1464081238,2109543898
dimwishlist:item=866434750&perks=1840239774,106909392,776531651,2048641572
dimwishlist:item=866434750&perks=1840239774,106909392,776531651,2109543898
dimwishlist:item=866434750&perks=1840239774,106909392,3182497402,2048641572
dimwishlist:item=866434750&perks=1840239774,106909392,3182497402,2109543898
dimwishlist:item=866434750&perks=1840239774,106909392,1464081238,2048641572
dimwishlist:item=866434750&perks=1840239774,106909392,1464081238,2109543898
dimwishlist:item=866434750&perks=4090651448,1431678320,776531651,2048641572
dimwishlist:item=866434750&perks=4090651448,1431678320,776531651,2109543898
dimwishlist:item=866434750&perks=4090651448,1431678320,3182497402,2048641572
dimwishlist:item=866434750&perks=4090651448,1431678320,3182497402,2109543898
dimwishlist:item=866434750&perks=4090651448,1431678320,1464081238,2048641572
dimwishlist:item=866434750&perks=4090651448,1431678320,1464081238,2109543898
dimwishlist:item=866434750&perks=4090651448,1561002382,776531651,2048641572
dimwishlist:item=866434750&perks=4090651448,1561002382,776531651,2109543898
dimwishlist:item=866434750&perks=4090651448,1561002382,3182497402,2048641572
dimwishlist:item=866434750&perks=4090651448,1561002382,3182497402,2109543898
dimwishlist:item=866434750&perks=4090651448,1561002382,1464081238,2048641572
dimwishlist:item=866434750&perks=4090651448,1561002382,1464081238,2109543898
dimwishlist:item=866434750&perks=4090651448,3230963543,776531651,2048641572
dimwishlist:item=866434750&perks=4090651448,3230963543,776531651,2109543898
dimwishlist:item=866434750&perks=4090651448,3230963543,3182497402,2048641572
dimwishlist:item=866434750&perks=4090651448,3230963543,3182497402,2109543898
dimwishlist:item=866434750&perks=4090651448,3230963543,1464081238,2048641572
dimwishlist:item=866434750&perks=4090651448,3230963543,1464081238,2109543898
dimwishlist:item=866434750&perks=4090651448,679225683,776531651,2048641572
dimwishlist:item=866434750&perks=4090651448,679225683,776531651,2109543898
dimwishlist:item=866434750&perks=4090651448,679225683,3182497402,2048641572
dimwishlist:item=866434750&perks=4090651448,679225683,3182497402,2109543898
dimwishlist:item=866434750&perks=4090651448,679225683,1464081238,2048641572
dimwishlist:item=866434750&perks=4090651448,679225683,1464081238,2109543898
dimwishlist:item=866434750&perks=4090651448,106909392,776531651,2048641572
dimwishlist:item=866434750&perks=4090651448,106909392,776531651,2109543898
dimwishlist:item=866434750&perks=4090651448,106909392,3182497402,2048641572
dimwishlist:item=866434750&perks=4090651448,106909392,3182497402,2109543898
dimwishlist:item=866434750&perks=4090651448,106909392,1464081238,2048641572
dimwishlist:item=866434750&perks=4090651448,106909392,1464081238,2109543898
dimwishlist:item=866434750&perks=1392496348,1431678320,776531651,2048641572
dimwishlist:item=866434750&perks=1392496348,1431678320,776531651,2109543898
dimwishlist:item=866434750&perks=1392496348,1431678320,3182497402,2048641572
dimwishlist:item=866434750&perks=1392496348,1431678320,3182497402,2109543898
dimwishlist:item=866434750&perks=1392496348,1431678320,1464081238,2048641572
dimwishlist:item=866434750&perks=1392496348,1431678320,1464081238,2109543898
dimwishlist:item=866434750&perks=1392496348,1561002382,776531651,2048641572
dimwishlist:item=866434750&perks=1392496348,1561002382,776531651,2109543898
dimwishlist:item=866434750&perks=1392496348,1561002382,3182497402,2048641572
dimwishlist:item=866434750&perks=1392496348,1561002382,3182497402,2109543898
dimwishlist:item=866434750&perks=1392496348,1561002382,1464081238,2048641572
dimwishlist:item=866434750&perks=1392496348,1561002382,1464081238,2109543898
dimwishlist:item=866434750&perks=1392496348,3230963543,776531651,2048641572
dimwishlist:item=866434750&perks=1392496348,3230963543,776531651,2109543898
dimwishlist:item=866434750&perks=1392496348,3230963543,3182497402,2048641572
dimwishlist:item=866434750&perks=1392496348,3230963543,3182497402,2109543898
dimwishlist:item=866434750&perks=1392496348,3230963543,1464081238,2048641572
dimwishlist:item=866434750&perks=1392496348,3230963543,1464081238,2109543898
dimwishlist:item=866434750&perks=1392496348,679225683,776531651,2048641572
dimwishlist:item=866434750&perks=1392496348,679225683,776531651,2109543898
dimwishlist:item=866434750&perks=1392496348,679225683,3182497402,2048641572
dimwishlist:item=866434750&perks=1392496348,679225683,3182497402,2109543898
dimwishlist:item=866434750&perks=1392496348,679225683,1464081238,2048641572
dimwishlist:item=866434750&perks=1392496348,679225683,1464081238,2109543898
dimwishlist:item=866434750&perks=1392496348,106909392,776531651,2048641572
dimwishlist:item=866434750&perks=1392496348,106909392,776531651,2109543898
dimwishlist:item=866434750&perks=1392496348,106909392,3182497402,2048641572
dimwishlist:item=866434750&perks=1392496348,106909392,3182497402,2109543898
dimwishlist:item=866434750&perks=1392496348,106909392,1464081238,2048641572
dimwishlist:item=866434750&perks=1392496348,106909392,1464081238,2109543898
dimwishlist:item=866434750&perks=1482024992,1431678320,776531651,2048641572
dimwishlist:item=866434750&perks=1482024992,1431678320,776531651,2109543898
dimwishlist:item=866434750&perks=1482024992,1431678320,3182497402,2048641572
dimwishlist:item=866434750&perks=1482024992,1431678320,3182497402,2109543898
dimwishlist:item=866434750&perks=1482024992,1431678320,1464081238,2048641572
dimwishlist:item=866434750&perks=1482024992,1431678320,1464081238,2109543898
dimwishlist:item=866434750&perks=1482024992,1561002382,776531651,2048641572
dimwishlist:item=866434750&perks=1482024992,1561002382,776531651,2109543898
dimwishlist:item=866434750&perks=1482024992,1561002382,3182497402,2048641572
dimwishlist:item=866434750&perks=1482024992,1561002382,3182497402,2109543898
dimwishlist:item=866434750&perks=1482024992,1561002382,1464081238,2048641572
dimwishlist:item=866434750&perks=1482024992,1561002382,1464081238,2109543898
dimwishlist:item=866434750&perks=1482024992,3230963543,776531651,2048641572
dimwishlist:item=866434750&perks=1482024992,3230963543,776531651,2109543898
dimwishlist:item=866434750&perks=1482024992,3230963543,3182497402,2048641572
dimwishlist:item=866434750&perks=1482024992,3230963543,3182497402,2109543898
dimwishlist:item=866434750&perks=1482024992,3230963543,1464081238,2048641572
dimwishlist:item=866434750&perks=1482024992,3230963543,1464081238,2109543898
dimwishlist:item=866434750&perks=1482024992,679225683,776531651,2048641572
dimwishlist:item=866434750&perks=1482024992,679225683,776531651,2109543898
dimwishlist:item=866434750&perks=1482024992,679225683,3182497402,2048641572
dimwishlist:item=866434750&perks=1482024992,679225683,3182497402,2109543898
dimwishlist:item=866434750&perks=1482024992,679225683,1464081238,2048641572
dimwishlist:item=866434750&perks=1482024992,679225683,1464081238,2109543898
dimwishlist:item=866434750&perks=1482024992,106909392,776531651,2048641572
dimwishlist:item=866434750&perks=1482024992,106909392,776531651,2109543898
dimwishlist:item=866434750&perks=1482024992,106909392,3182497402,2048641572
dimwishlist:item=866434750&perks=1482024992,106909392,3182497402,2109543898
dimwishlist:item=866434750&perks=1482024992,106909392,1464081238,2048641572
dimwishlist:item=866434750&perks=1482024992,106909392,1464081238,2109543898


// Threat Level (god-pve)
//notes: tags:god-pve
dimwishlist:item=950894542&perks=1482024992,1087426260,2679249093,2360754333
dimwishlist:item=950894542&perks=1482024992,1087426260,2679249093,1226351311
dimwishlist:item=950894542&perks=1482024992,1087426260,2679249093,3640170453
dimwishlist:item=950894542&perks=1482024992,1087426260,3751912585,2360754333
dimwishlist:item=950894542&perks=1482024992,1087426260,3751912585,1226351311
dimwishlist:item=950894542&perks=1482024992,1087426260,3751912585,3640170453
dimwishlist:item=950894542&perks=1482024992,1087426260,1556840489,2360754333
dimwishlist:item=950894542&perks=1482024992,1087426260,1556840489,1226351311
dimwishlist:item=950894542&perks=1482024992,1087426260,1556840489,3640170453
dimwishlist:item=950894542&perks=1482024992,106909392,2679249093,2360754333
dimwishlist:item=950894542&perks=1482024992,106909392,2679249093,1226351311
dimwishlist:item=950894542&perks=1482024992,106909392,2679249093,3640170453
dimwishlist:item=950894542&perks=1482024992,106909392,3751912585,2360754333
dimwishlist:item=950894542&perks=1482024992,106909392,3751912585,1226351311
dimwishlist:item=950894542&perks=1482024992,106909392,3751912585,3640170453
dimwishlist:item=950894542&perks=1482024992,106909392,1556840489,2360754333
dimwishlist:item=950894542&perks=1482024992,106909392,1556840489,1226351311
dimwishlist:item=950894542&perks=1482024992,106909392,1556840489,3640170453
dimwishlist:item=950894542&perks=1300023272,1087426260,2679249093,2360754333
dimwishlist:item=950894542&perks=1300023272,1087426260,2679249093,1226351311
dimwishlist:item=950894542&perks=1300023272,1087426260,2679249093,3640170453
dimwishlist:item=950894542&perks=1300023272,1087426260,3751912585,2360754333
dimwishlist:item=950894542&perks=1300023272,1087426260,3751912585,1226351311
dimwishlist:item=950894542&perks=1300023272,1087426260,3751912585,3640170453
dimwishlist:item=950894542&perks=1300023272,1087426260,1556840489,2360754333
dimwishlist:item=950894542&perks=1300023272,1087426260,1556840489,1226351311
dimwishlist:item=950894542&perks=1300023272,1087426260,1556840489,3640170453
dimwishlist:item=950894542&perks=1300023272,106909392,2679249093,2360754333
dimwishlist:item=950894542&perks=1300023272,106909392,2679249093,1226351311
dimwishlist:item=950894542&perks=1300023272,106909392,2679249093,3640170453
dimwishlist:item=950894542&perks=1300023272,106909392,3751912585,2360754333
dimwishlist:item=950894542&perks=1300023272,106909392,3751912585,1226351311
dimwishlist:item=950894542&perks=1300023272,106909392,3751912585,3640170453
dimwishlist:item=950894542&perks=1300023272,106909392,1556840489,2360754333
dimwishlist:item=950894542&perks=1300023272,106909392,1556840489,1226351311
dimwishlist:item=950894542&perks=1300023272,106909392,1556840489,3640170453
dimwishlist:item=950894542&perks=4090651448,1087426260,2679249093,2360754333
dimwishlist:item=950894542&perks=4090651448,1087426260,2679249093,1226351311
dimwishlist:item=950894542&perks=4090651448,1087426260,2679249093,3640170453
dimwishlist:item=950894542&perks=4090651448,1087426260,3751912585,2360754333
dimwishlist:item=950894542&perks=4090651448,1087426260,3751912585,1226351311
dimwishlist:item=950894542&perks=4090651448,1087426260,3751912585,3640170453
dimwishlist:item=950894542&perks=4090651448,1087426260,1556840489,2360754333
dimwishlist:item=950894542&perks=4090651448,1087426260,1556840489,1226351311
dimwishlist:item=950894542&perks=4090651448,1087426260,1556840489,3640170453
dimwishlist:item=950894542&perks=4090651448,106909392,2679249093,2360754333
dimwishlist:item=950894542&perks=4090651448,106909392,2679249093,1226351311
dimwishlist:item=950894542&perks=4090651448,106909392,2679249093,3640170453
dimwishlist:item=950894542&perks=4090651448,106909392,3751912585,2360754333
dimwishlist:item=950894542&perks=4090651448,106909392,3751912585,1226351311
dimwishlist:item=950894542&perks=4090651448,106909392,3751912585,3640170453
dimwishlist:item=950894542&perks=4090651448,106909392,1556840489,2360754333
dimwishlist:item=950894542&perks=4090651448,106909392,1556840489,1226351311
dimwishlist:item=950894542&perks=4090651448,106909392,1556840489,3640170453


// Vengeful Whisper (god-pve)
//notes: tags:god-pve
dimwishlist:item=1054567917&perks=923806249,831391274
dimwishlist:item=1054567917&perks=923806249,3414324643
dimwishlist:item=1054567917&perks=923806249,657025441
dimwishlist:item=1054567917&perks=960997401,831391274
dimwishlist:item=1054567917&perks=960997401,3414324643
dimwishlist:item=1054567917&perks=960997401,657025441
dimwishlist:item=1054567917&perks=3365897133,831391274
dimwishlist:item=1054567917&perks=3365897133,3414324643
dimwishlist:item=1054567917&perks=3365897133,657025441


// The Spiteful Fang (god-pve)
//notes: tags:god-pve
dimwishlist:item=1094998581&perks=1955165503,3824105627
dimwishlist:item=1094998581&perks=1955165503,2922950962
dimwishlist:item=1094998581&perks=124408337,3824105627
dimwishlist:item=1094998581&perks=124408337,2922950962


// DIABLERETS 06 (god-pve)
//notes: tags:god-pve
dimwishlist:item=1120206506&perks=839105230,1431678320,831391274,657025441
dimwishlist:item=1120206506&perks=839105230,1431678320,831391274,3201496230
dimwishlist:item=1120206506&perks=839105230,1431678320,831391274,557221067
dimwishlist:item=1120206506&perks=839105230,1431678320,1820235745,657025441
dimwishlist:item=1120206506&perks=839105230,1431678320,1820235745,3201496230
dimwishlist:item=1120206506&perks=839105230,1431678320,1820235745,557221067
dimwishlist:item=1120206506&perks=839105230,1431678320,3300816228,657025441
dimwishlist:item=1120206506&perks=839105230,1431678320,3300816228,3201496230
dimwishlist:item=1120206506&perks=839105230,1431678320,3300816228,557221067
dimwishlist:item=1120206506&perks=839105230,1561002382,831391274,657025441
dimwishlist:item=1120206506&perks=839105230,1561002382,831391274,3201496230
dimwishlist:item=1120206506&perks=839105230,1561002382,831391274,557221067
dimwishlist:item=1120206506&perks=839105230,1561002382,1820235745,657025441
dimwishlist:item=1120206506&perks=839105230,1561002382,1820235745,3201496230
dimwishlist:item=1120206506&perks=839105230,1561002382,1820235745,557221067
dimwishlist:item=1120206506&perks=839105230,1561002382,3300816228,657025441
dimwishlist:item=1120206506&perks=839105230,1561002382,3300816228,3201496230
dimwishlist:item=1120206506&perks=839105230,1561002382,3300816228,557221067
dimwishlist:item=1120206506&perks=839105230,2420895100,831391274,657025441
dimwishlist:item=1120206506&perks=839105230,2420895100,831391274,3201496230
dimwishlist:item=1120206506&perks=839105230,2420895100,831391274,557221067
dimwishlist:item=1120206506&perks=839105230,2420895100,1820235745,657025441
dimwishlist:item=1120206506&perks=839105230,2420895100,1820235745,3201496230
dimwishlist:item=1120206506&perks=839105230,2420895100,1820235745,557221067
dimwishlist:item=1120206506&perks=839105230,2420895100,3300816228,657025441
dimwishlist:item=1120206506&perks=839105230,2420895100,3300816228,3201496230
dimwishlist:item=1120206506&perks=839105230,2420895100,3300816228,557221067
dimwishlist:item=1120206506&perks=839105230,1087426260,831391274,657025441
dimwishlist:item=1120206506&perks=839105230,1087426260,831391274,3201496230
dimwishlist:item=1120206506&perks=839105230,1087426260,831391274,557221067
dimwishlist:item=1120206506&perks=839105230,1087426260,1820235745,657025441
dimwishlist:item=1120206506&perks=839105230,1087426260,1820235745,3201496230
dimwishlist:item=1120206506&perks=839105230,1087426260,1820235745,557221067
dimwishlist:item=1120206506&perks=839105230,1087426260,3300816228,657025441
dimwishlist:item=1120206506&perks=839105230,1087426260,3300816228,3201496230
dimwishlist:item=1120206506&perks=839105230,1087426260,3300816228,557221067
dimwishlist:item=1120206506&perks=3661387068,1431678320,831391274,657025441
dimwishlist:item=1120206506&perks=3661387068,1431678320,831391274,3201496230
dimwishlist:item=1120206506&perks=3661387068,1431678320,831391274,557221067
dimwishlist:item=1120206506&perks=3661387068,1431678320,1820235745,657025441
dimwishlist:item=1120206506&perks=3661387068,1431678320,1820235745,3201496230
dimwishlist:item=1120206506&perks=3661387068,1431678320,1820235745,557221067
dimwishlist:item=1120206506&perks=3661387068,1431678320,3300816228,657025441
dimwishlist:item=1120206506&perks=3661387068,1431678320,3300816228,3201496230
dimwishlist:item=1120206506&perks=3661387068,1431678320,3300816228,557221067
dimwishlist:item=1120206506&perks=3661387068,1561002382,831391274,657025441
dimwishlist:item=1120206506&perks=3661387068,1561002382,831391274,3201496230
dimwishlist:item=1120206506&perks=3661387068,1561002382,831391274,557221067
dimwishlist:item=1120206506&perks=3661387068,1561002382,1820235745,657025441
dimwishlist:item=1120206506&perks=3661387068,1561002382,1820235745,3201496230
dimwishlist:item=1120206506&perks=3661387068,1561002382,1820235745,557221067
dimwishlist:item=1120206506&perks=3661387068,1561002382,3300816228,657025441
dimwishlist:item=1120206506&perks=3661387068,1561002382,3300816228,3201496230
dimwishlist:item=1120206506&perks=3661387068,1561002382,3300816228,557221067
dimwishlist:item=1120206506&perks=3661387068,2420895100,831391274,657025441
dimwishlist:item=1120206506&perks=3661387068,2420895100,831391274,3201496230
dimwishlist:item=1120206506&perks=3661387068,2420895100,831391274,557221067
dimwishlist:item=1120206506&perks=3661387068,2420895100,1820235745,657025441
dimwishlist:item=1120206506&perks=3661387068,2420895100,1820235745,3201496230
dimwishlist:item=1120206506&perks=3661387068,2420895100,1820235745,557221067
dimwishlist:item=1120206506&perks=3661387068,2420895100,3300816228,657025441
dimwishlist:item=1120206506&perks=3661387068,2420895100,3300816228,3201496230
dimwishlist:item=1120206506&perks=3661387068,2420895100,3300816228,557221067
dimwishlist:item=1120206506&perks=3661387068,1087426260,831391274,657025441
dimwishlist:item=1120206506&perks=3661387068,1087426260,831391274,3201496230
dimwishlist:item=1120206506&perks=3661387068,1087426260,831391274,557221067
dimwishlist:item=1120206506&perks=3661387068,1087426260,1820235745,657025441
dimwishlist:item=1120206506&perks=3661387068,1087426260,1820235745,3201496230
dimwishlist:item=1120206506&perks=3661387068,1087426260,1820235745,557221067
dimwishlist:item=1120206506&perks=3661387068,1087426260,3300816228,657025441
dimwishlist:item=1120206506&perks=3661387068,1087426260,3300816228,3201496230
dimwishlist:item=1120206506&perks=3661387068,1087426260,3300816228,557221067
dimwishlist:item=1120206506&perks=4090651448,1431678320,831391274,657025441
dimwishlist:item=1120206506&perks=4090651448,1431678320,831391274,3201496230
dimwishlist:item=1120206506&perks=4090651448,1431678320,831391274,557221067
dimwishlist:item=1120206506&perks=4090651448,1431678320,1820235745,657025441
dimwishlist:item=1120206506&perks=4090651448,1431678320,1820235745,3201496230
dimwishlist:item=1120206506&perks=4090651448,1431678320,1820235745,557221067
dimwishlist:item=1120206506&perks=4090651448,1431678320,3300816228,657025441
dimwishlist:item=1120206506&perks=4090651448,1431678320,3300816228,3201496230
dimwishlist:item=1120206506&perks=4090651448,1431678320,3300816228,557221067
dimwishlist:item=1120206506&perks=4090651448,1561002382,831391274,657025441
dimwishlist:item=1120206506&perks=4090651448,1561002382,831391274,3201496230
dimwishlist:item=1120206506&perks=4090651448,1561002382,831391274,557221067
dimwishlist:item=1120206506&perks=4090651448,1561002382,1820235745,657025441
dimwishlist:item=1120206506&perks=4090651448,1561002382,1820235745,3201496230
dimwishlist:item=1120206506&perks=4090651448,1561002382,1820235745,557221067
dimwishlist:item=1120206506&perks=4090651448,1561002382,3300816228,657025441
dimwishlist:item=1120206506&perks=4090651448,1561002382,3300816228,3201496230
dimwishlist:item=1120206506&perks=4090651448,1561002382,3300816228,557221067
dimwishlist:item=1120206506&perks=4090651448,2420895100,831391274,657025441
dimwishlist:item=1120206506&perks=4090651448,2420895100,831391274,3201496230
dimwishlist:item=1120206506&perks=4090651448,2420895100,831391274,557221067
dimwishlist:item=1120206506&perks=4090651448,2420895100,1820235745,657025441
dimwishlist:item=1120206506&perks=4090651448,2420895100,1820235745,3201496230
dimwishlist:item=1120206506&perks=4090651448,2420895100,1820235745,557221067
dimwishlist:item=1120206506&perks=4090651448,2420895100,3300816228,657025441
dimwishlist:item=1120206506&perks=4090651448,2420895100,3300816228,3201496230
dimwishlist:item=1120206506&perks=4090651448,2420895100,3300816228,557221067
dimwishlist:item=1120206506&perks=4090651448,1087426260,831391274,657025441
dimwishlist:item=1120206506&perks=4090651448,1087426260,831391274,3201496230
dimwishlist:item=1120206506&perks=4090651448,1087426260,831391274,557221067
dimwishlist:item=1120206506&perks=4090651448,1087426260,1820235745,657025441
dimwishlist:item=1120206506&perks=4090651448,1087426260,1820235745,3201496230
dimwishlist:item=1120206506&perks=4090651448,1087426260,1820235745,557221067
dimwishlist:item=1120206506&perks=4090651448,1087426260,3300816228,657025441
dimwishlist:item=1120206506&perks=4090651448,1087426260,3300816228,3201496230
dimwishlist:item=1120206506&perks=4090651448,1087426260,3300816228,557221067
dimwishlist:item=1120206506&perks=1840239774,1431678320,831391274,657025441
dimwishlist:item=1120206506&perks=1840239774,1431678320,831391274,3201496230
dimwishlist:item=1120206506&perks=1840239774,1431678320,831391274,557221067
dimwishlist:item=1120206506&perks=1840239774,1431678320,1820235745,657025441
dimwishlist:item=1120206506&perks=1840239774,1431678320,1820235745,3201496230
dimwishlist:item=1120206506&perks=1840239774,1431678320,1820235745,557221067
dimwishlist:item=1120206506&perks=1840239774,1431678320,3300816228,657025441
dimwishlist:item=1120206506&perks=1840239774,1431678320,3300816228,3201496230
dimwishlist:item=1120206506&perks=1840239774,1431678320,3300816228,557221067
dimwishlist:item=1120206506&perks=1840239774,1561002382,831391274,657025441
dimwishlist:item=1120206506&perks=1840239774,1561002382,831391274,3201496230
dimwishlist:item=1120206506&perks=1840239774,1561002382,831391274,557221067
dimwishlist:item=1120206506&perks=1840239774,1561002382,1820235745,657025441
dimwishlist:item=1120206506&perks=1840239774,1561002382,1820235745,3201496230
dimwishlist:item=1120206506&perks=1840239774,1561002382,1820235745,557221067
dimwishlist:item=1120206506&perks=1840239774,1561002382,3300816228,657025441
dimwishlist:item=1120206506&perks=1840239774,1561002382,3300816228,3201496230
dimwishlist:item=1120206506&perks=1840239774,1561002382,3300816228,557221067
dimwishlist:item=1120206506&perks=1840239774,2420895100,831391274,657025441
dimwishlist:item=1120206506&perks=1840239774,2420895100,831391274,3201496230
dimwishlist:item=1120206506&perks=1840239774,2420895100,831391274,557221067
dimwishlist:item=1120206506&perks=1840239774,2420895100,1820235745,657025441
dimwishlist:item=1120206506&perks=1840239774,2420895100,1820235745,3201496230
dimwishlist:item=1120206506&perks=1840239774,2420895100,1820235745,557221067
dimwishlist:item=1120206506&perks=1840239774,2420895100,3300816228,657025441
dimwishlist:item=1120206506&perks=1840239774,2420895100,3300816228,3201496230
dimwishlist:item=1120206506&perks=1840239774,2420895100,3300816228,557221067
dimwishlist:item=1120206506&perks=1840239774,1087426260,831391274,657025441
dimwishlist:item=1120206506&perks=1840239774,1087426260,831391274,3201496230
dimwishlist:item=1120206506&perks=1840239774,1087426260,831391274,557221067
dimwishlist:item=1120206506&perks=1840239774,1087426260,1820235745,657025441
dimwishlist:item=1120206506&perks=1840239774,1087426260,1820235745,3201496230
dimwishlist:item=1120206506&perks=1840239774,1087426260,1820235745,557221067
dimwishlist:item=1120206506&perks=1840239774,1087426260,3300816228,657025441
dimwishlist:item=1120206506&perks=1840239774,1087426260,3300816228,3201496230
dimwishlist:item=1120206506&perks=1840239774,1087426260,3300816228,557221067
dimwishlist:item=1120206506&perks=3250034553,1431678320,831391274,657025441
dimwishlist:item=1120206506&perks=3250034553,1431678320,831391274,3201496230
dimwishlist:item=1120206506&perks=3250034553,1431678320,831391274,557221067
dimwishlist:item=1120206506&perks=3250034553,1431678320,1820235745,657025441
dimwishlist:item=1120206506&perks=3250034553,1431678320,1820235745,3201496230
dimwishlist:item=1120206506&perks=3250034553,1431678320,1820235745,557221067
dimwishlist:item=1120206506&perks=3250034553,1431678320,3300816228,657025441
dimwishlist:item=1120206506&perks=3250034553,1431678320,3300816228,3201496230
dimwishlist:item=1120206506&perks=3250034553,1431678320,3300816228,557221067
dimwishlist:item=1120206506&perks=3250034553,1561002382,831391274,657025441
dimwishlist:item=1120206506&perks=3250034553,1561002382,831391274,3201496230
dimwishlist:item=1120206506&perks=3250034553,1561002382,831391274,557221067
dimwishlist:item=1120206506&perks=3250034553,1561002382,1820235745,657025441
dimwishlist:item=1120206506&perks=3250034553,1561002382,1820235745,3201496230
dimwishlist:item=1120206506&perks=3250034553,1561002382,1820235745,557221067
dimwishlist:item=1120206506&perks=3250034553,1561002382,3300816228,657025441
dimwishlist:item=1120206506&perks=3250034553,1561002382,3300816228,3201496230
dimwishlist:item=1120206506&perks=3250034553,1561002382,3300816228,557221067
dimwishlist:item=1120206506&perks=3250034553,2420895100,831391274,657025441
dimwishlist:item=1120206506&perks=3250034553,2420895100,831391274,3201496230
dimwishlist:item=1120206506&perks=3250034553,2420895100,831391274,557221067
dimwishlist:item=1120206506&perks=3250034553,2420895100,1820235745,657025441
dimwishlist:item=1120206506&perks=3250034553,2420895100,1820235745,3201496230
dimwishlist:item=1120206506&perks=3250034553,2420895100,1820235745,557221067
dimwishlist:item=1120206506&perks=3250034553,2420895100,3300816228,657025441
dimwishlist:item=1120206506&perks=3250034553,2420895100,3300816228,3201496230
dimwishlist:item=1120206506&perks=3250034553,2420895100,3300816228,557221067
dimwishlist:item=1120206506&perks=3250034553,1087426260,831391274,657025441
dimwishlist:item=1120206506&perks=3250034553,1087426260,831391274,3201496230
dimwishlist:item=1120206506&perks=3250034553,1087426260,831391274,557221067
dimwishlist:item=1120206506&perks=3250034553,1087426260,1820235745,657025441
dimwishlist:item=1120206506&perks=3250034553,1087426260,1820235745,3201496230
dimwishlist:item=1120206506&perks=3250034553,1087426260,1820235745,557221067
dimwishlist:item=1120206506&perks=3250034553,1087426260,3300816228,657025441
dimwishlist:item=1120206506&perks=3250034553,1087426260,3300816228,3201496230
dimwishlist:item=1120206506&perks=3250034553,1087426260,3300816228,557221067
dimwishlist:item=1120206506&perks=1392496348,1431678320,831391274,657025441
dimwishlist:item=1120206506&perks=1392496348,1431678320,831391274,3201496230
dimwishlist:item=1120206506&perks=1392496348,1431678320,831391274,557221067
dimwishlist:item=1120206506&perks=1392496348,1431678320,1820235745,657025441
dimwishlist:item=1120206506&perks=1392496348,1431678320,1820235745,3201496230
dimwishlist:item=1120206506&perks=1392496348,1431678320,1820235745,557221067
dimwishlist:item=1120206506&perks=1392496348,1431678320,3300816228,657025441
dimwishlist:item=1120206506&perks=1392496348,1431678320,3300816228,3201496230
dimwishlist:item=1120206506&perks=1392496348,1431678320,3300816228,557221067
dimwishlist:item=1120206506&perks=1392496348,1561002382,831391274,657025441
dimwishlist:item=1120206506&perks=1392496348,1561002382,831391274,3201496230
dimwishlist:item=1120206506&perks=1392496348,1561002382,831391274,557221067
dimwishlist:item=1120206506&perks=1392496348,1561002382,1820235745,657025441
dimwishlist:item=1120206506&perks=1392496348,1561002382,1820235745,3201496230
dimwishlist:item=1120206506&perks=1392496348,1561002382,1820235745,557221067
dimwishlist:item=1120206506&perks=1392496348,1561002382,3300816228,657025441
dimwishlist:item=1120206506&perks=1392496348,1561002382,3300816228,3201496230
dimwishlist:item=1120206506&perks=1392496348,1561002382,3300816228,557221067
dimwishlist:item=1120206506&perks=1392496348,2420895100,831391274,657025441
dimwishlist:item=1120206506&perks=1392496348,2420895100,831391274,3201496230
dimwishlist:item=1120206506&perks=1392496348,2420895100,831391274,557221067
dimwishlist:item=1120206506&perks=1392496348,2420895100,1820235745,657025441
dimwishlist:item=1120206506&perks=1392496348,2420895100,1820235745,3201496230
dimwishlist:item=1120206506&perks=1392496348,2420895100,1820235745,557221067
dimwishlist:item=1120206506&perks=1392496348,2420895100,3300816228,657025441
dimwishlist:item=1120206506&perks=1392496348,2420895100,3300816228,3201496230
dimwishlist:item=1120206506&perks=1392496348,2420895100,3300816228,557221067
dimwishlist:item=1120206506&perks=1392496348,1087426260,831391274,657025441
dimwishlist:item=1120206506&perks=1392496348,1087426260,831391274,3201496230
dimwishlist:item=1120206506&perks=1392496348,1087426260,831391274,557221067
dimwishlist:item=1120206506&perks=1392496348,1087426260,1820235745,657025441
dimwishlist:item=1120206506&perks=1392496348,1087426260,1820235745,3201496230
dimwishlist:item=1120206506&perks=1392496348,1087426260,1820235745,557221067
dimwishlist:item=1120206506&perks=1392496348,1087426260,3300816228,657025441
dimwishlist:item=1120206506&perks=1392496348,1087426260,3300816228,3201496230
dimwishlist:item=1120206506&perks=1392496348,1087426260,3300816228,557221067
dimwishlist:item=1120206506&perks=1482024992,1431678320,831391274,657025441
dimwishlist:item=1120206506&perks=1482024992,1431678320,831391274,3201496230
dimwishlist:item=1120206506&perks=1482024992,1431678320,831391274,557221067
dimwishlist:item=1120206506&perks=1482024992,1431678320,1820235745,657025441
dimwishlist:item=1120206506&perks=1482024992,1431678320,1820235745,3201496230
dimwishlist:item=1120206506&perks=1482024992,1431678320,1820235745,557221067
dimwishlist:item=1120206506&perks=1482024992,1431678320,3300816228,657025441
dimwishlist:item=1120206506&perks=1482024992,1431678320,3300816228,3201496230
dimwishlist:item=1120206506&perks=1482024992,1431678320,3300816228,557221067
dimwishlist:item=1120206506&perks=1482024992,1561002382,831391274,657025441
dimwishlist:item=1120206506&perks=1482024992,1561002382,831391274,3201496230
dimwishlist:item=1120206506&perks=1482024992,1561002382,831391274,557221067
dimwishlist:item=1120206506&perks=1482024992,1561002382,1820235745,657025441
dimwishlist:item=1120206506&perks=1482024992,1561002382,1820235745,3201496230
dimwishlist:item=1120206506&perks=1482024992,1561002382,1820235745,557221067
dimwishlist:item=1120206506&perks=1482024992,1561002382,3300816228,657025441
dimwishlist:item=1120206506&perks=1482024992,1561002382,3300816228,3201496230
dimwishlist:item=1120206506&perks=1482024992,1561002382,3300816228,557221067
dimwishlist:item=1120206506&perks=1482024992,2420895100,831391274,657025441
dimwishlist:item=1120206506&perks=1482024992,2420895100,831391274,3201496230
dimwishlist:item=1120206506&perks=1482024992,2420895100,831391274,557221067
dimwishlist:item=1120206506&perks=1482024992,2420895100,1820235745,657025441
dimwishlist:item=1120206506&perks=1482024992,2420895100,1820235745,3201496230
dimwishlist:item=1120206506&perks=1482024992,2420895100,1820235745,557221067
dimwishlist:item=1120206506&perks=1482024992,2420895100,3300816228,657025441
dimwishlist:item=1120206506&perks=1482024992,2420895100,3300816228,3201496230
dimwishlist:item=1120206506&perks=1482024992,2420895100,3300816228,557221067
dimwishlist:item=1120206506&perks=1482024992,1087426260,831391274,657025441
dimwishlist:item=1120206506&perks=1482024992,1087426260,831391274,3201496230
dimwishlist:item=1120206506&perks=1482024992,1087426260,831391274,557221067
dimwishlist:item=1120206506&perks=1482024992,1087426260,1820235745,657025441
dimwishlist:item=1120206506&perks=1482024992,1087426260,1820235745,3201496230
dimwishlist:item=1120206506&perks=1482024992,1087426260,1820235745,557221067
dimwishlist:item=1120206506&perks=1482024992,1087426260,3300816228,657025441
dimwishlist:item=1120206506&perks=1482024992,1087426260,3300816228,3201496230
dimwishlist:item=1120206506&perks=1482024992,1087426260,3300816228,557221067


// Lost Signal (god-pve)
//notes: tags:god-pve
dimwishlist:item=1197771438&perks=3525010810,2822142346,3300816228,4049631843
dimwishlist:item=1197771438&perks=3525010810,2822142346,3300816228,3592538738
dimwishlist:item=1197771438&perks=3525010810,2822142346,3300816228,3523296417
dimwishlist:item=1197771438&perks=3525010810,2822142346,1556840489,4049631843
dimwishlist:item=1197771438&perks=3525010810,2822142346,1556840489,3592538738
dimwishlist:item=1197771438&perks=3525010810,2822142346,1556840489,3523296417
dimwishlist:item=1197771438&perks=3525010810,2822142346,880644845,4049631843
dimwishlist:item=1197771438&perks=3525010810,2822142346,880644845,3592538738
dimwishlist:item=1197771438&perks=3525010810,2822142346,880644845,3523296417
dimwishlist:item=1197771438&perks=3798852852,2822142346,3300816228,4049631843
dimwishlist:item=1197771438&perks=3798852852,2822142346,3300816228,3592538738
dimwishlist:item=1197771438&perks=3798852852,2822142346,3300816228,3523296417
dimwishlist:item=1197771438&perks=3798852852,2822142346,1556840489,4049631843
dimwishlist:item=1197771438&perks=3798852852,2822142346,1556840489,3592538738
dimwishlist:item=1197771438&perks=3798852852,2822142346,1556840489,3523296417
dimwishlist:item=1197771438&perks=3798852852,2822142346,880644845,4049631843
dimwishlist:item=1197771438&perks=3798852852,2822142346,880644845,3592538738
dimwishlist:item=1197771438&perks=3798852852,2822142346,880644845,3523296417
dimwishlist:item=1197771438&perks=1441682018,2822142346,3300816228,4049631843
dimwishlist:item=1197771438&perks=1441682018,2822142346,3300816228,3592538738
dimwishlist:item=1197771438&perks=1441682018,2822142346,3300816228,3523296417
dimwishlist:item=1197771438&perks=1441682018,2822142346,1556840489,4049631843
dimwishlist:item=1197771438&perks=1441682018,2822142346,1556840489,3592538738
dimwishlist:item=1197771438&perks=1441682018,2822142346,1556840489,3523296417
dimwishlist:item=1197771438&perks=1441682018,2822142346,880644845,4049631843
dimwishlist:item=1197771438&perks=1441682018,2822142346,880644845,3592538738
dimwishlist:item=1197771438&perks=1441682018,2822142346,880644845,3523296417
dimwishlist:item=1197771438&perks=3809316345,2822142346,3300816228,4049631843
dimwishlist:item=1197771438&perks=3809316345,2822142346,3300816228,3592538738
dimwishlist:item=1197771438&perks=3809316345,2822142346,3300816228,3523296417
dimwishlist:item=1197771438&perks=3809316345,2822142346,1556840489,4049631843
dimwishlist:item=1197771438&perks=3809316345,2822142346,1556840489,3592538738
dimwishlist:item=1197771438&perks=3809316345,2822142346,1556840489,3523296417
dimwishlist:item=1197771438&perks=3809316345,2822142346,880644845,4049631843
dimwishlist:item=1197771438&perks=3809316345,2822142346,880644845,3592538738
dimwishlist:item=1197771438&perks=3809316345,2822142346,880644845,3523296417


// Hammerhead (god-pve)
//notes: tags:god-pve
dimwishlist:item=1346714574&perks=839105230,1431678320,3523296417,1464081238
dimwishlist:item=1346714574&perks=839105230,1431678320,3523296417,2109543898
dimwishlist:item=1346714574&perks=839105230,1431678320,3523296417,2305480722
dimwishlist:item=1346714574&perks=839105230,1431678320,3425386926,1464081238
dimwishlist:item=1346714574&perks=839105230,1431678320,3425386926,2109543898
dimwishlist:item=1346714574&perks=839105230,1431678320,3425386926,2305480722
dimwishlist:item=1346714574&perks=839105230,1431678320,2048641572,1464081238
dimwishlist:item=1346714574&perks=839105230,1431678320,2048641572,2109543898
dimwishlist:item=1346714574&perks=839105230,1431678320,2048641572,2305480722
dimwishlist:item=1346714574&perks=839105230,1087426260,3523296417,1464081238
dimwishlist:item=1346714574&perks=839105230,1087426260,3523296417,2109543898
dimwishlist:item=1346714574&perks=839105230,1087426260,3523296417,2305480722
dimwishlist:item=1346714574&perks=839105230,1087426260,3425386926,1464081238
dimwishlist:item=1346714574&perks=839105230,1087426260,3425386926,2109543898
dimwishlist:item=1346714574&perks=839105230,1087426260,3425386926,2305480722
dimwishlist:item=1346714574&perks=839105230,1087426260,2048641572,1464081238
dimwishlist:item=1346714574&perks=839105230,1087426260,2048641572,2109543898
dimwishlist:item=1346714574&perks=839105230,1087426260,2048641572,2305480722
dimwishlist:item=1346714574&perks=839105230,1561002382,3523296417,1464081238
dimwishlist:item=1346714574&perks=839105230,1561002382,3523296417,2109543898
dimwishlist:item=1346714574&perks=839105230,1561002382,3523296417,2305480722
dimwishlist:item=1346714574&perks=839105230,1561002382,3425386926,1464081238
dimwishlist:item=1346714574&perks=839105230,1561002382,3425386926,2109543898
dimwishlist:item=1346714574&perks=839105230,1561002382,3425386926,2305480722
dimwishlist:item=1346714574&perks=839105230,1561002382,2048641572,1464081238
dimwishlist:item=1346714574&perks=839105230,1561002382,2048641572,2109543898
dimwishlist:item=1346714574&perks=839105230,1561002382,2048641572,2305480722
dimwishlist:item=1346714574&perks=839105230,3230963543,3523296417,1464081238
dimwishlist:item=1346714574&perks=839105230,3230963543,3523296417,2109543898
dimwishlist:item=1346714574&perks=839105230,3230963543,3523296417,2305480722
dimwishlist:item=1346714574&perks=839105230,3230963543,3425386926,1464081238
dimwishlist:item=1346714574&perks=839105230,3230963543,3425386926,2109543898
dimwishlist:item=1346714574&perks=839105230,3230963543,3425386926,2305480722
dimwishlist:item=1346714574&perks=839105230,3230963543,2048641572,1464081238
dimwishlist:item=1346714574&perks=839105230,3230963543,2048641572,2109543898
dimwishlist:item=1346714574&perks=839105230,3230963543,2048641572,2305480722
dimwishlist:item=1346714574&perks=839105230,679225683,3523296417,1464081238
dimwishlist:item=1346714574&perks=839105230,679225683,3523296417,2109543898
dimwishlist:item=1346714574&perks=839105230,679225683,3523296417,2305480722
dimwishlist:item=1346714574&perks=839105230,679225683,3425386926,1464081238
dimwishlist:item=1346714574&perks=839105230,679225683,3425386926,2109543898
dimwishlist:item=1346714574&perks=839105230,679225683,3425386926,2305480722
dimwishlist:item=1346714574&perks=839105230,679225683,2048641572,1464081238
dimwishlist:item=1346714574&perks=839105230,679225683,2048641572,2109543898
dimwishlist:item=1346714574&perks=839105230,679225683,2048641572,2305480722
dimwishlist:item=1346714574&perks=839105230,106909392,3523296417,1464081238
dimwishlist:item=1346714574&perks=839105230,106909392,3523296417,2109543898
dimwishlist:item=1346714574&perks=839105230,106909392,3523296417,2305480722
dimwishlist:item=1346714574&perks=839105230,106909392,3425386926,1464081238
dimwishlist:item=1346714574&perks=839105230,106909392,3425386926,2109543898
dimwishlist:item=1346714574&perks=839105230,106909392,3425386926,2305480722
dimwishlist:item=1346714574&perks=839105230,106909392,2048641572,1464081238
dimwishlist:item=1346714574&perks=839105230,106909392,2048641572,2109543898
dimwishlist:item=1346714574&perks=839105230,106909392,2048641572,2305480722
dimwishlist:item=1346714574&perks=4090651448,1431678320,3523296417,1464081238
dimwishlist:item=1346714574&perks=4090651448,1431678320,3523296417,2109543898
dimwishlist:item=1346714574&perks=4090651448,1431678320,3523296417,2305480722
dimwishlist:item=1346714574&perks=4090651448,1431678320,3425386926,1464081238
dimwishlist:item=1346714574&perks=4090651448,1431678320,3425386926,2109543898
dimwishlist:item=1346714574&perks=4090651448,1431678320,3425386926,2305480722
dimwishlist:item=1346714574&perks=4090651448,1431678320,2048641572,1464081238
dimwishlist:item=1346714574&perks=4090651448,1431678320,2048641572,2109543898
dimwishlist:item=1346714574&perks=4090651448,1431678320,2048641572,2305480722
dimwishlist:item=1346714574&perks=4090651448,1087426260,3523296417,1464081238
dimwishlist:item=1346714574&perks=4090651448,1087426260,3523296417,2109543898
dimwishlist:item=1346714574&perks=4090651448,1087426260,3523296417,2305480722
dimwishlist:item=1346714574&perks=4090651448,1087426260,3425386926,1464081238
dimwishlist:item=1346714574&perks=4090651448,1087426260,3425386926,2109543898
dimwishlist:item=1346714574&perks=4090651448,1087426260,3425386926,2305480722
dimwishlist:item=1346714574&perks=4090651448,1087426260,2048641572,1464081238
dimwishlist:item=1346714574&perks=4090651448,1087426260,2048641572,2109543898
dimwishlist:item=1346714574&perks=4090651448,1087426260,2048641572,2305480722
dimwishlist:item=1346714574&perks=4090651448,1561002382,3523296417,1464081238
dimwishlist:item=1346714574&perks=4090651448,1561002382,3523296417,2109543898
dimwishlist:item=1346714574&perks=4090651448,1561002382,3523296417,2305480722
dimwishlist:item=1346714574&perks=4090651448,1561002382,3425386926,1464081238
dimwishlist:item=1346714574&perks=4090651448,1561002382,3425386926,2109543898
dimwishlist:item=1346714574&perks=4090651448,1561002382,3425386926,2305480722
dimwishlist:item=1346714574&perks=4090651448,1561002382,2048641572,1464081238
dimwishlist:item=1346714574&perks=4090651448,1561002382,2048641572,2109543898
dimwishlist:item=1346714574&perks=4090651448,1561002382,2048641572,2305480722
dimwishlist:item=1346714574&perks=4090651448,3230963543,3523296417,1464081238
dimwishlist:item=1346714574&perks=4090651448,3230963543,3523296417,2109543898
dimwishlist:item=1346714574&perks=4090651448,3230963543,3523296417,2305480722
dimwishlist:item=1346714574&perks=4090651448,3230963543,3425386926,1464081238
dimwishlist:item=1346714574&perks=4090651448,3230963543,3425386926,2109543898
dimwishlist:item=1346714574&perks=4090651448,3230963543,3425386926,2305480722
dimwishlist:item=1346714574&perks=4090651448,3230963543,2048641572,1464081238
dimwishlist:item=1346714574&perks=4090651448,3230963543,2048641572,2109543898
dimwishlist:item=1346714574&perks=4090651448,3230963543,2048641572,2305480722
dimwishlist:item=1346714574&perks=4090651448,679225683,3523296417,1464081238
dimwishlist:item=1346714574&perks=4090651448,679225683,3523296417,2109543898
dimwishlist:item=1346714574&perks=4090651448,679225683,3523296417,2305480722
dimwishlist:item=1346714574&perks=4090651448,679225683,3425386926,1464081238
dimwishlist:item=1346714574&perks=4090651448,679225683,3425386926,2109543898
dimwishlist:item=1346714574&perks=4090651448,679225683,3425386926,2305480722
dimwishlist:item=1346714574&perks=4090651448,679225683,2048641572,1464081238
dimwishlist:item=1346714574&perks=4090651448,679225683,2048641572,2109543898
dimwishlist:item=1346714574&perks=4090651448,679225683,2048641572,2305480722
dimwishlist:item=1346714574&perks=4090651448,106909392,3523296417,1464081238
dimwishlist:item=1346714574&perks=4090651448,106909392,3523296417,2109543898
dimwishlist:item=1346714574&perks=4090651448,106909392,3523296417,2305480722
dimwishlist:item=1346714574&perks=4090651448,106909392,3425386926,1464081238
dimwishlist:item=1346714574&perks=4090651448,106909392,3425386926,2109543898
dimwishlist:item=1346714574&perks=4090651448,106909392,3425386926,2305480722
dimwishlist:item=1346714574&perks=4090651448,106909392,2048641572,1464081238
dimwishlist:item=1346714574&perks=4090651448,106909392,2048641572,2109543898
dimwishlist:item=1346714574&perks=4090651448,106909392,2048641572,2305480722
dimwishlist:item=1346714574&perks=1840239774,1431678320,3523296417,1464081238
dimwishlist:item=1346714574&perks=1840239774,1431678320,3523296417,2109543898
dimwishlist:item=1346714574&perks=1840239774,1431678320,3523296417,2305480722
dimwishlist:item=1346714574&perks=1840239774,1431678320,3425386926,1464081238
dimwishlist:item=1346714574&perks=1840239774,1431678320,3425386926,2109543898
dimwishlist:item=1346714574&perks=1840239774,1431678320,3425386926,2305480722
dimwishlist:item=1346714574&perks=1840239774,1431678320,2048641572,1464081238
dimwishlist:item=1346714574&perks=1840239774,1431678320,2048641572,2109543898
dimwishlist:item=1346714574&perks=1840239774,1431678320,2048641572,2305480722
dimwishlist:item=1346714574&perks=1840239774,1087426260,3523296417,1464081238
dimwishlist:item=1346714574&perks=1840239774,1087426260,3523296417,2109543898
dimwishlist:item=1346714574&perks=1840239774,1087426260,3523296417,2305480722
dimwishlist:item=1346714574&perks=1840239774,1087426260,3425386926,1464081238
dimwishlist:item=1346714574&perks=1840239774,1087426260,3425386926,2109543898
dimwishlist:item=1346714574&perks=1840239774,1087426260,3425386926,2305480722
dimwishlist:item=1346714574&perks=1840239774,1087426260,2048641572,1464081238
dimwishlist:item=1346714574&perks=1840239774,1087426260,2048641572,2109543898
dimwishlist:item=1346714574&perks=1840239774,1087426260,2048641572,2305480722
dimwishlist:item=1346714574&perks=1840239774,1561002382,3523296417,1464081238
dimwishlist:item=1346714574&perks=1840239774,1561002382,3523296417,2109543898
dimwishlist:item=1346714574&perks=1840239774,1561002382,3523296417,2305480722
dimwishlist:item=1346714574&perks=1840239774,1561002382,3425386926,1464081238
dimwishlist:item=1346714574&perks=1840239774,1561002382,3425386926,2109543898
dimwishlist:item=1346714574&perks=1840239774,1561002382,3425386926,2305480722
dimwishlist:item=1346714574&perks=1840239774,1561002382,2048641572,1464081238
dimwishlist:item=1346714574&perks=1840239774,1561002382,2048641572,2109543898
dimwishlist:item=1346714574&perks=1840239774,1561002382,2048641572,2305480722
dimwishlist:item=1346714574&perks=1840239774,3230963543,3523296417,1464081238
dimwishlist:item=1346714574&perks=1840239774,3230963543,3523296417,2109543898
dimwishlist:item=1346714574&perks=1840239774,3230963543,3523296417,2305480722
dimwishlist:item=1346714574&perks=1840239774,3230963543,3425386926,1464081238
dimwishlist:item=1346714574&perks=1840239774,3230963543,3425386926,2109543898
dimwishlist:item=1346714574&perks=1840239774,3230963543,3425386926,2305480722
dimwishlist:item=1346714574&perks=1840239774,3230963543,2048641572,1464081238
dimwishlist:item=1346714574&perks=1840239774,3230963543,2048641572,2109543898
dimwishlist:item=1346714574&perks=1840239774,3230963543,2048641572,2305480722
dimwishlist:item=1346714574&perks=1840239774,679225683,3523296417,1464081238
dimwishlist:item=1346714574&perks=1840239774,679225683,3523296417,2109543898
dimwishlist:item=1346714574&perks=1840239774,679225683,3523296417,2305480722
dimwishlist:item=1346714574&perks=1840239774,679225683,3425386926,1464081238
dimwishlist:item=1346714574&perks=1840239774,679225683,3425386926,2109543898
dimwishlist:item=1346714574&perks=1840239774,679225683,3425386926,2305480722
dimwishlist:item=1346714574&perks=1840239774,679225683,2048641572,1464081238
dimwishlist:item=1346714574&perks=1840239774,679225683,2048641572,2109543898
dimwishlist:item=1346714574&perks=1840239774,679225683,2048641572,2305480722
dimwishlist:item=1346714574&perks=1840239774,106909392,3523296417,1464081238
dimwishlist:item=1346714574&perks=1840239774,106909392,3523296417,2109543898
dimwishlist:item=1346714574&perks=1840239774,106909392,3523296417,2305480722
dimwishlist:item=1346714574&perks=1840239774,106909392,3425386926,1464081238
dimwishlist:item=1346714574&perks=1840239774,106909392,3425386926,2109543898
dimwishlist:item=1346714574&perks=1840239774,106909392,3425386926,2305480722
dimwishlist:item=1346714574&perks=1840239774,106909392,2048641572,1464081238
dimwishlist:item=1346714574&perks=1840239774,106909392,2048641572,2109543898
dimwishlist:item=1346714574&perks=1840239774,106909392,2048641572,2305480722
dimwishlist:item=1346714574&perks=3250034553,1431678320,3523296417,1464081238
dimwishlist:item=1346714574&perks=3250034553,1431678320,3523296417,2109543898
dimwishlist:item=1346714574&perks=3250034553,1431678320,3523296417,2305480722
dimwishlist:item=1346714574&perks=3250034553,1431678320,3425386926,1464081238
dimwishlist:item=1346714574&perks=3250034553,1431678320,3425386926,2109543898
dimwishlist:item=1346714574&perks=3250034553,1431678320,3425386926,2305480722
dimwishlist:item=1346714574&perks=3250034553,1431678320,2048641572,1464081238
dimwishlist:item=1346714574&perks=3250034553,1431678320,2048641572,2109543898
dimwishlist:item=1346714574&perks=3250034553,1431678320,2048641572,2305480722
dimwishlist:item=1346714574&perks=3250034553,1087426260,3523296417,1464081238
dimwishlist:item=1346714574&perks=3250034553,1087426260,3523296417,2109543898
dimwishlist:item=1346714574&perks=3250034553,1087426260,3523296417,2305480722
dimwishlist:item=1346714574&perks=3250034553,1087426260,3425386926,1464081238
dimwishlist:item=1346714574&perks=3250034553,1087426260,3425386926,2109543898
dimwishlist:item=1346714574&perks=3250034553,1087426260,3425386926,2305480722
dimwishlist:item=1346714574&perks=3250034553,1087426260,2048641572,1464081238
dimwishlist:item=1346714574&perks=3250034553,1087426260,2048641572,2109543898
dimwishlist:item=1346714574&perks=3250034553,1087426260,2048641572,2305480722
dimwishlist:item=1346714574&perks=3250034553,1561002382,3523296417,1464081238
dimwishlist:item=1346714574&perks=3250034553,1561002382,3523296417,2109543898
dimwishlist:item=1346714574&perks=3250034553,1561002382,3523296417,2305480722
dimwishlist:item=1346714574&perks=3250034553,1561002382,3425386926,1464081238
dimwishlist:item=1346714574&perks=3250034553,1561002382,3425386926,2109543898
dimwishlist:item=1346714574&perks=3250034553,1561002382,3425386926,2305480722
dimwishlist:item=1346714574&perks=3250034553,1561002382,2048641572,1464081238
dimwishlist:item=1346714574&perks=3250034553,1561002382,2048641572,2109543898
dimwishlist:item=1346714574&perks=3250034553,1561002382,2048641572,2305480722
dimwishlist:item=1346714574&perks=3250034553,3230963543,3523296417,1464081238
dimwishlist:item=1346714574&perks=3250034553,3230963543,3523296417,2109543898
dimwishlist:item=1346714574&perks=3250034553,3230963543,3523296417,2305480722
dimwishlist:item=1346714574&perks=3250034553,3230963543,3425386926,1464081238
dimwishlist:item=1346714574&perks=3250034553,3230963543,3425386926,2109543898
dimwishlist:item=1346714574&perks=3250034553,3230963543,3425386926,2305480722
dimwishlist:item=1346714574&perks=3250034553,3230963543,2048641572,1464081238
dimwishlist:item=1346714574&perks=3250034553,3230963543,2048641572,2109543898
dimwishlist:item=1346714574&perks=3250034553,3230963543,2048641572,2305480722
dimwishlist:item=1346714574&perks=3250034553,679225683,3523296417,1464081238
dimwishlist:item=1346714574&perks=3250034553,679225683,3523296417,2109543898
dimwishlist:item=1346714574&perks=3250034553,679225683,3523296417,2305480722
dimwishlist:item=1346714574&perks=3250034553,679225683,3425386926,1464081238
dimwishlist:item=1346714574&perks=3250034553,679225683,3425386926,2109543898
dimwishlist:item=1346714574&perks=3250034553,679225683,3425386926,2305480722
dimwishlist:item=1346714574&perks=3250034553,679225683,2048641572,1464081238
dimwishlist:item=1346714574&perks=3250034553,679225683,2048641572,2109543898
dimwishlist:item=1346714574&perks=3250034553,679225683,2048641572,2305480722
dimwishlist:item=1346714574&perks=3250034553,106909392,3523296417,1464081238
dimwishlist:item=1346714574&perks=3250034553,106909392,3523296417,2109543898
dimwishlist:item=1346714574&perks=3250034553,106909392,3523296417,2305480722
dimwishlist:item=1346714574&perks=3250034553,106909392,3425386926,1464081238
dimwishlist:item=1346714574&perks=3250034553,106909392,3425386926,2109543898
dimwishlist:item=1346714574&perks=3250034553,106909392,3425386926,2305480722
dimwishlist:item=1346714574&perks=3250034553,106909392,2048641572,1464081238
dimwishlist:item=1346714574&perks=3250034553,106909392,2048641572,2109543898
dimwishlist:item=1346714574&perks=3250034553,106909392,2048641572,2305480722
dimwishlist:item=1346714574&perks=1392496348,1431678320,3523296417,1464081238
dimwishlist:item=1346714574&perks=1392496348,1431678320,3523296417,2109543898
dimwishlist:item=1346714574&perks=1392496348,1431678320,3523296417,2305480722
dimwishlist:item=1346714574&perks=1392496348,1431678320,3425386926,1464081238
dimwishlist:item=1346714574&perks=1392496348,1431678320,3425386926,2109543898
dimwishlist:item=1346714574&perks=1392496348,1431678320,3425386926,2305480722
dimwishlist:item=1346714574&perks=1392496348,1431678320,2048641572,1464081238
dimwishlist:item=1346714574&perks=1392496348,1431678320,2048641572,2109543898
dimwishlist:item=1346714574&perks=1392496348,1431678320,2048641572,2305480722
dimwishlist:item=1346714574&perks=1392496348,1087426260,3523296417,1464081238
dimwishlist:item=1346714574&perks=1392496348,1087426260,3523296417,2109543898
dimwishlist:item=1346714574&perks=1392496348,1087426260,3523296417,2305480722
dimwishlist:item=1346714574&perks=1392496348,1087426260,3425386926,1464081238
dimwishlist:item=1346714574&perks=1392496348,1087426260,3425386926,2109543898
dimwishlist:item=1346714574&perks=1392496348,1087426260,3425386926,2305480722
dimwishlist:item=1346714574&perks=1392496348,1087426260,2048641572,1464081238
dimwishlist:item=1346714574&perks=1392496348,1087426260,2048641572,2109543898
dimwishlist:item=1346714574&perks=1392496348,1087426260,2048641572,2305480722
dimwishlist:item=1346714574&perks=1392496348,1561002382,3523296417,1464081238
dimwishlist:item=1346714574&perks=1392496348,1561002382,3523296417,2109543898
dimwishlist:item=1346714574&perks=1392496348,1561002382,3523296417,2305480722
dimwishlist:item=1346714574&perks=1392496348,1561002382,3425386926,1464081238
dimwishlist:item=1346714574&perks=1392496348,1561002382,3425386926,2109543898
dimwishlist:item=1346714574&perks=1392496348,1561002382,3425386926,2305480722
dimwishlist:item=1346714574&perks=1392496348,1561002382,2048641572,1464081238
dimwishlist:item=1346714574&perks=1392496348,1561002382,2048641572,2109543898
dimwishlist:item=1346714574&perks=1392496348,1561002382,2048641572,2305480722
dimwishlist:item=1346714574&perks=1392496348,3230963543,3523296417,1464081238
dimwishlist:item=1346714574&perks=1392496348,3230963543,3523296417,2109543898
dimwishlist:item=1346714574&perks=1392496348,3230963543,3523296417,2305480722
dimwishlist:item=1346714574&perks=1392496348,3230963543,3425386926,1464081238
dimwishlist:item=1346714574&perks=1392496348,3230963543,3425386926,2109543898
dimwishlist:item=1346714574&perks=1392496348,3230963543,3425386926,2305480722
dimwishlist:item=1346714574&perks=1392496348,3230963543,2048641572,1464081238
dimwishlist:item=1346714574&perks=1392496348,3230963543,2048641572,2109543898
dimwishlist:item=1346714574&perks=1392496348,3230963543,2048641572,2305480722
dimwishlist:item=1346714574&perks=1392496348,679225683,3523296417,1464081238
dimwishlist:item=1346714574&perks=1392496348,679225683,3523296417,2109543898
dimwishlist:item=1346714574&perks=1392496348,679225683,3523296417,2305480722
dimwishlist:item=1346714574&perks=1392496348,679225683,3425386926,1464081238
dimwishlist:item=1346714574&perks=1392496348,679225683,3425386926,2109543898
dimwishlist:item=1346714574&perks=1392496348,679225683,3425386926,2305480722
dimwishlist:item=1346714574&perks=1392496348,679225683,2048641572,1464081238
dimwishlist:item=1346714574&perks=1392496348,679225683,2048641572,2109543898
dimwishlist:item=1346714574&perks=1392496348,679225683,2048641572,2305480722
dimwishlist:item=1346714574&perks=1392496348,106909392,3523296417,1464081238
dimwishlist:item=1346714574&perks=1392496348,106909392,3523296417,2109543898
dimwishlist:item=1346714574&perks=1392496348,106909392,3523296417,2305480722
dimwishlist:item=1346714574&perks=1392496348,106909392,3425386926,1464081238
dimwishlist:item=1346714574&perks=1392496348,106909392,3425386926,2109543898
dimwishlist:item=1346714574&perks=1392496348,106909392,3425386926,2305480722
dimwishlist:item=1346714574&perks=1392496348,106909392,2048641572,1464081238
dimwishlist:item=1346714574&perks=1392496348,106909392,2048641572,2109543898
dimwishlist:item=1346714574&perks=1392496348,106909392,2048641572,2305480722
dimwishlist:item=1346714574&perks=1482024992,1431678320,3523296417,1464081238
dimwishlist:item=1346714574&perks=1482024992,1431678320,3523296417,2109543898
dimwishlist:item=1346714574&perks=1482024992,1431678320,3523296417,2305480722
dimwishlist:item=1346714574&perks=1482024992,1431678320,3425386926,1464081238
dimwishlist:item=1346714574&perks=1482024992,1431678320,3425386926,2109543898
dimwishlist:item=1346714574&perks=1482024992,1431678320,3425386926,2305480722
dimwishlist:item=1346714574&perks=1482024992,1431678320,2048641572,1464081238
dimwishlist:item=1346714574&perks=1482024992,1431678320,2048641572,2109543898
dimwishlist:item=1346714574&perks=1482024992,1431678320,2048641572,2305480722
dimwishlist:item=1346714574&perks=1482024992,1087426260,3523296417,1464081238
dimwishlist:item=1346714574&perks=1482024992,1087426260,3523296417,2109543898
dimwishlist:item=1346714574&perks=1482024992,1087426260,3523296417,2305480722
dimwishlist:item=1346714574&perks=1482024992,1087426260,3425386926,1464081238
dimwishlist:item=1346714574&perks=1482024992,1087426260,3425386926,2109543898
dimwishlist:item=1346714574&perks=1482024992,1087426260,3425386926,2305480722
dimwishlist:item=1346714574&perks=1482024992,1087426260,2048641572,1464081238
dimwishlist:item=1346714574&perks=1482024992,1087426260,2048641572,2109543898
dimwishlist:item=1346714574&perks=1482024992,1087426260,2048641572,2305480722
dimwishlist:item=1346714574&perks=1482024992,1561002382,3523296417,1464081238
dimwishlist:item=1346714574&perks=1482024992,1561002382,3523296417,2109543898
dimwishlist:item=1346714574&perks=1482024992,1561002382,3523296417,2305480722
dimwishlist:item=1346714574&perks=1482024992,1561002382,3425386926,1464081238
dimwishlist:item=1346714574&perks=1482024992,1561002382,3425386926,2109543898
dimwishlist:item=1346714574&perks=1482024992,1561002382,3425386926,2305480722
dimwishlist:item=1346714574&perks=1482024992,1561002382,2048641572,1464081238
dimwishlist:item=1346714574&perks=1482024992,1561002382,2048641572,2109543898
dimwishlist:item=1346714574&perks=1482024992,1561002382,2048641572,2305480722
dimwishlist:item=1346714574&perks=1482024992,3230963543,3523296417,1464081238
dimwishlist:item=1346714574&perks=1482024992,3230963543,3523296417,2109543898
dimwishlist:item=1346714574&perks=1482024992,3230963543,3523296417,2305480722
dimwishlist:item=1346714574&perks=1482024992,3230963543,3425386926,1464081238
dimwishlist:item=1346714574&perks=1482024992,3230963543,3425386926,2109543898
dimwishlist:item=1346714574&perks=1482024992,3230963543,3425386926,2305480722
dimwishlist:item=1346714574&perks=1482024992,3230963543,2048641572,1464081238
dimwishlist:item=1346714574&perks=1482024992,3230963543,2048641572,2109543898
dimwishlist:item=1346714574&perks=1482024992,3230963543,2048641572,2305480722
dimwishlist:item=1346714574&perks=1482024992,679225683,3523296417,1464081238
dimwishlist:item=1346714574&perks=1482024992,679225683,3523296417,2109543898
dimwishlist:item=1346714574&perks=1482024992,679225683,3523296417,2305480722
dimwishlist:item=1346714574&perks=1482024992,679225683,3425386926,1464081238
dimwishlist:item=1346714574&perks=1482024992,679225683,3425386926,2109543898
dimwishlist:item=1346714574&perks=1482024992,679225683,3425386926,2305480722
dimwishlist:item=1346714574&perks=1482024992,679225683,2048641572,1464081238
dimwishlist:item=1346714574&perks=1482024992,679225683,2048641572,2109543898
dimwishlist:item=1346714574&perks=1482024992,679225683,2048641572,2305480722
dimwishlist:item=1346714574&perks=1482024992,106909392,3523296417,1464081238
dimwishlist:item=1346714574&perks=1482024992,106909392,3523296417,2109543898
dimwishlist:item=1346714574&perks=1482024992,106909392,3523296417,2305480722
dimwishlist:item=1346714574&perks=1482024992,106909392,3425386926,1464081238
dimwishlist:item=1346714574&perks=1482024992,106909392,3425386926,2109543898
dimwishlist:item=1346714574&perks=1482024992,106909392,3425386926,2305480722
dimwishlist:item=1346714574&perks=1482024992,106909392,2048641572,1464081238
dimwishlist:item=1346714574&perks=1482024992,106909392,2048641572,2109543898
dimwishlist:item=1346714574&perks=1482024992,106909392,2048641572,2305480722


// Dawn Far Off ()
dimwishlist:item=1484294659&perks=839105230,1431678320,2890807135,4293542123
dimwishlist:item=1484294659&perks=839105230,1431678320,2890807135,657025441
dimwishlist:item=1484294659&perks=839105230,1431678320,2890807135,3201496230
dimwishlist:item=1484294659&perks=839105230,1431678320,1820235745,4293542123
dimwishlist:item=1484294659&perks=839105230,1431678320,1820235745,657025441
dimwishlist:item=1484294659&perks=839105230,1431678320,1820235745,3201496230
dimwishlist:item=1484294659&perks=839105230,1431678320,2360347339,4293542123
dimwishlist:item=1484294659&perks=839105230,1431678320,2360347339,657025441
dimwishlist:item=1484294659&perks=839105230,1431678320,2360347339,3201496230
dimwishlist:item=1484294659&perks=839105230,1087426260,2890807135,4293542123
dimwishlist:item=1484294659&perks=839105230,1087426260,2890807135,657025441
dimwishlist:item=1484294659&perks=839105230,1087426260,2890807135,3201496230
dimwishlist:item=1484294659&perks=839105230,1087426260,1820235745,4293542123
dimwishlist:item=1484294659&perks=839105230,1087426260,1820235745,657025441
dimwishlist:item=1484294659&perks=839105230,1087426260,1820235745,3201496230
dimwishlist:item=1484294659&perks=839105230,1087426260,2360347339,4293542123
dimwishlist:item=1484294659&perks=839105230,1087426260,2360347339,657025441
dimwishlist:item=1484294659&perks=839105230,1087426260,2360347339,3201496230
dimwishlist:item=1484294659&perks=839105230,1561002382,2890807135,4293542123
dimwishlist:item=1484294659&perks=839105230,1561002382,2890807135,657025441
dimwishlist:item=1484294659&perks=839105230,1561002382,2890807135,3201496230
dimwishlist:item=1484294659&perks=839105230,1561002382,1820235745,4293542123
dimwishlist:item=1484294659&perks=839105230,1561002382,1820235745,657025441
dimwishlist:item=1484294659&perks=839105230,1561002382,1820235745,3201496230
dimwishlist:item=1484294659&perks=839105230,1561002382,2360347339,4293542123
dimwishlist:item=1484294659&perks=839105230,1561002382,2360347339,657025441
dimwishlist:item=1484294659&perks=839105230,1561002382,2360347339,3201496230
dimwishlist:item=1484294659&perks=839105230,3230963543,2890807135,4293542123
dimwishlist:item=1484294659&perks=839105230,3230963543,2890807135,657025441
dimwishlist:item=1484294659&perks=839105230,3230963543,2890807135,3201496230
dimwishlist:item=1484294659&perks=839105230,3230963543,1820235745,4293542123
dimwishlist:item=1484294659&perks=839105230,3230963543,1820235745,657025441
dimwishlist:item=1484294659&perks=839105230,3230963543,1820235745,3201496230
dimwishlist:item=1484294659&perks=839105230,3230963543,2360347339,4293542123
dimwishlist:item=1484294659&perks=839105230,3230963543,2360347339,657025441
dimwishlist:item=1484294659&perks=839105230,3230963543,2360347339,3201496230
dimwishlist:item=1484294659&perks=839105230,679225683,2890807135,4293542123
dimwishlist:item=1484294659&perks=839105230,679225683,2890807135,657025441
dimwishlist:item=1484294659&perks=839105230,679225683,2890807135,3201496230
dimwishlist:item=1484294659&perks=839105230,679225683,1820235745,4293542123
dimwishlist:item=1484294659&perks=839105230,679225683,1820235745,657025441
dimwishlist:item=1484294659&perks=839105230,679225683,1820235745,3201496230
dimwishlist:item=1484294659&perks=839105230,679225683,2360347339,4293542123
dimwishlist:item=1484294659&perks=839105230,679225683,2360347339,657025441
dimwishlist:item=1484294659&perks=839105230,679225683,2360347339,3201496230
dimwishlist:item=1484294659&perks=839105230,106909392,2890807135,4293542123
dimwishlist:item=1484294659&perks=839105230,106909392,2890807135,657025441
dimwishlist:item=1484294659&perks=839105230,106909392,2890807135,3201496230
dimwishlist:item=1484294659&perks=839105230,106909392,1820235745,4293542123
dimwishlist:item=1484294659&perks=839105230,106909392,1820235745,657025441
dimwishlist:item=1484294659&perks=839105230,106909392,1820235745,3201496230
dimwishlist:item=1484294659&perks=839105230,106909392,2360347339,4293542123
dimwishlist:item=1484294659&perks=839105230,106909392,2360347339,657025441
dimwishlist:item=1484294659&perks=839105230,106909392,2360347339,3201496230
dimwishlist:item=1484294659&perks=4090651448,1431678320,2890807135,4293542123
dimwishlist:item=1484294659&perks=4090651448,1431678320,2890807135,657025441
dimwishlist:item=1484294659&perks=4090651448,1431678320,2890807135,3201496230
dimwishlist:item=1484294659&perks=4090651448,1431678320,1820235745,4293542123
dimwishlist:item=1484294659&perks=4090651448,1431678320,1820235745,657025441
dimwishlist:item=1484294659&perks=4090651448,1431678320,1820235745,3201496230
dimwishlist:item=1484294659&perks=4090651448,1431678320,2360347339,4293542123
dimwishlist:item=1484294659&perks=4090651448,1431678320,2360347339,657025441
dimwishlist:item=1484294659&perks=4090651448,1431678320,2360347339,3201496230
dimwishlist:item=1484294659&perks=4090651448,1087426260,2890807135,4293542123
dimwishlist:item=1484294659&perks=4090651448,1087426260,2890807135,657025441
dimwishlist:item=1484294659&perks=4090651448,1087426260,2890807135,3201496230
dimwishlist:item=1484294659&perks=4090651448,1087426260,1820235745,4293542123
dimwishlist:item=1484294659&perks=4090651448,1087426260,1820235745,657025441
dimwishlist:item=1484294659&perks=4090651448,1087426260,1820235745,3201496230
dimwishlist:item=1484294659&perks=4090651448,1087426260,2360347339,4293542123
dimwishlist:item=1484294659&perks=4090651448,1087426260,2360347339,657025441
dimwishlist:item=1484294659&perks=4090651448,1087426260,2360347339,3201496230
dimwishlist:item=1484294659&perks=4090651448,1561002382,2890807135,4293542123
dimwishlist:item=1484294659&perks=4090651448,1561002382,2890807135,657025441
dimwishlist:item=1484294659&perks=4090651448,1561002382,2890807135,3201496230
dimwishlist:item=1484294659&perks=4090651448,1561002382,1820235745,4293542123
dimwishlist:item=1484294659&perks=4090651448,1561002382,1820235745,657025441
dimwishlist:item=1484294659&perks=4090651448,1561002382,1820235745,3201496230
dimwishlist:item=1484294659&perks=4090651448,1561002382,2360347339,4293542123
dimwishlist:item=1484294659&perks=4090651448,1561002382,2360347339,657025441
dimwishlist:item=1484294659&perks=4090651448,1561002382,2360347339,3201496230
dimwishlist:item=1484294659&perks=4090651448,3230963543,2890807135,4293542123
dimwishlist:item=1484294659&perks=4090651448,3230963543,2890807135,657025441
dimwishlist:item=1484294659&perks=4090651448,3230963543,2890807135,3201496230
dimwishlist:item=1484294659&perks=4090651448,3230963543,1820235745,4293542123
dimwishlist:item=1484294659&perks=4090651448,3230963543,1820235745,657025441
dimwishlist:item=1484294659&perks=4090651448,3230963543,1820235745,3201496230
dimwishlist:item=1484294659&perks=4090651448,3230963543,2360347339,4293542123
dimwishlist:item=1484294659&perks=4090651448,3230963543,2360347339,657025441
dimwishlist:item=1484294659&perks=4090651448,3230963543,2360347339,3201496230
dimwishlist:item=1484294659&perks=4090651448,679225683,2890807135,4293542123
dimwishlist:item=1484294659&perks=4090651448,679225683,2890807135,657025441
dimwishlist:item=1484294659&perks=4090651448,679225683,2890807135,3201496230
dimwishlist:item=1484294659&perks=4090651448,679225683,1820235745,4293542123
dimwishlist:item=1484294659&perks=4090651448,679225683,1820235745,657025441
dimwishlist:item=1484294659&perks=4090651448,679225683,1820235745,3201496230
dimwishlist:item=1484294659&perks=4090651448,679225683,2360347339,4293542123
dimwishlist:item=1484294659&perks=4090651448,679225683,2360347339,657025441
dimwishlist:item=1484294659&perks=4090651448,679225683,2360347339,3201496230
dimwishlist:item=1484294659&perks=4090651448,106909392,2890807135,4293542123
dimwishlist:item=1484294659&perks=4090651448,106909392,2890807135,657025441
dimwishlist:item=1484294659&perks=4090651448,106909392,2890807135,3201496230
dimwishlist:item=1484294659&perks=4090651448,106909392,1820235745,4293542123
dimwishlist:item=1484294659&perks=4090651448,106909392,1820235745,657025441
dimwishlist:item=1484294659&perks=4090651448,106909392,1820235745,3201496230
dimwishlist:item=1484294659&perks=4090651448,106909392,2360347339,4293542123
dimwishlist:item=1484294659&perks=4090651448,106909392,2360347339,657025441
dimwishlist:item=1484294659&perks=4090651448,106909392,2360347339,3201496230
dimwishlist:item=1484294659&perks=1840239774,1431678320,2890807135,4293542123
dimwishlist:item=1484294659&perks=1840239774,1431678320,2890807135,657025441
dimwishlist:item=1484294659&perks=1840239774,1431678320,2890807135,3201496230
dimwishlist:item=1484294659&perks=1840239774,1431678320,1820235745,4293542123
dimwishlist:item=1484294659&perks=1840239774,1431678320,1820235745,657025441
dimwishlist:item=1484294659&perks=1840239774,1431678320,1820235745,3201496230
dimwishlist:item=1484294659&perks=1840239774,1431678320,2360347339,4293542123
dimwishlist:item=1484294659&perks=1840239774,1431678320,2360347339,657025441
dimwishlist:item=1484294659&perks=1840239774,1431678320,2360347339,3201496230
dimwishlist:item=1484294659&perks=1840239774,1087426260,2890807135,4293542123
dimwishlist:item=1484294659&perks=1840239774,1087426260,2890807135,657025441
dimwishlist:item=1484294659&perks=1840239774,1087426260,2890807135,3201496230
dimwishlist:item=1484294659&perks=1840239774,1087426260,1820235745,4293542123
dimwishlist:item=1484294659&perks=1840239774,1087426260,1820235745,657025441
dimwishlist:item=1484294659&perks=1840239774,1087426260,1820235745,3201496230
dimwishlist:item=1484294659&perks=1840239774,1087426260,2360347339,4293542123
dimwishlist:item=1484294659&perks=1840239774,1087426260,2360347339,657025441
dimwishlist:item=1484294659&perks=1840239774,1087426260,2360347339,3201496230
dimwishlist:item=1484294659&perks=1840239774,1561002382,2890807135,4293542123
dimwishlist:item=1484294659&perks=1840239774,1561002382,2890807135,657025441
dimwishlist:item=1484294659&perks=1840239774,1561002382,2890807135,3201496230
dimwishlist:item=1484294659&perks=1840239774,1561002382,1820235745,4293542123
dimwishlist:item=1484294659&perks=1840239774,1561002382,1820235745,657025441
dimwishlist:item=1484294659&perks=1840239774,1561002382,1820235745,3201496230
dimwishlist:item=1484294659&perks=1840239774,1561002382,2360347339,4293542123
dimwishlist:item=1484294659&perks=1840239774,1561002382,2360347339,657025441
dimwishlist:item=1484294659&perks=1840239774,1561002382,2360347339,3201496230
dimwishlist:item=1484294659&perks=1840239774,3230963543,2890807135,4293542123
dimwishlist:item=1484294659&perks=1840239774,3230963543,2890807135,657025441
dimwishlist:item=1484294659&perks=1840239774,3230963543,2890807135,3201496230
dimwishlist:item=1484294659&perks=1840239774,3230963543,1820235745,4293542123
dimwishlist:item=1484294659&perks=1840239774,3230963543,1820235745,657025441
dimwishlist:item=1484294659&perks=1840239774,3230963543,1820235745,3201496230
dimwishlist:item=1484294659&perks=1840239774,3230963543,2360347339,4293542123
dimwishlist:item=1484294659&perks=1840239774,3230963543,2360347339,657025441
dimwishlist:item=1484294659&perks=1840239774,3230963543,2360347339,3201496230
dimwishlist:item=1484294659&perks=1840239774,679225683,2890807135,4293542123
dimwishlist:item=1484294659&perks=1840239774,679225683,2890807135,657025441
dimwishlist:item=1484294659&perks=1840239774,679225683,2890807135,3201496230
dimwishlist:item=1484294659&perks=1840239774,679225683,1820235745,4293542123
dimwishlist:item=1484294659&perks=1840239774,679225683,1820235745,657025441
dimwishlist:item=1484294659&perks=1840239774,679225683,1820235745,3201496230
dimwishlist:item=1484294659&perks=1840239774,679225683,2360347339,4293542123
dimwishlist:item=1484294659&perks=1840239774,679225683,2360347339,657025441
dimwishlist:item=1484294659&perks=1840239774,679225683,2360347339,3201496230
dimwishlist:item=1484294659&perks=1840239774,106909392,2890807135,4293542123
dimwishlist:item=1484294659&perks=1840239774,106909392,2890807135,657025441
dimwishlist:item=1484294659&perks=1840239774,106909392,2890807135,3201496230
dimwishlist:item=1484294659&perks=1840239774,106909392,1820235745,4293542123
dimwishlist:item=1484294659&perks=1840239774,106909392,1820235745,657025441
dimwishlist:item=1484294659&perks=1840239774,106909392,1820235745,3201496230
dimwishlist:item=1484294659&perks=1840239774,106909392,2360347339,4293542123
dimwishlist:item=1484294659&perks=1840239774,106909392,2360347339,657025441
dimwishlist:item=1484294659&perks=1840239774,106909392,2360347339,3201496230
dimwishlist:item=1484294659&perks=3250034553,1431678320,2890807135,4293542123
dimwishlist:item=1484294659&perks=3250034553,1431678320,2890807135,657025441
dimwishlist:item=1484294659&perks=3250034553,1431678320,2890807135,3201496230
dimwishlist:item=1484294659&perks=3250034553,1431678320,1820235745,4293542123
dimwishlist:item=1484294659&perks=3250034553,1431678320,1820235745,657025441
dimwishlist:item=1484294659&perks=3250034553,1431678320,1820235745,3201496230
dimwishlist:item=1484294659&perks=3250034553,1431678320,2360347339,4293542123
dimwishlist:item=1484294659&perks=3250034553,1431678320,2360347339,657025441
dimwishlist:item=1484294659&perks=3250034553,1431678320,2360347339,3201496230
dimwishlist:item=1484294659&perks=3250034553,1087426260,2890807135,4293542123
dimwishlist:item=1484294659&perks=3250034553,1087426260,2890807135,657025441
dimwishlist:item=1484294659&perks=3250034553,1087426260,2890807135,3201496230
dimwishlist:item=1484294659&perks=3250034553,1087426260,1820235745,4293542123
dimwishlist:item=1484294659&perks=3250034553,1087426260,1820235745,657025441
dimwishlist:item=1484294659&perks=3250034553,1087426260,1820235745,3201496230
dimwishlist:item=1484294659&perks=3250034553,1087426260,2360347339,4293542123
dimwishlist:item=1484294659&perks=3250034553,1087426260,2360347339,657025441
dimwishlist:item=1484294659&perks=3250034553,1087426260,2360347339,3201496230
dimwishlist:item=1484294659&perks=3250034553,1561002382,2890807135,4293542123
dimwishlist:item=1484294659&perks=3250034553,1561002382,2890807135,657025441
dimwishlist:item=1484294659&perks=3250034553,1561002382,2890807135,3201496230
dimwishlist:item=1484294659&perks=3250034553,1561002382,1820235745,4293542123
dimwishlist:item=1484294659&perks=3250034553,1561002382,1820235745,657025441
dimwishlist:item=1484294659&perks=3250034553,1561002382,1820235745,3201496230
dimwishlist:item=1484294659&perks=3250034553,1561002382,2360347339,4293542123
dimwishlist:item=1484294659&perks=3250034553,1561002382,2360347339,657025441
dimwishlist:item=1484294659&perks=3250034553,1561002382,2360347339,3201496230
dimwishlist:item=1484294659&perks=3250034553,3230963543,2890807135,4293542123
dimwishlist:item=1484294659&perks=3250034553,3230963543,2890807135,657025441
dimwishlist:item=1484294659&perks=3250034553,3230963543,2890807135,3201496230
dimwishlist:item=1484294659&perks=3250034553,3230963543,1820235745,4293542123
dimwishlist:item=1484294659&perks=3250034553,3230963543,1820235745,657025441
dimwishlist:item=1484294659&perks=3250034553,3230963543,1820235745,3201496230
dimwishlist:item=1484294659&perks=3250034553,3230963543,2360347339,4293542123
dimwishlist:item=1484294659&perks=3250034553,3230963543,2360347339,657025441
dimwishlist:item=1484294659&perks=3250034553,3230963543,2360347339,3201496230
dimwishlist:item=1484294659&perks=3250034553,679225683,2890807135,4293542123
dimwishlist:item=1484294659&perks=3250034553,679225683,2890807135,657025441
dimwishlist:item=1484294659&perks=3250034553,679225683,2890807135,3201496230
dimwishlist:item=1484294659&perks=3250034553,679225683,1820235745,4293542123
dimwishlist:item=1484294659&perks=3250034553,679225683,1820235745,657025441
dimwishlist:item=1484294659&perks=3250034553,679225683,1820235745,3201496230
dimwishlist:item=1484294659&perks=3250034553,679225683,2360347339,4293542123
dimwishlist:item=1484294659&perks=3250034553,679225683,2360347339,657025441
dimwishlist:item=1484294659&perks=3250034553,679225683,2360347339,3201496230
dimwishlist:item=1484294659&perks=3250034553,106909392,2890807135,4293542123
dimwishlist:item=1484294659&perks=3250034553,106909392,2890807135,657025441
dimwishlist:item=1484294659&perks=3250034553,106909392,2890807135,3201496230
dimwishlist:item=1484294659&perks=3250034553,106909392,1820235745,4293542123
dimwishlist:item=1484294659&perks=3250034553,106909392,1820235745,657025441
dimwishlist:item=1484294659&perks=3250034553,106909392,1820235745,3201496230
dimwishlist:item=1484294659&perks=3250034553,106909392,2360347339,4293542123
dimwishlist:item=1484294659&perks=3250034553,106909392,2360347339,657025441
dimwishlist:item=1484294659&perks=3250034553,106909392,2360347339,3201496230
dimwishlist:item=1484294659&perks=1392496348,1431678320,2890807135,4293542123
dimwishlist:item=1484294659&perks=1392496348,1431678320,2890807135,657025441
dimwishlist:item=1484294659&perks=1392496348,1431678320,2890807135,3201496230
dimwishlist:item=1484294659&perks=1392496348,1431678320,1820235745,4293542123
dimwishlist:item=1484294659&perks=1392496348,1431678320,1820235745,657025441
dimwishlist:item=1484294659&perks=1392496348,1431678320,1820235745,3201496230
dimwishlist:item=1484294659&perks=1392496348,1431678320,2360347339,4293542123
dimwishlist:item=1484294659&perks=1392496348,1431678320,2360347339,657025441
dimwishlist:item=1484294659&perks=1392496348,1431678320,2360347339,3201496230
dimwishlist:item=1484294659&perks=1392496348,1087426260,2890807135,4293542123
dimwishlist:item=1484294659&perks=1392496348,1087426260,2890807135,657025441
dimwishlist:item=1484294659&perks=1392496348,1087426260,2890807135,3201496230
dimwishlist:item=1484294659&perks=1392496348,1087426260,1820235745,4293542123
dimwishlist:item=1484294659&perks=1392496348,1087426260,1820235745,657025441
dimwishlist:item=1484294659&perks=1392496348,1087426260,1820235745,3201496230
dimwishlist:item=1484294659&perks=1392496348,1087426260,2360347339,4293542123
dimwishlist:item=1484294659&perks=1392496348,1087426260,2360347339,657025441
dimwishlist:item=1484294659&perks=1392496348,1087426260,2360347339,3201496230
dimwishlist:item=1484294659&perks=1392496348,1561002382,2890807135,4293542123
dimwishlist:item=1484294659&perks=1392496348,1561002382,2890807135,657025441
dimwishlist:item=1484294659&perks=1392496348,1561002382,2890807135,3201496230
dimwishlist:item=1484294659&perks=1392496348,1561002382,1820235745,4293542123
dimwishlist:item=1484294659&perks=1392496348,1561002382,1820235745,657025441
dimwishlist:item=1484294659&perks=1392496348,1561002382,1820235745,3201496230
dimwishlist:item=1484294659&perks=1392496348,1561002382,2360347339,4293542123
dimwishlist:item=1484294659&perks=1392496348,1561002382,2360347339,657025441
dimwishlist:item=1484294659&perks=1392496348,1561002382,2360347339,3201496230
dimwishlist:item=1484294659&perks=1392496348,3230963543,2890807135,4293542123
dimwishlist:item=1484294659&perks=1392496348,3230963543,2890807135,657025441
dimwishlist:item=1484294659&perks=1392496348,3230963543,2890807135,3201496230
dimwishlist:item=1484294659&perks=1392496348,3230963543,1820235745,4293542123
dimwishlist:item=1484294659&perks=1392496348,3230963543,1820235745,657025441
dimwishlist:item=1484294659&perks=1392496348,3230963543,1820235745,3201496230
dimwishlist:item=1484294659&perks=1392496348,3230963543,2360347339,4293542123
dimwishlist:item=1484294659&perks=1392496348,3230963543,2360347339,657025441
dimwishlist:item=1484294659&perks=1392496348,3230963543,2360347339,3201496230
dimwishlist:item=1484294659&perks=1392496348,679225683,2890807135,4293542123
dimwishlist:item=1484294659&perks=1392496348,679225683,2890807135,657025441
dimwishlist:item=1484294659&perks=1392496348,679225683,2890807135,3201496230
dimwishlist:item=1484294659&perks=1392496348,679225683,1820235745,4293542123
dimwishlist:item=1484294659&perks=1392496348,679225683,1820235745,657025441
dimwishlist:item=1484294659&perks=1392496348,679225683,1820235745,3201496230
dimwishlist:item=1484294659&perks=1392496348,679225683,2360347339,4293542123
dimwishlist:item=1484294659&perks=1392496348,679225683,2360347339,657025441
dimwishlist:item=1484294659&perks=1392496348,679225683,2360347339,3201496230
dimwishlist:item=1484294659&perks=1392496348,106909392,2890807135,4293542123
dimwishlist:item=1484294659&perks=1392496348,106909392,2890807135,657025441
dimwishlist:item=1484294659&perks=1392496348,106909392,2890807135,3201496230
dimwishlist:item=1484294659&perks=1392496348,106909392,1820235745,4293542123
dimwishlist:item=1484294659&perks=1392496348,106909392,1820235745,657025441
dimwishlist:item=1484294659&perks=1392496348,106909392,1820235745,3201496230
dimwishlist:item=1484294659&perks=1392496348,106909392,2360347339,4293542123
dimwishlist:item=1484294659&perks=1392496348,106909392,2360347339,657025441
dimwishlist:item=1484294659&perks=1392496348,106909392,2360347339,3201496230
dimwishlist:item=1484294659&perks=1482024992,1431678320,2890807135,4293542123
dimwishlist:item=1484294659&perks=1482024992,1431678320,2890807135,657025441
dimwishlist:item=1484294659&perks=1482024992,1431678320,2890807135,3201496230
dimwishlist:item=1484294659&perks=1482024992,1431678320,1820235745,4293542123
dimwishlist:item=1484294659&perks=1482024992,1431678320,1820235745,657025441
dimwishlist:item=1484294659&perks=1482024992,1431678320,1820235745,3201496230
dimwishlist:item=1484294659&perks=1482024992,1431678320,2360347339,4293542123
dimwishlist:item=1484294659&perks=1482024992,1431678320,2360347339,657025441
dimwishlist:item=1484294659&perks=1482024992,1431678320,2360347339,3201496230
dimwishlist:item=1484294659&perks=1482024992,1087426260,2890807135,4293542123
dimwishlist:item=1484294659&perks=1482024992,1087426260,2890807135,657025441
dimwishlist:item=1484294659&perks=1482024992,1087426260,2890807135,3201496230
dimwishlist:item=1484294659&perks=1482024992,1087426260,1820235745,4293542123
dimwishlist:item=1484294659&perks=1482024992,1087426260,1820235745,657025441
dimwishlist:item=1484294659&perks=1482024992,1087426260,1820235745,3201496230
dimwishlist:item=1484294659&perks=1482024992,1087426260,2360347339,4293542123
dimwishlist:item=1484294659&perks=1482024992,1087426260,2360347339,657025441
dimwishlist:item=1484294659&perks=1482024992,1087426260,2360347339,3201496230
dimwishlist:item=1484294659&perks=1482024992,1561002382,2890807135,4293542123
dimwishlist:item=1484294659&perks=1482024992,1561002382,2890807135,657025441
dimwishlist:item=1484294659&perks=1482024992,1561002382,2890807135,3201496230
dimwishlist:item=1484294659&perks=1482024992,1561002382,1820235745,4293542123
dimwishlist:item=1484294659&perks=1482024992,1561002382,1820235745,657025441
dimwishlist:item=1484294659&perks=1482024992,1561002382,1820235745,3201496230
dimwishlist:item=1484294659&perks=1482024992,1561002382,2360347339,4293542123
dimwishlist:item=1484294659&perks=1482024992,1561002382,2360347339,657025441
dimwishlist:item=1484294659&perks=1482024992,1561002382,2360347339,3201496230
dimwishlist:item=1484294659&perks=1482024992,3230963543,2890807135,4293542123
dimwishlist:item=1484294659&perks=1482024992,3230963543,2890807135,657025441
dimwishlist:item=1484294659&perks=1482024992,3230963543,2890807135,3201496230
dimwishlist:item=1484294659&perks=1482024992,3230963543,1820235745,4293542123
dimwishlist:item=1484294659&perks=1482024992,3230963543,1820235745,657025441
dimwishlist:item=1484294659&perks=1482024992,3230963543,1820235745,3201496230
dimwishlist:item=1484294659&perks=1482024992,3230963543,2360347339,4293542123
dimwishlist:item=1484294659&perks=1482024992,3230963543,2360347339,657025441
dimwishlist:item=1484294659&perks=1482024992,3230963543,2360347339,3201496230
dimwishlist:item=1484294659&perks=1482024992,679225683,2890807135,4293542123
dimwishlist:item=1484294659&perks=1482024992,679225683,2890807135,657025441
dimwishlist:item=1484294659&perks=1482024992,679225683,2890807135,3201496230
dimwishlist:item=1484294659&perks=1482024992,679225683,1820235745,4293542123
dimwishlist:item=1484294659&perks=1482024992,679225683,1820235745,657025441
dimwishlist:item=1484294659&perks=1482024992,679225683,1820235745,3201496230
dimwishlist:item=1484294659&perks=1482024992,679225683,2360347339,4293542123
dimwishlist:item=1484294659&perks=1482024992,679225683,2360347339,657025441
dimwishlist:item=1484294659&perks=1482024992,679225683,2360347339,3201496230
dimwishlist:item=1484294659&perks=1482024992,106909392,2890807135,4293542123
dimwishlist:item=1484294659&perks=1482024992,106909392,2890807135,657025441
dimwishlist:item=1484294659&perks=1482024992,106909392,2890807135,3201496230
dimwishlist:item=1484294659&perks=1482024992,106909392,1820235745,4293542123
dimwishlist:item=1484294659&perks=1482024992,106909392,1820235745,657025441
dimwishlist:item=1484294659&perks=1482024992,106909392,1820235745,3201496230
dimwishlist:item=1484294659&perks=1482024992,106909392,2360347339,4293542123
dimwishlist:item=1484294659&perks=1482024992,106909392,2360347339,657025441
dimwishlist:item=1484294659&perks=1482024992,106909392,2360347339,3201496230


// Threat Level (god-pve)
//notes: tags:god-pve
dimwishlist:item=1523151869&perks=1332244541,1087426260,2679249093,2360754333
dimwishlist:item=1523151869&perks=1332244541,1087426260,2679249093,1226351311
dimwishlist:item=1523151869&perks=1332244541,1087426260,2679249093,3640170453
dimwishlist:item=1523151869&perks=1332244541,1087426260,1556840489,2360754333
dimwishlist:item=1523151869&perks=1332244541,1087426260,1556840489,1226351311
dimwishlist:item=1523151869&perks=1332244541,1087426260,1556840489,3640170453
dimwishlist:item=1523151869&perks=1332244541,1087426260,3751912585,2360754333
dimwishlist:item=1523151869&perks=1332244541,1087426260,3751912585,1226351311
dimwishlist:item=1523151869&perks=1332244541,1087426260,3751912585,3640170453
dimwishlist:item=1523151869&perks=1332244541,106909392,2679249093,2360754333
dimwishlist:item=1523151869&perks=1332244541,106909392,2679249093,1226351311
dimwishlist:item=1523151869&perks=1332244541,106909392,2679249093,3640170453
dimwishlist:item=1523151869&perks=1332244541,106909392,1556840489,2360754333
dimwishlist:item=1523151869&perks=1332244541,106909392,1556840489,1226351311
dimwishlist:item=1523151869&perks=1332244541,106909392,1556840489,3640170453
dimwishlist:item=1523151869&perks=1332244541,106909392,3751912585,2360754333
dimwishlist:item=1523151869&perks=1332244541,106909392,3751912585,1226351311
dimwishlist:item=1523151869&perks=1332244541,106909392,3751912585,3640170453
dimwishlist:item=1523151869&perks=1332244541,2420895100,2679249093,2360754333
dimwishlist:item=1523151869&perks=1332244541,2420895100,2679249093,1226351311
dimwishlist:item=1523151869&perks=1332244541,2420895100,2679249093,3640170453
dimwishlist:item=1523151869&perks=1332244541,2420895100,1556840489,2360754333
dimwishlist:item=1523151869&perks=1332244541,2420895100,1556840489,1226351311
dimwishlist:item=1523151869&perks=1332244541,2420895100,1556840489,3640170453
dimwishlist:item=1523151869&perks=1332244541,2420895100,3751912585,2360754333
dimwishlist:item=1523151869&perks=1332244541,2420895100,3751912585,1226351311
dimwishlist:item=1523151869&perks=1332244541,2420895100,3751912585,3640170453
dimwishlist:item=1523151869&perks=1482024992,1087426260,2679249093,2360754333
dimwishlist:item=1523151869&perks=1482024992,1087426260,2679249093,1226351311
dimwishlist:item=1523151869&perks=1482024992,1087426260,2679249093,3640170453
dimwishlist:item=1523151869&perks=1482024992,1087426260,1556840489,2360754333
dimwishlist:item=1523151869&perks=1482024992,1087426260,1556840489,1226351311
dimwishlist:item=1523151869&perks=1482024992,1087426260,1556840489,3640170453
dimwishlist:item=1523151869&perks=1482024992,1087426260,3751912585,2360754333
dimwishlist:item=1523151869&perks=1482024992,1087426260,3751912585,1226351311
dimwishlist:item=1523151869&perks=1482024992,1087426260,3751912585,3640170453
dimwishlist:item=1523151869&perks=1482024992,106909392,2679249093,2360754333
dimwishlist:item=1523151869&perks=1482024992,106909392,2679249093,1226351311
dimwishlist:item=1523151869&perks=1482024992,106909392,2679249093,3640170453
dimwishlist:item=1523151869&perks=1482024992,106909392,1556840489,2360754333
dimwishlist:item=1523151869&perks=1482024992,106909392,1556840489,1226351311
dimwishlist:item=1523151869&perks=1482024992,106909392,1556840489,3640170453
dimwishlist:item=1523151869&perks=1482024992,106909392,3751912585,2360754333
dimwishlist:item=1523151869&perks=1482024992,106909392,3751912585,1226351311
dimwishlist:item=1523151869&perks=1482024992,106909392,3751912585,3640170453
dimwishlist:item=1523151869&perks=1482024992,2420895100,2679249093,2360754333
dimwishlist:item=1523151869&perks=1482024992,2420895100,2679249093,1226351311
dimwishlist:item=1523151869&perks=1482024992,2420895100,2679249093,3640170453
dimwishlist:item=1523151869&perks=1482024992,2420895100,1556840489,2360754333
dimwishlist:item=1523151869&perks=1482024992,2420895100,1556840489,1226351311
dimwishlist:item=1523151869&perks=1482024992,2420895100,1556840489,3640170453
dimwishlist:item=1523151869&perks=1482024992,2420895100,3751912585,2360754333
dimwishlist:item=1523151869&perks=1482024992,2420895100,3751912585,1226351311
dimwishlist:item=1523151869&perks=1482024992,2420895100,3751912585,3640170453
dimwishlist:item=1523151869&perks=1300023272,1087426260,2679249093,2360754333
dimwishlist:item=1523151869&perks=1300023272,1087426260,2679249093,1226351311
dimwishlist:item=1523151869&perks=1300023272,1087426260,2679249093,3640170453
dimwishlist:item=1523151869&perks=1300023272,1087426260,1556840489,2360754333
dimwishlist:item=1523151869&perks=1300023272,1087426260,1556840489,1226351311
dimwishlist:item=1523151869&perks=1300023272,1087426260,1556840489,3640170453
dimwishlist:item=1523151869&perks=1300023272,1087426260,3751912585,2360754333
dimwishlist:item=1523151869&perks=1300023272,1087426260,3751912585,1226351311
dimwishlist:item=1523151869&perks=1300023272,1087426260,3751912585,3640170453
dimwishlist:item=1523151869&perks=1300023272,106909392,2679249093,2360754333
dimwishlist:item=1523151869&perks=1300023272,106909392,2679249093,1226351311
dimwishlist:item=1523151869&perks=1300023272,106909392,2679249093,3640170453
dimwishlist:item=1523151869&perks=1300023272,106909392,1556840489,2360754333
dimwishlist:item=1523151869&perks=1300023272,106909392,1556840489,1226351311
dimwishlist:item=1523151869&perks=1300023272,106909392,1556840489,3640170453
dimwishlist:item=1523151869&perks=1300023272,106909392,3751912585,2360754333
dimwishlist:item=1523151869&perks=1300023272,106909392,3751912585,1226351311
dimwishlist:item=1523151869&perks=1300023272,106909392,3751912585,3640170453
dimwishlist:item=1523151869&perks=1300023272,2420895100,2679249093,2360754333
dimwishlist:item=1523151869&perks=1300023272,2420895100,2679249093,1226351311
dimwishlist:item=1523151869&perks=1300023272,2420895100,2679249093,3640170453
dimwishlist:item=1523151869&perks=1300023272,2420895100,1556840489,2360754333
dimwishlist:item=1523151869&perks=1300023272,2420895100,1556840489,1226351311
dimwishlist:item=1523151869&perks=1300023272,2420895100,1556840489,3640170453
dimwishlist:item=1523151869&perks=1300023272,2420895100,3751912585,2360754333
dimwishlist:item=1523151869&perks=1300023272,2420895100,3751912585,1226351311
dimwishlist:item=1523151869&perks=1300023272,2420895100,3751912585,3640170453
dimwishlist:item=1523151869&perks=4090651448,1087426260,2679249093,2360754333
dimwishlist:item=1523151869&perks=4090651448,1087426260,2679249093,1226351311
dimwishlist:item=1523151869&perks=4090651448,1087426260,2679249093,3640170453
dimwishlist:item=1523151869&perks=4090651448,1087426260,1556840489,2360754333
dimwishlist:item=1523151869&perks=4090651448,1087426260,1556840489,1226351311
dimwishlist:item=1523151869&perks=4090651448,1087426260,1556840489,3640170453
dimwishlist:item=1523151869&perks=4090651448,1087426260,3751912585,2360754333
dimwishlist:item=1523151869&perks=4090651448,1087426260,3751912585,1226351311
dimwishlist:item=1523151869&perks=4090651448,1087426260,3751912585,3640170453
dimwishlist:item=1523151869&perks=4090651448,106909392,2679249093,2360754333
dimwishlist:item=1523151869&perks=4090651448,106909392,2679249093,1226351311
dimwishlist:item=1523151869&perks=4090651448,106909392,2679249093,3640170453
dimwishlist:item=1523151869&perks=4090651448,106909392,1556840489,2360754333
dimwishlist:item=1523151869&perks=4090651448,106909392,1556840489,1226351311
dimwishlist:item=1523151869&perks=4090651448,106909392,1556840489,3640170453
dimwishlist:item=1523151869&perks=4090651448,106909392,3751912585,2360754333
dimwishlist:item=1523151869&perks=4090651448,106909392,3751912585,1226351311
dimwishlist:item=1523151869&perks=4090651448,106909392,3751912585,3640170453
dimwishlist:item=1523151869&perks=4090651448,2420895100,2679249093,2360754333
dimwishlist:item=1523151869&perks=4090651448,2420895100,2679249093,1226351311
dimwishlist:item=1523151869&perks=4090651448,2420895100,2679249093,3640170453
dimwishlist:item=1523151869&perks=4090651448,2420895100,1556840489,2360754333
dimwishlist:item=1523151869&perks=4090651448,2420895100,1556840489,1226351311
dimwishlist:item=1523151869&perks=4090651448,2420895100,1556840489,3640170453
dimwishlist:item=1523151869&perks=4090651448,2420895100,3751912585,2360754333
dimwishlist:item=1523151869&perks=4090651448,2420895100,3751912585,1226351311
dimwishlist:item=1523151869&perks=4090651448,2420895100,3751912585,3640170453


// Chrysura Melo (god-pve)
//notes: tags:god-pve
dimwishlist:item=1750388538&perks=202670084,3142289711,2980589453,2173046394
dimwishlist:item=1750388538&perks=202670084,3142289711,2980589453,243981275
dimwishlist:item=1750388538&perks=202670084,3142289711,3966416502,2173046394
dimwishlist:item=1750388538&perks=202670084,3142289711,3966416502,243981275


// Non-Denouement (god-pve)
//notes: tags:god-pve
dimwishlist:item=1770490683&perks=2848615171,3640170453
dimwishlist:item=1770490683&perks=2848615171,2173046394
dimwishlist:item=1770490683&perks=2848615171,657025441
dimwishlist:item=1770490683&perks=3700496672,3640170453
dimwishlist:item=1770490683&perks=3700496672,2173046394
dimwishlist:item=1770490683&perks=3700496672,657025441
dimwishlist:item=1770490683&perks=2652708987,3640170453
dimwishlist:item=1770490683&perks=2652708987,2173046394
dimwishlist:item=1770490683&perks=2652708987,657025441


// No Hesitation (god-pve)
//notes: tags:god-pve
dimwishlist:item=1801007332&perks=202670084,3142289711,2980589453,4293542123
dimwishlist:item=1801007332&perks=202670084,3142289711,2980589453,243981275
dimwishlist:item=1801007332&perks=202670084,3142289711,2980589453,3640170453
dimwishlist:item=1801007332&perks=202670084,3142289711,2890807135,4293542123
dimwishlist:item=1801007332&perks=202670084,3142289711,2890807135,243981275
dimwishlist:item=1801007332&perks=202670084,3142289711,2890807135,3640170453


// Reckless Oracle (god-pve)
//notes: tags:god-pve
dimwishlist:item=1802315656&perks=1840239774,1431678320,2048641572,776531651
dimwishlist:item=1802315656&perks=1840239774,1431678320,2048641572,3640170453
dimwishlist:item=1802315656&perks=1840239774,1431678320,2048641572,1134488199
dimwishlist:item=1802315656&perks=1840239774,1431678320,3182497402,776531651
dimwishlist:item=1802315656&perks=1840239774,1431678320,3182497402,3640170453
dimwishlist:item=1802315656&perks=1840239774,1431678320,3182497402,1134488199
dimwishlist:item=1802315656&perks=1840239774,1431678320,4019266109,776531651
dimwishlist:item=1802315656&perks=1840239774,1431678320,4019266109,3640170453
dimwishlist:item=1802315656&perks=1840239774,1431678320,4019266109,1134488199
dimwishlist:item=1802315656&perks=1840239774,3230963543,2048641572,776531651
dimwishlist:item=1802315656&perks=1840239774,3230963543,2048641572,3640170453
dimwishlist:item=1802315656&perks=1840239774,3230963543,2048641572,1134488199
dimwishlist:item=1802315656&perks=1840239774,3230963543,3182497402,776531651
dimwishlist:item=1802315656&perks=1840239774,3230963543,3182497402,3640170453
dimwishlist:item=1802315656&perks=1840239774,3230963543,3182497402,1134488199
dimwishlist:item=1802315656&perks=1840239774,3230963543,4019266109,776531651
dimwishlist:item=1802315656&perks=1840239774,3230963543,4019266109,3640170453
dimwishlist:item=1802315656&perks=1840239774,3230963543,4019266109,1134488199
dimwishlist:item=1802315656&perks=1840239774,679225683,2048641572,776531651
dimwishlist:item=1802315656&perks=1840239774,679225683,2048641572,3640170453
dimwishlist:item=1802315656&perks=1840239774,679225683,2048641572,1134488199
dimwishlist:item=1802315656&perks=1840239774,679225683,3182497402,776531651
dimwishlist:item=1802315656&perks=1840239774,679225683,3182497402,3640170453
dimwishlist:item=1802315656&perks=1840239774,679225683,3182497402,1134488199
dimwishlist:item=1802315656&perks=1840239774,679225683,4019266109,776531651
dimwishlist:item=1802315656&perks=1840239774,679225683,4019266109,3640170453
dimwishlist:item=1802315656&perks=1840239774,679225683,4019266109,1134488199
dimwishlist:item=1802315656&perks=1840239774,106909392,2048641572,776531651
dimwishlist:item=1802315656&perks=1840239774,106909392,2048641572,3640170453
dimwishlist:item=1802315656&perks=1840239774,106909392,2048641572,1134488199
dimwishlist:item=1802315656&perks=1840239774,106909392,3182497402,776531651
dimwishlist:item=1802315656&perks=1840239774,106909392,3182497402,3640170453
dimwishlist:item=1802315656&perks=1840239774,106909392,3182497402,1134488199
dimwishlist:item=1802315656&perks=1840239774,106909392,4019266109,776531651
dimwishlist:item=1802315656&perks=1840239774,106909392,4019266109,3640170453
dimwishlist:item=1802315656&perks=1840239774,106909392,4019266109,1134488199
dimwishlist:item=1802315656&perks=839105230,1431678320,2048641572,776531651
dimwishlist:item=1802315656&perks=839105230,1431678320,2048641572,3640170453
dimwishlist:item=1802315656&perks=839105230,1431678320,2048641572,1134488199
dimwishlist:item=1802315656&perks=839105230,1431678320,3182497402,776531651
dimwishlist:item=1802315656&perks=839105230,1431678320,3182497402,3640170453
dimwishlist:item=1802315656&perks=839105230,1431678320,3182497402,1134488199
dimwishlist:item=1802315656&perks=839105230,1431678320,4019266109,776531651
dimwishlist:item=1802315656&perks=839105230,1431678320,4019266109,3640170453
dimwishlist:item=1802315656&perks=839105230,1431678320,4019266109,1134488199
dimwishlist:item=1802315656&perks=839105230,3230963543,2048641572,776531651
dimwishlist:item=1802315656&perks=839105230,3230963543,2048641572,3640170453
dimwishlist:item=1802315656&perks=839105230,3230963543,2048641572,1134488199
dimwishlist:item=1802315656&perks=839105230,3230963543,3182497402,776531651
dimwishlist:item=1802315656&perks=839105230,3230963543,3182497402,3640170453
dimwishlist:item=1802315656&perks=839105230,3230963543,3182497402,1134488199
dimwishlist:item=1802315656&perks=839105230,3230963543,4019266109,776531651
dimwishlist:item=1802315656&perks=839105230,3230963543,4019266109,3640170453
dimwishlist:item=1802315656&perks=839105230,3230963543,4019266109,1134488199
dimwishlist:item=1802315656&perks=839105230,679225683,2048641572,776531651
dimwishlist:item=1802315656&perks=839105230,679225683,2048641572,3640170453
dimwishlist:item=1802315656&perks=839105230,679225683,2048641572,1134488199
dimwishlist:item=1802315656&perks=839105230,679225683,3182497402,776531651
dimwishlist:item=1802315656&perks=839105230,679225683,3182497402,3640170453
dimwishlist:item=1802315656&perks=839105230,679225683,3182497402,1134488199
dimwishlist:item=1802315656&perks=839105230,679225683,4019266109,776531651
dimwishlist:item=1802315656&perks=839105230,679225683,4019266109,3640170453
dimwishlist:item=1802315656&perks=839105230,679225683,4019266109,1134488199
dimwishlist:item=1802315656&perks=839105230,106909392,2048641572,776531651
dimwishlist:item=1802315656&perks=839105230,106909392,2048641572,3640170453
dimwishlist:item=1802315656&perks=839105230,106909392,2048641572,1134488199
dimwishlist:item=1802315656&perks=839105230,106909392,3182497402,776531651
dimwishlist:item=1802315656&perks=839105230,106909392,3182497402,3640170453
dimwishlist:item=1802315656&perks=839105230,106909392,3182497402,1134488199
dimwishlist:item=1802315656&perks=839105230,106909392,4019266109,776531651
dimwishlist:item=1802315656&perks=839105230,106909392,4019266109,3640170453
dimwishlist:item=1802315656&perks=839105230,106909392,4019266109,1134488199
dimwishlist:item=1802315656&perks=4090651448,1431678320,2048641572,776531651
dimwishlist:item=1802315656&perks=4090651448,1431678320,2048641572,3640170453
dimwishlist:item=1802315656&perks=4090651448,1431678320,2048641572,1134488199
dimwishlist:item=1802315656&perks=4090651448,1431678320,3182497402,776531651
dimwishlist:item=1802315656&perks=4090651448,1431678320,3182497402,3640170453
dimwishlist:item=1802315656&perks=4090651448,1431678320,3182497402,1134488199
dimwishlist:item=1802315656&perks=4090651448,1431678320,4019266109,776531651
dimwishlist:item=1802315656&perks=4090651448,1431678320,4019266109,3640170453
dimwishlist:item=1802315656&perks=4090651448,1431678320,4019266109,1134488199
dimwishlist:item=1802315656&perks=4090651448,3230963543,2048641572,776531651
dimwishlist:item=1802315656&perks=4090651448,3230963543,2048641572,3640170453
dimwishlist:item=1802315656&perks=4090651448,3230963543,2048641572,1134488199
dimwishlist:item=1802315656&perks=4090651448,3230963543,3182497402,776531651
dimwishlist:item=1802315656&perks=4090651448,3230963543,3182497402,3640170453
dimwishlist:item=1802315656&perks=4090651448,3230963543,3182497402,1134488199
dimwishlist:item=1802315656&perks=4090651448,3230963543,4019266109,776531651
dimwishlist:item=1802315656&perks=4090651448,3230963543,4019266109,3640170453
dimwishlist:item=1802315656&perks=4090651448,3230963543,4019266109,1134488199
dimwishlist:item=1802315656&perks=4090651448,679225683,2048641572,776531651
dimwishlist:item=1802315656&perks=4090651448,679225683,2048641572,3640170453
dimwishlist:item=1802315656&perks=4090651448,679225683,2048641572,1134488199
dimwishlist:item=1802315656&perks=4090651448,679225683,3182497402,776531651
dimwishlist:item=1802315656&perks=4090651448,679225683,3182497402,3640170453
dimwishlist:item=1802315656&perks=4090651448,679225683,3182497402,1134488199
dimwishlist:item=1802315656&perks=4090651448,679225683,4019266109,776531651
dimwishlist:item=1802315656&perks=4090651448,679225683,4019266109,3640170453
dimwishlist:item=1802315656&perks=4090651448,679225683,4019266109,1134488199
dimwishlist:item=1802315656&perks=4090651448,106909392,2048641572,776531651
dimwishlist:item=1802315656&perks=4090651448,106909392,2048641572,3640170453
dimwishlist:item=1802315656&perks=4090651448,106909392,2048641572,1134488199
dimwishlist:item=1802315656&perks=4090651448,106909392,3182497402,776531651
dimwishlist:item=1802315656&perks=4090651448,106909392,3182497402,3640170453
dimwishlist:item=1802315656&perks=4090651448,106909392,3182497402,1134488199
dimwishlist:item=1802315656&perks=4090651448,106909392,4019266109,776531651
dimwishlist:item=1802315656&perks=4090651448,106909392,4019266109,3640170453
dimwishlist:item=1802315656&perks=4090651448,106909392,4019266109,1134488199
dimwishlist:item=1802315656&perks=3250034553,1431678320,2048641572,776531651
dimwishlist:item=1802315656&perks=3250034553,1431678320,2048641572,3640170453
dimwishlist:item=1802315656&perks=3250034553,1431678320,2048641572,1134488199
dimwishlist:item=1802315656&perks=3250034553,1431678320,3182497402,776531651
dimwishlist:item=1802315656&perks=3250034553,1431678320,3182497402,3640170453
dimwishlist:item=1802315656&perks=3250034553,1431678320,3182497402,1134488199
dimwishlist:item=1802315656&perks=3250034553,1431678320,4019266109,776531651
dimwishlist:item=1802315656&perks=3250034553,1431678320,4019266109,3640170453
dimwishlist:item=1802315656&perks=3250034553,1431678320,4019266109,1134488199
dimwishlist:item=1802315656&perks=3250034553,3230963543,2048641572,776531651
dimwishlist:item=1802315656&perks=3250034553,3230963543,2048641572,3640170453
dimwishlist:item=1802315656&perks=3250034553,3230963543,2048641572,1134488199
dimwishlist:item=1802315656&perks=3250034553,3230963543,3182497402,776531651
dimwishlist:item=1802315656&perks=3250034553,3230963543,3182497402,3640170453
dimwishlist:item=1802315656&perks=3250034553,3230963543,3182497402,1134488199
dimwishlist:item=1802315656&perks=3250034553,3230963543,4019266109,776531651
dimwishlist:item=1802315656&perks=3250034553,3230963543,4019266109,3640170453
dimwishlist:item=1802315656&perks=3250034553,3230963543,4019266109,1134488199
dimwishlist:item=1802315656&perks=3250034553,679225683,2048641572,776531651
dimwishlist:item=1802315656&perks=3250034553,679225683,2048641572,3640170453
dimwishlist:item=1802315656&perks=3250034553,679225683,2048641572,1134488199
dimwishlist:item=1802315656&perks=3250034553,679225683,3182497402,776531651
dimwishlist:item=1802315656&perks=3250034553,679225683,3182497402,3640170453
dimwishlist:item=1802315656&perks=3250034553,679225683,3182497402,1134488199
dimwishlist:item=1802315656&perks=3250034553,679225683,4019266109,776531651
dimwishlist:item=1802315656&perks=3250034553,679225683,4019266109,3640170453
dimwishlist:item=1802315656&perks=3250034553,679225683,4019266109,1134488199
dimwishlist:item=1802315656&perks=3250034553,106909392,2048641572,776531651
dimwishlist:item=1802315656&perks=3250034553,106909392,2048641572,3640170453
dimwishlist:item=1802315656&perks=3250034553,106909392,2048641572,1134488199
dimwishlist:item=1802315656&perks=3250034553,106909392,3182497402,776531651
dimwishlist:item=1802315656&perks=3250034553,106909392,3182497402,3640170453
dimwishlist:item=1802315656&perks=3250034553,106909392,3182497402,1134488199
dimwishlist:item=1802315656&perks=3250034553,106909392,4019266109,776531651
dimwishlist:item=1802315656&perks=3250034553,106909392,4019266109,3640170453
dimwishlist:item=1802315656&perks=3250034553,106909392,4019266109,1134488199
dimwishlist:item=1802315656&perks=1392496348,1431678320,2048641572,776531651
dimwishlist:item=1802315656&perks=1392496348,1431678320,2048641572,3640170453
dimwishlist:item=1802315656&perks=1392496348,1431678320,2048641572,1134488199
dimwishlist:item=1802315656&perks=1392496348,1431678320,3182497402,776531651
dimwishlist:item=1802315656&perks=1392496348,1431678320,3182497402,3640170453
dimwishlist:item=1802315656&perks=1392496348,1431678320,3182497402,1134488199
dimwishlist:item=1802315656&perks=1392496348,1431678320,4019266109,776531651
dimwishlist:item=1802315656&perks=1392496348,1431678320,4019266109,3640170453
dimwishlist:item=1802315656&perks=1392496348,1431678320,4019266109,1134488199
dimwishlist:item=1802315656&perks=1392496348,3230963543,2048641572,776531651
dimwishlist:item=1802315656&perks=1392496348,3230963543,2048641572,3640170453
dimwishlist:item=1802315656&perks=1392496348,3230963543,2048641572,1134488199
dimwishlist:item=1802315656&perks=1392496348,3230963543,3182497402,776531651
dimwishlist:item=1802315656&perks=1392496348,3230963543,3182497402,3640170453
dimwishlist:item=1802315656&perks=1392496348,3230963543,3182497402,1134488199
dimwishlist:item=1802315656&perks=1392496348,3230963543,4019266109,776531651
dimwishlist:item=1802315656&perks=1392496348,3230963543,4019266109,3640170453
dimwishlist:item=1802315656&perks=1392496348,3230963543,4019266109,1134488199
dimwishlist:item=1802315656&perks=1392496348,679225683,2048641572,776531651
dimwishlist:item=1802315656&perks=1392496348,679225683,2048641572,3640170453
dimwishlist:item=1802315656&perks=1392496348,679225683,2048641572,1134488199
dimwishlist:item=1802315656&perks=1392496348,679225683,3182497402,776531651
dimwishlist:item=1802315656&perks=1392496348,679225683,3182497402,3640170453
dimwishlist:item=1802315656&perks=1392496348,679225683,3182497402,1134488199
dimwishlist:item=1802315656&perks=1392496348,679225683,4019266109,776531651
dimwishlist:item=1802315656&perks=1392496348,679225683,4019266109,3640170453
dimwishlist:item=1802315656&perks=1392496348,679225683,4019266109,1134488199
dimwishlist:item=1802315656&perks=1392496348,106909392,2048641572,776531651
dimwishlist:item=1802315656&perks=1392496348,106909392,2048641572,3640170453
dimwishlist:item=1802315656&perks=1392496348,106909392,2048641572,1134488199
dimwishlist:item=1802315656&perks=1392496348,106909392,3182497402,776531651
dimwishlist:item=1802315656&perks=1392496348,106909392,3182497402,3640170453
dimwishlist:item=1802315656&perks=1392496348,106909392,3182497402,1134488199
dimwishlist:item=1802315656&perks=1392496348,106909392,4019266109,776531651
dimwishlist:item=1802315656&perks=1392496348,106909392,4019266109,3640170453
dimwishlist:item=1802315656&perks=1392496348,106909392,4019266109,1134488199
dimwishlist:item=1802315656&perks=1482024992,1431678320,2048641572,776531651
dimwishlist:item=1802315656&perks=1482024992,1431678320,2048641572,3640170453
dimwishlist:item=1802315656&perks=1482024992,1431678320,2048641572,1134488199
dimwishlist:item=1802315656&perks=1482024992,1431678320,3182497402,776531651
dimwishlist:item=1802315656&perks=1482024992,1431678320,3182497402,3640170453
dimwishlist:item=1802315656&perks=1482024992,1431678320,3182497402,1134488199
dimwishlist:item=1802315656&perks=1482024992,1431678320,4019266109,776531651
dimwishlist:item=1802315656&perks=1482024992,1431678320,4019266109,3640170453
dimwishlist:item=1802315656&perks=1482024992,1431678320,4019266109,1134488199
dimwishlist:item=1802315656&perks=1482024992,3230963543,2048641572,776531651
dimwishlist:item=1802315656&perks=1482024992,3230963543,2048641572,3640170453
dimwishlist:item=1802315656&perks=1482024992,3230963543,2048641572,1134488199
dimwishlist:item=1802315656&perks=1482024992,3230963543,3182497402,776531651
dimwishlist:item=1802315656&perks=1482024992,3230963543,3182497402,3640170453
dimwishlist:item=1802315656&perks=1482024992,3230963543,3182497402,1134488199
dimwishlist:item=1802315656&perks=1482024992,3230963543,4019266109,776531651
dimwishlist:item=1802315656&perks=1482024992,3230963543,4019266109,3640170453
dimwishlist:item=1802315656&perks=1482024992,3230963543,4019266109,1134488199
dimwishlist:item=1802315656&perks=1482024992,679225683,2048641572,776531651
dimwishlist:item=1802315656&perks=1482024992,679225683,2048641572,3640170453
dimwishlist:item=1802315656&perks=1482024992,679225683,2048641572,1134488199
dimwishlist:item=1802315656&perks=1482024992,679225683,3182497402,776531651
dimwishlist:item=1802315656&perks=1482024992,679225683,3182497402,3640170453
dimwishlist:item=1802315656&perks=1482024992,679225683,3182497402,1134488199
dimwishlist:item=1802315656&perks=1482024992,679225683,4019266109,776531651
dimwishlist:item=1802315656&perks=1482024992,679225683,4019266109,3640170453
dimwishlist:item=1802315656&perks=1482024992,679225683,4019266109,1134488199
dimwishlist:item=1802315656&perks=1482024992,106909392,2048641572,776531651
dimwishlist:item=1802315656&perks=1482024992,106909392,2048641572,3640170453
dimwishlist:item=1802315656&perks=1482024992,106909392,2048641572,1134488199
dimwishlist:item=1802315656&perks=1482024992,106909392,3182497402,776531651
dimwishlist:item=1802315656&perks=1482024992,106909392,3182497402,3640170453
dimwishlist:item=1802315656&perks=1482024992,106909392,3182497402,1134488199
dimwishlist:item=1802315656&perks=1482024992,106909392,4019266109,776531651
dimwishlist:item=1802315656&perks=1482024992,106909392,4019266109,3640170453
dimwishlist:item=1802315656&perks=1482024992,106909392,4019266109,1134488199


// Positive Outlook (god-pve)
//notes: tags:god-pve
dimwishlist:item=1832481283&perks=839105230,1431678320,776531651,2048641572,3713579091
dimwishlist:item=1832481283&perks=839105230,1431678320,776531651,2305480722,3713579091
dimwishlist:item=1832481283&perks=839105230,1431678320,1134488199,2048641572,3713579091
dimwishlist:item=1832481283&perks=839105230,1431678320,1134488199,2305480722,3713579091
dimwishlist:item=1832481283&perks=839105230,1561002382,776531651,2048641572,3713579091
dimwishlist:item=1832481283&perks=839105230,1561002382,776531651,2305480722,3713579091
dimwishlist:item=1832481283&perks=839105230,1561002382,1134488199,2048641572,3713579091
dimwishlist:item=1832481283&perks=839105230,1561002382,1134488199,2305480722,3713579091
dimwishlist:item=1832481283&perks=839105230,3230963543,776531651,2048641572,3713579091
dimwishlist:item=1832481283&perks=839105230,3230963543,776531651,2305480722,3713579091
dimwishlist:item=1832481283&perks=839105230,3230963543,1134488199,2048641572,3713579091
dimwishlist:item=1832481283&perks=839105230,3230963543,1134488199,2305480722,3713579091
dimwishlist:item=1832481283&perks=839105230,679225683,776531651,2048641572,3713579091
dimwishlist:item=1832481283&perks=839105230,679225683,776531651,2305480722,3713579091
dimwishlist:item=1832481283&perks=839105230,679225683,1134488199,2048641572,3713579091
dimwishlist:item=1832481283&perks=839105230,679225683,1134488199,2305480722,3713579091
dimwishlist:item=1832481283&perks=839105230,106909392,776531651,2048641572,3713579091
dimwishlist:item=1832481283&perks=839105230,106909392,776531651,2305480722,3713579091
dimwishlist:item=1832481283&perks=839105230,106909392,1134488199,2048641572,3713579091
dimwishlist:item=1832481283&perks=839105230,106909392,1134488199,2305480722,3713579091
dimwishlist:item=1832481283&perks=4090651448,1431678320,776531651,2048641572,3713579091
dimwishlist:item=1832481283&perks=4090651448,1431678320,776531651,2305480722,3713579091
dimwishlist:item=1832481283&perks=4090651448,1431678320,1134488199,2048641572,3713579091
dimwishlist:item=1832481283&perks=4090651448,1431678320,1134488199,2305480722,3713579091
dimwishlist:item=1832481283&perks=4090651448,1561002382,776531651,2048641572,3713579091
dimwishlist:item=1832481283&perks=4090651448,1561002382,776531651,2305480722,3713579091
dimwishlist:item=1832481283&perks=4090651448,1561002382,1134488199,2048641572,3713579091
dimwishlist:item=1832481283&perks=4090651448,1561002382,1134488199,2305480722,3713579091
dimwishlist:item=1832481283&perks=4090651448,3230963543,776531651,2048641572,3713579091
dimwishlist:item=1832481283&perks=4090651448,3230963543,776531651,2305480722,3713579091
dimwishlist:item=1832481283&perks=4090651448,3230963543,1134488199,2048641572,3713579091
dimwishlist:item=1832481283&perks=4090651448,3230963543,1134488199,2305480722,3713579091
dimwishlist:item=1832481283&perks=4090651448,679225683,776531651,2048641572,3713579091
dimwishlist:item=1832481283&perks=4090651448,679225683,776531651,2305480722,3713579091
dimwishlist:item=1832481283&perks=4090651448,679225683,1134488199,2048641572,3713579091
dimwishlist:item=1832481283&perks=4090651448,679225683,1134488199,2305480722,3713579091
dimwishlist:item=1832481283&perks=4090651448,106909392,776531651,2048641572,3713579091
dimwishlist:item=1832481283&perks=4090651448,106909392,776531651,2305480722,3713579091
dimwishlist:item=1832481283&perks=4090651448,106909392,1134488199,2048641572,3713579091
dimwishlist:item=1832481283&perks=4090651448,106909392,1134488199,2305480722,3713579091
dimwishlist:item=1832481283&perks=1840239774,1431678320,776531651,2048641572,3713579091
dimwishlist:item=1832481283&perks=1840239774,1431678320,776531651,2305480722,3713579091
dimwishlist:item=1832481283&perks=1840239774,1431678320,1134488199,2048641572,3713579091
dimwishlist:item=1832481283&perks=1840239774,1431678320,1134488199,2305480722,3713579091
dimwishlist:item=1832481283&perks=1840239774,1561002382,776531651,2048641572,3713579091
dimwishlist:item=1832481283&perks=1840239774,1561002382,776531651,2305480722,3713579091
dimwishlist:item=1832481283&perks=1840239774,1561002382,1134488199,2048641572,3713579091
dimwishlist:item=1832481283&perks=1840239774,1561002382,1134488199,2305480722,3713579091
dimwishlist:item=1832481283&perks=1840239774,3230963543,776531651,2048641572,3713579091
dimwishlist:item=1832481283&perks=1840239774,3230963543,776531651,2305480722,3713579091
dimwishlist:item=1832481283&perks=1840239774,3230963543,1134488199,2048641572,3713579091
dimwishlist:item=1832481283&perks=1840239774,3230963543,1134488199,2305480722,3713579091
dimwishlist:item=1832481283&perks=1840239774,679225683,776531651,2048641572,3713579091
dimwishlist:item=1832481283&perks=1840239774,679225683,776531651,2305480722,3713579091
dimwishlist:item=1832481283&perks=1840239774,679225683,1134488199,2048641572,3713579091
dimwishlist:item=1832481283&perks=1840239774,679225683,1134488199,2305480722,3713579091
dimwishlist:item=1832481283&perks=1840239774,106909392,776531651,2048641572,3713579091
dimwishlist:item=1832481283&perks=1840239774,106909392,776531651,2305480722,3713579091
dimwishlist:item=1832481283&perks=1840239774,106909392,1134488199,2048641572,3713579091
dimwishlist:item=1832481283&perks=1840239774,106909392,1134488199,2305480722,3713579091
dimwishlist:item=1832481283&perks=3250034553,1431678320,776531651,2048641572,3713579091
dimwishlist:item=1832481283&perks=3250034553,1431678320,776531651,2305480722,3713579091
dimwishlist:item=1832481283&perks=3250034553,1431678320,1134488199,2048641572,3713579091
dimwishlist:item=1832481283&perks=3250034553,1431678320,1134488199,2305480722,3713579091
dimwishlist:item=1832481283&perks=3250034553,1561002382,776531651,2048641572,3713579091
dimwishlist:item=1832481283&perks=3250034553,1561002382,776531651,2305480722,3713579091
dimwishlist:item=1832481283&perks=3250034553,1561002382,1134488199,2048641572,3713579091
dimwishlist:item=1832481283&perks=3250034553,1561002382,1134488199,2305480722,3713579091
dimwishlist:item=1832481283&perks=3250034553,3230963543,776531651,2048641572,3713579091
dimwishlist:item=1832481283&perks=3250034553,3230963543,776531651,2305480722,3713579091
dimwishlist:item=1832481283&perks=3250034553,3230963543,1134488199,2048641572,3713579091
dimwishlist:item=1832481283&perks=3250034553,3230963543,1134488199,2305480722,3713579091
dimwishlist:item=1832481283&perks=3250034553,679225683,776531651,2048641572,3713579091
dimwishlist:item=1832481283&perks=3250034553,679225683,776531651,2305480722,3713579091
dimwishlist:item=1832481283&perks=3250034553,679225683,1134488199,2048641572,3713579091
dimwishlist:item=1832481283&perks=3250034553,679225683,1134488199,2305480722,3713579091
dimwishlist:item=1832481283&perks=3250034553,106909392,776531651,2048641572,3713579091
dimwishlist:item=1832481283&perks=3250034553,106909392,776531651,2305480722,3713579091
dimwishlist:item=1832481283&perks=3250034553,106909392,1134488199,2048641572,3713579091
dimwishlist:item=1832481283&perks=3250034553,106909392,1134488199,2305480722,3713579091
dimwishlist:item=1832481283&perks=1392496348,1431678320,776531651,2048641572,3713579091
dimwishlist:item=1832481283&perks=1392496348,1431678320,776531651,2305480722,3713579091
dimwishlist:item=1832481283&perks=1392496348,1431678320,1134488199,2048641572,3713579091
dimwishlist:item=1832481283&perks=1392496348,1431678320,1134488199,2305480722,3713579091
dimwishlist:item=1832481283&perks=1392496348,1561002382,776531651,2048641572,3713579091
dimwishlist:item=1832481283&perks=1392496348,1561002382,776531651,2305480722,3713579091
dimwishlist:item=1832481283&perks=1392496348,1561002382,1134488199,2048641572,3713579091
dimwishlist:item=1832481283&perks=1392496348,1561002382,1134488199,2305480722,3713579091
dimwishlist:item=1832481283&perks=1392496348,3230963543,776531651,2048641572,3713579091
dimwishlist:item=1832481283&perks=1392496348,3230963543,776531651,2305480722,3713579091
dimwishlist:item=1832481283&perks=1392496348,3230963543,1134488199,2048641572,3713579091
dimwishlist:item=1832481283&perks=1392496348,3230963543,1134488199,2305480722,3713579091
dimwishlist:item=1832481283&perks=1392496348,679225683,776531651,2048641572,3713579091
dimwishlist:item=1832481283&perks=1392496348,679225683,776531651,2305480722,3713579091
dimwishlist:item=1832481283&perks=1392496348,679225683,1134488199,2048641572,3713579091
dimwishlist:item=1832481283&perks=1392496348,679225683,1134488199,2305480722,3713579091
dimwishlist:item=1832481283&perks=1392496348,106909392,776531651,2048641572,3713579091
dimwishlist:item=1832481283&perks=1392496348,106909392,776531651,2305480722,3713579091
dimwishlist:item=1832481283&perks=1392496348,106909392,1134488199,2048641572,3713579091
dimwishlist:item=1832481283&perks=1392496348,106909392,1134488199,2305480722,3713579091
dimwishlist:item=1832481283&perks=1482024992,1431678320,776531651,2048641572,3713579091
dimwishlist:item=1832481283&perks=1482024992,1431678320,776531651,2305480722,3713579091
dimwishlist:item=1832481283&perks=1482024992,1431678320,1134488199,2048641572,3713579091
dimwishlist:item=1832481283&perks=1482024992,1431678320,1134488199,2305480722,3713579091
dimwishlist:item=1832481283&perks=1482024992,1561002382,776531651,2048641572,3713579091
dimwishlist:item=1832481283&perks=1482024992,1561002382,776531651,2305480722,3713579091
dimwishlist:item=1832481283&perks=1482024992,1561002382,1134488199,2048641572,3713579091
dimwishlist:item=1832481283&perks=1482024992,1561002382,1134488199,2305480722,3713579091
dimwishlist:item=1832481283&perks=1482024992,3230963543,776531651,2048641572,3713579091
dimwishlist:item=1832481283&perks=1482024992,3230963543,776531651,2305480722,3713579091
dimwishlist:item=1832481283&perks=1482024992,3230963543,1134488199,2048641572,3713579091
dimwishlist:item=1832481283&perks=1482024992,3230963543,1134488199,2305480722,3713579091
dimwishlist:item=1832481283&perks=1482024992,679225683,776531651,2048641572,3713579091
dimwishlist:item=1832481283&perks=1482024992,679225683,776531651,2305480722,3713579091
dimwishlist:item=1832481283&perks=1482024992,679225683,1134488199,2048641572,3713579091
dimwishlist:item=1832481283&perks=1482024992,679225683,1134488199,2305480722,3713579091
dimwishlist:item=1832481283&perks=1482024992,106909392,776531651,2048641572,3713579091
dimwishlist:item=1832481283&perks=1482024992,106909392,776531651,2305480722,3713579091
dimwishlist:item=1832481283&perks=1482024992,106909392,1134488199,2048641572,3713579091
dimwishlist:item=1832481283&perks=1482024992,106909392,1134488199,2305480722,3713579091


// Psychopomp (god-pve)
//notes: tags:god-pve
dimwishlist:item=1835232052&perks=1844523823,2822142346,3300816228,3764420437
dimwishlist:item=1835232052&perks=1844523823,2822142346,3300816228,2173046394
dimwishlist:item=1835232052&perks=1844523823,2822142346,3300816228,654512643
dimwishlist:item=1835232052&perks=1844523823,2822142346,2360347339,3764420437
dimwishlist:item=1835232052&perks=1844523823,2822142346,2360347339,2173046394
dimwishlist:item=1835232052&perks=1844523823,2822142346,2360347339,654512643
dimwishlist:item=1835232052&perks=1844523823,2822142346,3218042543,3764420437
dimwishlist:item=1835232052&perks=1844523823,2822142346,3218042543,2173046394
dimwishlist:item=1835232052&perks=1844523823,2822142346,3218042543,654512643
dimwishlist:item=1835232052&perks=3809316345,2822142346,3300816228,3764420437
dimwishlist:item=1835232052&perks=3809316345,2822142346,3300816228,2173046394
dimwishlist:item=1835232052&perks=3809316345,2822142346,3300816228,654512643
dimwishlist:item=1835232052&perks=3809316345,2822142346,2360347339,3764420437
dimwishlist:item=1835232052&perks=3809316345,2822142346,2360347339,2173046394
dimwishlist:item=1835232052&perks=3809316345,2822142346,2360347339,654512643
dimwishlist:item=1835232052&perks=3809316345,2822142346,3218042543,3764420437
dimwishlist:item=1835232052&perks=3809316345,2822142346,3218042543,2173046394
dimwishlist:item=1835232052&perks=3809316345,2822142346,3218042543,654512643
dimwishlist:item=1835232052&perks=3525010810,2822142346,3300816228,3764420437
dimwishlist:item=1835232052&perks=3525010810,2822142346,3300816228,2173046394
dimwishlist:item=1835232052&perks=3525010810,2822142346,3300816228,654512643
dimwishlist:item=1835232052&perks=3525010810,2822142346,2360347339,3764420437
dimwishlist:item=1835232052&perks=3525010810,2822142346,2360347339,2173046394
dimwishlist:item=1835232052&perks=3525010810,2822142346,2360347339,654512643
dimwishlist:item=1835232052&perks=3525010810,2822142346,3218042543,3764420437
dimwishlist:item=1835232052&perks=3525010810,2822142346,3218042543,2173046394
dimwishlist:item=1835232052&perks=3525010810,2822142346,3218042543,654512643


// DECATUR 02 (god-pve)
//notes: tags:god-pve
dimwishlist:item=1850748385&perks=202670084,3142289711,2980589453,3201496230
dimwishlist:item=1850748385&perks=202670084,3142289711,2980589453,692399809
dimwishlist:item=1850748385&perks=202670084,3142289711,2980589453,3081867624
dimwishlist:item=1850748385&perks=202670084,3142289711,243981275,3201496230
dimwishlist:item=1850748385&perks=202670084,3142289711,243981275,692399809
dimwishlist:item=1850748385&perks=202670084,3142289711,243981275,3081867624
dimwishlist:item=1850748385&perks=202670084,3142289711,2922950962,3201496230
dimwishlist:item=1850748385&perks=202670084,3142289711,2922950962,692399809
dimwishlist:item=1850748385&perks=202670084,3142289711,2922950962,3081867624


// Reckless Oracle (god-pve)
//notes: tags:god-pve
dimwishlist:item=1992309064&perks=839105230,3230963543,2048641572,776531651
dimwishlist:item=1992309064&perks=839105230,3230963543,3182497402,776531651
dimwishlist:item=1992309064&perks=839105230,679225683,2048641572,776531651
dimwishlist:item=1992309064&perks=839105230,679225683,3182497402,776531651
dimwishlist:item=1992309064&perks=839105230,106909392,2048641572,776531651
dimwishlist:item=1992309064&perks=839105230,106909392,3182497402,776531651
dimwishlist:item=1992309064&perks=839105230,1431678320,2048641572,776531651
dimwishlist:item=1992309064&perks=839105230,1431678320,3182497402,776531651
dimwishlist:item=1992309064&perks=1840239774,3230963543,2048641572,776531651
dimwishlist:item=1992309064&perks=1840239774,3230963543,3182497402,776531651
dimwishlist:item=1992309064&perks=1840239774,679225683,2048641572,776531651
dimwishlist:item=1992309064&perks=1840239774,679225683,3182497402,776531651
dimwishlist:item=1992309064&perks=1840239774,106909392,2048641572,776531651
dimwishlist:item=1992309064&perks=1840239774,106909392,3182497402,776531651
dimwishlist:item=1992309064&perks=1840239774,1431678320,2048641572,776531651
dimwishlist:item=1992309064&perks=1840239774,1431678320,3182497402,776531651


// IRONWOOD 03 (god-pve)
//notes: tags:god-pve
dimwishlist:item=2041617874&perks=1300023272,1431678320,776531651,2048641572
dimwishlist:item=2041617874&perks=1300023272,1431678320,776531651,3708227201
dimwishlist:item=2041617874&perks=1300023272,1431678320,776531651,3324494224
dimwishlist:item=2041617874&perks=1300023272,1431678320,3182497402,2048641572
dimwishlist:item=2041617874&perks=1300023272,1431678320,3182497402,3708227201
dimwishlist:item=2041617874&perks=1300023272,1431678320,3182497402,3324494224
dimwishlist:item=2041617874&perks=1300023272,1431678320,3523296417,2048641572
dimwishlist:item=2041617874&perks=1300023272,1431678320,3523296417,3708227201
dimwishlist:item=2041617874&perks=1300023272,1431678320,3523296417,3324494224
dimwishlist:item=2041617874&perks=1300023272,106909392,776531651,2048641572
dimwishlist:item=2041617874&perks=1300023272,106909392,776531651,3708227201
dimwishlist:item=2041617874&perks=1300023272,106909392,776531651,3324494224
dimwishlist:item=2041617874&perks=1300023272,106909392,3182497402,2048641572
dimwishlist:item=2041617874&perks=1300023272,106909392,3182497402,3708227201
dimwishlist:item=2041617874&perks=1300023272,106909392,3182497402,3324494224
dimwishlist:item=2041617874&perks=1300023272,106909392,3523296417,2048641572
dimwishlist:item=2041617874&perks=1300023272,106909392,3523296417,3708227201
dimwishlist:item=2041617874&perks=1300023272,106909392,3523296417,3324494224
dimwishlist:item=2041617874&perks=1300023272,3230963543,776531651,2048641572
dimwishlist:item=2041617874&perks=1300023272,3230963543,776531651,3708227201
dimwishlist:item=2041617874&perks=1300023272,3230963543,776531651,3324494224
dimwishlist:item=2041617874&perks=1300023272,3230963543,3182497402,2048641572
dimwishlist:item=2041617874&perks=1300023272,3230963543,3182497402,3708227201
dimwishlist:item=2041617874&perks=1300023272,3230963543,3182497402,3324494224
dimwishlist:item=2041617874&perks=1300023272,3230963543,3523296417,2048641572
dimwishlist:item=2041617874&perks=1300023272,3230963543,3523296417,3708227201
dimwishlist:item=2041617874&perks=1300023272,3230963543,3523296417,3324494224
dimwishlist:item=2041617874&perks=1300023272,679225683,776531651,2048641572
dimwishlist:item=2041617874&perks=1300023272,679225683,776531651,3708227201
dimwishlist:item=2041617874&perks=1300023272,679225683,776531651,3324494224
dimwishlist:item=2041617874&perks=1300023272,679225683,3182497402,2048641572
dimwishlist:item=2041617874&perks=1300023272,679225683,3182497402,3708227201
dimwishlist:item=2041617874&perks=1300023272,679225683,3182497402,3324494224
dimwishlist:item=2041617874&perks=1300023272,679225683,3523296417,2048641572
dimwishlist:item=2041617874&perks=1300023272,679225683,3523296417,3708227201
dimwishlist:item=2041617874&perks=1300023272,679225683,3523296417,3324494224
dimwishlist:item=2041617874&perks=4090651448,1431678320,776531651,2048641572
dimwishlist:item=2041617874&perks=4090651448,1431678320,776531651,3708227201
dimwishlist:item=2041617874&perks=4090651448,1431678320,776531651,3324494224
dimwishlist:item=2041617874&perks=4090651448,1431678320,3182497402,2048641572
dimwishlist:item=2041617874&perks=4090651448,1431678320,3182497402,3708227201
dimwishlist:item=2041617874&perks=4090651448,1431678320,3182497402,3324494224
dimwishlist:item=2041617874&perks=4090651448,1431678320,3523296417,2048641572
dimwishlist:item=2041617874&perks=4090651448,1431678320,3523296417,3708227201
dimwishlist:item=2041617874&perks=4090651448,1431678320,3523296417,3324494224
dimwishlist:item=2041617874&perks=4090651448,106909392,776531651,2048641572
dimwishlist:item=2041617874&perks=4090651448,106909392,776531651,3708227201
dimwishlist:item=2041617874&perks=4090651448,106909392,776531651,3324494224
dimwishlist:item=2041617874&perks=4090651448,106909392,3182497402,2048641572
dimwishlist:item=2041617874&perks=4090651448,106909392,3182497402,3708227201
dimwishlist:item=2041617874&perks=4090651448,106909392,3182497402,3324494224
dimwishlist:item=2041617874&perks=4090651448,106909392,3523296417,2048641572
dimwishlist:item=2041617874&perks=4090651448,106909392,3523296417,3708227201
dimwishlist:item=2041617874&perks=4090651448,106909392,3523296417,3324494224
dimwishlist:item=2041617874&perks=4090651448,3230963543,776531651,2048641572
dimwishlist:item=2041617874&perks=4090651448,3230963543,776531651,3708227201
dimwishlist:item=2041617874&perks=4090651448,3230963543,776531651,3324494224
dimwishlist:item=2041617874&perks=4090651448,3230963543,3182497402,2048641572
dimwishlist:item=2041617874&perks=4090651448,3230963543,3182497402,3708227201
dimwishlist:item=2041617874&perks=4090651448,3230963543,3182497402,3324494224
dimwishlist:item=2041617874&perks=4090651448,3230963543,3523296417,2048641572
dimwishlist:item=2041617874&perks=4090651448,3230963543,3523296417,3708227201
dimwishlist:item=2041617874&perks=4090651448,3230963543,3523296417,3324494224
dimwishlist:item=2041617874&perks=4090651448,679225683,776531651,2048641572
dimwishlist:item=2041617874&perks=4090651448,679225683,776531651,3708227201
dimwishlist:item=2041617874&perks=4090651448,679225683,776531651,3324494224
dimwishlist:item=2041617874&perks=4090651448,679225683,3182497402,2048641572
dimwishlist:item=2041617874&perks=4090651448,679225683,3182497402,3708227201
dimwishlist:item=2041617874&perks=4090651448,679225683,3182497402,3324494224
dimwishlist:item=2041617874&perks=4090651448,679225683,3523296417,2048641572
dimwishlist:item=2041617874&perks=4090651448,679225683,3523296417,3708227201
dimwishlist:item=2041617874&perks=4090651448,679225683,3523296417,3324494224
dimwishlist:item=2041617874&perks=1482024992,1431678320,776531651,2048641572
dimwishlist:item=2041617874&perks=1482024992,1431678320,776531651,3708227201
dimwishlist:item=2041617874&perks=1482024992,1431678320,776531651,3324494224
dimwishlist:item=2041617874&perks=1482024992,1431678320,3182497402,2048641572
dimwishlist:item=2041617874&perks=1482024992,1431678320,3182497402,3708227201
dimwishlist:item=2041617874&perks=1482024992,1431678320,3182497402,3324494224
dimwishlist:item=2041617874&perks=1482024992,1431678320,3523296417,2048641572
dimwishlist:item=2041617874&perks=1482024992,1431678320,3523296417,3708227201
dimwishlist:item=2041617874&perks=1482024992,1431678320,3523296417,3324494224
dimwishlist:item=2041617874&perks=1482024992,106909392,776531651,2048641572
dimwishlist:item=2041617874&perks=1482024992,106909392,776531651,3708227201
dimwishlist:item=2041617874&perks=1482024992,106909392,776531651,3324494224
dimwishlist:item=2041617874&perks=1482024992,106909392,3182497402,2048641572
dimwishlist:item=2041617874&perks=1482024992,106909392,3182497402,3708227201
dimwishlist:item=2041617874&perks=1482024992,106909392,3182497402,3324494224
dimwishlist:item=2041617874&perks=1482024992,106909392,3523296417,2048641572
dimwishlist:item=2041617874&perks=1482024992,106909392,3523296417,3708227201
dimwishlist:item=2041617874&perks=1482024992,106909392,3523296417,3324494224
dimwishlist:item=2041617874&perks=1482024992,3230963543,776531651,2048641572
dimwishlist:item=2041617874&perks=1482024992,3230963543,776531651,3708227201
dimwishlist:item=2041617874&perks=1482024992,3230963543,776531651,3324494224
dimwishlist:item=2041617874&perks=1482024992,3230963543,3182497402,2048641572
dimwishlist:item=2041617874&perks=1482024992,3230963543,3182497402,3708227201
dimwishlist:item=2041617874&perks=1482024992,3230963543,3182497402,3324494224
dimwishlist:item=2041617874&perks=1482024992,3230963543,3523296417,2048641572
dimwishlist:item=2041617874&perks=1482024992,3230963543,3523296417,3708227201
dimwishlist:item=2041617874&perks=1482024992,3230963543,3523296417,3324494224
dimwishlist:item=2041617874&perks=1482024992,679225683,776531651,2048641572
dimwishlist:item=2041617874&perks=1482024992,679225683,776531651,3708227201
dimwishlist:item=2041617874&perks=1482024992,679225683,776531651,3324494224
dimwishlist:item=2041617874&perks=1482024992,679225683,3182497402,2048641572
dimwishlist:item=2041617874&perks=1482024992,679225683,3182497402,3708227201
dimwishlist:item=2041617874&perks=1482024992,679225683,3182497402,3324494224
dimwishlist:item=2041617874&perks=1482024992,679225683,3523296417,2048641572
dimwishlist:item=2041617874&perks=1482024992,679225683,3523296417,3708227201
dimwishlist:item=2041617874&perks=1482024992,679225683,3523296417,3324494224


// Arctic Haze (god-pve)
//notes: tags:god-pve
dimwishlist:item=2187337757&perks=839105230,106909392,4293542123,2890807135
dimwishlist:item=2187337757&perks=839105230,106909392,4293542123,3425386926
dimwishlist:item=2187337757&perks=839105230,106909392,3017780555,2890807135
dimwishlist:item=2187337757&perks=839105230,106909392,3017780555,3425386926
dimwishlist:item=2187337757&perks=839105230,1431678320,4293542123,2890807135
dimwishlist:item=2187337757&perks=839105230,1431678320,4293542123,3425386926
dimwishlist:item=2187337757&perks=839105230,1431678320,3017780555,2890807135
dimwishlist:item=2187337757&perks=839105230,1431678320,3017780555,3425386926
dimwishlist:item=2187337757&perks=839105230,3230963543,4293542123,2890807135
dimwishlist:item=2187337757&perks=839105230,3230963543,4293542123,3425386926
dimwishlist:item=2187337757&perks=839105230,3230963543,3017780555,2890807135
dimwishlist:item=2187337757&perks=839105230,3230963543,3017780555,3425386926
dimwishlist:item=2187337757&perks=839105230,679225683,4293542123,2890807135
dimwishlist:item=2187337757&perks=839105230,679225683,4293542123,3425386926
dimwishlist:item=2187337757&perks=839105230,679225683,3017780555,2890807135
dimwishlist:item=2187337757&perks=839105230,679225683,3017780555,3425386926
dimwishlist:item=2187337757&perks=1840239774,106909392,4293542123,2890807135
dimwishlist:item=2187337757&perks=1840239774,106909392,4293542123,3425386926
dimwishlist:item=2187337757&perks=1840239774,106909392,3017780555,2890807135
dimwishlist:item=2187337757&perks=1840239774,106909392,3017780555,3425386926
dimwishlist:item=2187337757&perks=1840239774,1431678320,4293542123,2890807135
dimwishlist:item=2187337757&perks=1840239774,1431678320,4293542123,3425386926
dimwishlist:item=2187337757&perks=1840239774,1431678320,3017780555,2890807135
dimwishlist:item=2187337757&perks=1840239774,1431678320,3017780555,3425386926
dimwishlist:item=2187337757&perks=1840239774,3230963543,4293542123,2890807135
dimwishlist:item=2187337757&perks=1840239774,3230963543,4293542123,3425386926
dimwishlist:item=2187337757&perks=1840239774,3230963543,3017780555,2890807135
dimwishlist:item=2187337757&perks=1840239774,3230963543,3017780555,3425386926
dimwishlist:item=2187337757&perks=1840239774,679225683,4293542123,2890807135
dimwishlist:item=2187337757&perks=1840239774,679225683,4293542123,3425386926
dimwishlist:item=2187337757&perks=1840239774,679225683,3017780555,2890807135
dimwishlist:item=2187337757&perks=1840239774,679225683,3017780555,3425386926
dimwishlist:item=2187337757&perks=4090651448,106909392,4293542123,2890807135
dimwishlist:item=2187337757&perks=4090651448,106909392,4293542123,3425386926
dimwishlist:item=2187337757&perks=4090651448,106909392,3017780555,2890807135
dimwishlist:item=2187337757&perks=4090651448,106909392,3017780555,3425386926
dimwishlist:item=2187337757&perks=4090651448,1431678320,4293542123,2890807135
dimwishlist:item=2187337757&perks=4090651448,1431678320,4293542123,3425386926
dimwishlist:item=2187337757&perks=4090651448,1431678320,3017780555,2890807135
dimwishlist:item=2187337757&perks=4090651448,1431678320,3017780555,3425386926
dimwishlist:item=2187337757&perks=4090651448,3230963543,4293542123,2890807135
dimwishlist:item=2187337757&perks=4090651448,3230963543,4293542123,3425386926
dimwishlist:item=2187337757&perks=4090651448,3230963543,3017780555,2890807135
dimwishlist:item=2187337757&perks=4090651448,3230963543,3017780555,3425386926
dimwishlist:item=2187337757&perks=4090651448,679225683,4293542123,2890807135
dimwishlist:item=2187337757&perks=4090651448,679225683,4293542123,3425386926
dimwishlist:item=2187337757&perks=4090651448,679225683,3017780555,2890807135
dimwishlist:item=2187337757&perks=4090651448,679225683,3017780555,3425386926
dimwishlist:item=2187337757&perks=1392496348,106909392,4293542123,2890807135
dimwishlist:item=2187337757&perks=1392496348,106909392,4293542123,3425386926
dimwishlist:item=2187337757&perks=1392496348,106909392,3017780555,2890807135
dimwishlist:item=2187337757&perks=1392496348,106909392,3017780555,3425386926
dimwishlist:item=2187337757&perks=1392496348,1431678320,4293542123,2890807135
dimwishlist:item=2187337757&perks=1392496348,1431678320,4293542123,3425386926
dimwishlist:item=2187337757&perks=1392496348,1431678320,3017780555,2890807135
dimwishlist:item=2187337757&perks=1392496348,1431678320,3017780555,3425386926
dimwishlist:item=2187337757&perks=1392496348,3230963543,4293542123,2890807135
dimwishlist:item=2187337757&perks=1392496348,3230963543,4293542123,3425386926
dimwishlist:item=2187337757&perks=1392496348,3230963543,3017780555,2890807135
dimwishlist:item=2187337757&perks=1392496348,3230963543,3017780555,3425386926
dimwishlist:item=2187337757&perks=1392496348,679225683,4293542123,2890807135
dimwishlist:item=2187337757&perks=1392496348,679225683,4293542123,3425386926
dimwishlist:item=2187337757&perks=1392496348,679225683,3017780555,2890807135
dimwishlist:item=2187337757&perks=1392496348,679225683,3017780555,3425386926
dimwishlist:item=2187337757&perks=1482024992,106909392,4293542123,2890807135
dimwishlist:item=2187337757&perks=1482024992,106909392,4293542123,3425386926
dimwishlist:item=2187337757&perks=1482024992,106909392,3017780555,2890807135
dimwishlist:item=2187337757&perks=1482024992,106909392,3017780555,3425386926
dimwishlist:item=2187337757&perks=1482024992,1431678320,4293542123,2890807135
dimwishlist:item=2187337757&perks=1482024992,1431678320,4293542123,3425386926
dimwishlist:item=2187337757&perks=1482024992,1431678320,3017780555,2890807135
dimwishlist:item=2187337757&perks=1482024992,1431678320,3017780555,3425386926
dimwishlist:item=2187337757&perks=1482024992,3230963543,4293542123,2890807135
dimwishlist:item=2187337757&perks=1482024992,3230963543,4293542123,3425386926
dimwishlist:item=2187337757&perks=1482024992,3230963543,3017780555,2890807135
dimwishlist:item=2187337757&perks=1482024992,3230963543,3017780555,3425386926
dimwishlist:item=2187337757&perks=1482024992,679225683,4293542123,2890807135
dimwishlist:item=2187337757&perks=1482024992,679225683,4293542123,3425386926
dimwishlist:item=2187337757&perks=1482024992,679225683,3017780555,2890807135
dimwishlist:item=2187337757&perks=1482024992,679225683,3017780555,3425386926


// Pluperfect (god-pve)
//notes: tags:god-pve
dimwishlist:item=2203881482&perks=839105230,1561002382,1517798362,3891536761
dimwishlist:item=2203881482&perks=839105230,1561002382,1517798362,3425386926
dimwishlist:item=2203881482&perks=839105230,1561002382,3418782618,3891536761
dimwishlist:item=2203881482&perks=839105230,1561002382,3418782618,3425386926
dimwishlist:item=2203881482&perks=839105230,1431678320,1517798362,3891536761
dimwishlist:item=2203881482&perks=839105230,1431678320,1517798362,3425386926
dimwishlist:item=2203881482&perks=839105230,1431678320,3418782618,3891536761
dimwishlist:item=2203881482&perks=839105230,1431678320,3418782618,3425386926
dimwishlist:item=2203881482&perks=839105230,3230963543,1517798362,3891536761
dimwishlist:item=2203881482&perks=839105230,3230963543,1517798362,3425386926
dimwishlist:item=2203881482&perks=839105230,3230963543,3418782618,3891536761
dimwishlist:item=2203881482&perks=839105230,3230963543,3418782618,3425386926
dimwishlist:item=2203881482&perks=839105230,679225683,1517798362,3891536761
dimwishlist:item=2203881482&perks=839105230,679225683,1517798362,3425386926
dimwishlist:item=2203881482&perks=839105230,679225683,3418782618,3891536761
dimwishlist:item=2203881482&perks=839105230,679225683,3418782618,3425386926
dimwishlist:item=2203881482&perks=839105230,106909392,1517798362,3891536761
dimwishlist:item=2203881482&perks=839105230,106909392,1517798362,3425386926
dimwishlist:item=2203881482&perks=839105230,106909392,3418782618,3891536761
dimwishlist:item=2203881482&perks=839105230,106909392,3418782618,3425386926
dimwishlist:item=2203881482&perks=1840239774,1561002382,1517798362,3891536761
dimwishlist:item=2203881482&perks=1840239774,1561002382,1517798362,3425386926
dimwishlist:item=2203881482&perks=1840239774,1561002382,3418782618,3891536761
dimwishlist:item=2203881482&perks=1840239774,1561002382,3418782618,3425386926
dimwishlist:item=2203881482&perks=1840239774,1431678320,1517798362,3891536761
dimwishlist:item=2203881482&perks=1840239774,1431678320,1517798362,3425386926
dimwishlist:item=2203881482&perks=1840239774,1431678320,3418782618,3891536761
dimwishlist:item=2203881482&perks=1840239774,1431678320,3418782618,3425386926
dimwishlist:item=2203881482&perks=1840239774,3230963543,1517798362,3891536761
dimwishlist:item=2203881482&perks=1840239774,3230963543,1517798362,3425386926
dimwishlist:item=2203881482&perks=1840239774,3230963543,3418782618,3891536761
dimwishlist:item=2203881482&perks=1840239774,3230963543,3418782618,3425386926
dimwishlist:item=2203881482&perks=1840239774,679225683,1517798362,3891536761
dimwishlist:item=2203881482&perks=1840239774,679225683,1517798362,3425386926
dimwishlist:item=2203881482&perks=1840239774,679225683,3418782618,3891536761
dimwishlist:item=2203881482&perks=1840239774,679225683,3418782618,3425386926
dimwishlist:item=2203881482&perks=1840239774,106909392,1517798362,3891536761
dimwishlist:item=2203881482&perks=1840239774,106909392,1517798362,3425386926
dimwishlist:item=2203881482&perks=1840239774,106909392,3418782618,3891536761
dimwishlist:item=2203881482&perks=1840239774,106909392,3418782618,3425386926
dimwishlist:item=2203881482&perks=4090651448,1561002382,1517798362,3891536761
dimwishlist:item=2203881482&perks=4090651448,1561002382,1517798362,3425386926
dimwishlist:item=2203881482&perks=4090651448,1561002382,3418782618,3891536761
dimwishlist:item=2203881482&perks=4090651448,1561002382,3418782618,3425386926
dimwishlist:item=2203881482&perks=4090651448,1431678320,1517798362,3891536761
dimwishlist:item=2203881482&perks=4090651448,1431678320,1517798362,3425386926
dimwishlist:item=2203881482&perks=4090651448,1431678320,3418782618,3891536761
dimwishlist:item=2203881482&perks=4090651448,1431678320,3418782618,3425386926
dimwishlist:item=2203881482&perks=4090651448,3230963543,1517798362,3891536761
dimwishlist:item=2203881482&perks=4090651448,3230963543,1517798362,3425386926
dimwishlist:item=2203881482&perks=4090651448,3230963543,3418782618,3891536761
dimwishlist:item=2203881482&perks=4090651448,3230963543,3418782618,3425386926
dimwishlist:item=2203881482&perks=4090651448,679225683,1517798362,3891536761
dimwishlist:item=2203881482&perks=4090651448,679225683,1517798362,3425386926
dimwishlist:item=2203881482&perks=4090651448,679225683,3418782618,3891536761
dimwishlist:item=2203881482&perks=4090651448,679225683,3418782618,3425386926
dimwishlist:item=2203881482&perks=4090651448,106909392,1517798362,3891536761
dimwishlist:item=2203881482&perks=4090651448,106909392,1517798362,3425386926
dimwishlist:item=2203881482&perks=4090651448,106909392,3418782618,3891536761
dimwishlist:item=2203881482&perks=4090651448,106909392,3418782618,3425386926
dimwishlist:item=2203881482&perks=202670084,1561002382,1517798362,3891536761
dimwishlist:item=2203881482&perks=202670084,1561002382,1517798362,3425386926
dimwishlist:item=2203881482&perks=202670084,1561002382,3418782618,3891536761
dimwishlist:item=2203881482&perks=202670084,1561002382,3418782618,3425386926
dimwishlist:item=2203881482&perks=202670084,1431678320,1517798362,3891536761
dimwishlist:item=2203881482&perks=202670084,1431678320,1517798362,3425386926
dimwishlist:item=2203881482&perks=202670084,1431678320,3418782618,3891536761
dimwishlist:item=2203881482&perks=202670084,1431678320,3418782618,3425386926
dimwishlist:item=2203881482&perks=202670084,3230963543,1517798362,3891536761
dimwishlist:item=2203881482&perks=202670084,3230963543,1517798362,3425386926
dimwishlist:item=2203881482&perks=202670084,3230963543,3418782618,3891536761
dimwishlist:item=2203881482&perks=202670084,3230963543,3418782618,3425386926
dimwishlist:item=2203881482&perks=202670084,679225683,1517798362,3891536761
dimwishlist:item=2203881482&perks=202670084,679225683,1517798362,3425386926
dimwishlist:item=2203881482&perks=202670084,679225683,3418782618,3891536761
dimwishlist:item=2203881482&perks=202670084,679225683,3418782618,3425386926
dimwishlist:item=2203881482&perks=202670084,106909392,1517798362,3891536761
dimwishlist:item=2203881482&perks=202670084,106909392,1517798362,3425386926
dimwishlist:item=2203881482&perks=202670084,106909392,3418782618,3891536761
dimwishlist:item=2203881482&perks=202670084,106909392,3418782618,3425386926
dimwishlist:item=2203881482&perks=1392496348,1561002382,1517798362,3891536761
dimwishlist:item=2203881482&perks=1392496348,1561002382,1517798362,3425386926
dimwishlist:item=2203881482&perks=1392496348,1561002382,3418782618,3891536761
dimwishlist:item=2203881482&perks=1392496348,1561002382,3418782618,3425386926
dimwishlist:item=2203881482&perks=1392496348,1431678320,1517798362,3891536761
dimwishlist:item=2203881482&perks=1392496348,1431678320,1517798362,3425386926
dimwishlist:item=2203881482&perks=1392496348,1431678320,3418782618,3891536761
dimwishlist:item=2203881482&perks=1392496348,1431678320,3418782618,3425386926
dimwishlist:item=2203881482&perks=1392496348,3230963543,1517798362,3891536761
dimwishlist:item=2203881482&perks=1392496348,3230963543,1517798362,3425386926
dimwishlist:item=2203881482&perks=1392496348,3230963543,3418782618,3891536761
dimwishlist:item=2203881482&perks=1392496348,3230963543,3418782618,3425386926
dimwishlist:item=2203881482&perks=1392496348,679225683,1517798362,3891536761
dimwishlist:item=2203881482&perks=1392496348,679225683,1517798362,3425386926
dimwishlist:item=2203881482&perks=1392496348,679225683,3418782618,3891536761
dimwishlist:item=2203881482&perks=1392496348,679225683,3418782618,3425386926
dimwishlist:item=2203881482&perks=1392496348,106909392,1517798362,3891536761
dimwishlist:item=2203881482&perks=1392496348,106909392,1517798362,3425386926
dimwishlist:item=2203881482&perks=1392496348,106909392,3418782618,3891536761
dimwishlist:item=2203881482&perks=1392496348,106909392,3418782618,3425386926
dimwishlist:item=2203881482&perks=1482024992,1561002382,1517798362,3891536761
dimwishlist:item=2203881482&perks=1482024992,1561002382,1517798362,3425386926
dimwishlist:item=2203881482&perks=1482024992,1561002382,3418782618,3891536761
dimwishlist:item=2203881482&perks=1482024992,1561002382,3418782618,3425386926
dimwishlist:item=2203881482&perks=1482024992,1431678320,1517798362,3891536761
dimwishlist:item=2203881482&perks=1482024992,1431678320,1517798362,3425386926
dimwishlist:item=2203881482&perks=1482024992,1431678320,3418782618,3891536761
dimwishlist:item=2203881482&perks=1482024992,1431678320,3418782618,3425386926
dimwishlist:item=2203881482&perks=1482024992,3230963543,1517798362,3891536761
dimwishlist:item=2203881482&perks=1482024992,3230963543,1517798362,3425386926
dimwishlist:item=2203881482&perks=1482024992,3230963543,3418782618,3891536761
dimwishlist:item=2203881482&perks=1482024992,3230963543,3418782618,3425386926
dimwishlist:item=2203881482&perks=1482024992,679225683,1517798362,3891536761
dimwishlist:item=2203881482&perks=1482024992,679225683,1517798362,3425386926
dimwishlist:item=2203881482&perks=1482024992,679225683,3418782618,3891536761
dimwishlist:item=2203881482&perks=1482024992,679225683,3418782618,3425386926
dimwishlist:item=2203881482&perks=1482024992,106909392,1517798362,3891536761
dimwishlist:item=2203881482&perks=1482024992,106909392,1517798362,3425386926
dimwishlist:item=2203881482&perks=1482024992,106909392,3418782618,3891536761
dimwishlist:item=2203881482&perks=1482024992,106909392,3418782618,3425386926


// Ouster Engine (god-pve)
//notes: tags:god-pve
dimwishlist:item=2223968549&perks=1844523823,2822142346,1421772400,2396489472
dimwishlist:item=2223968549&perks=1844523823,2822142346,1421772400,3764420437
dimwishlist:item=2223968549&perks=1844523823,2822142346,1421772400,2922950962
dimwishlist:item=2223968549&perks=1844523823,2822142346,1421772400,3640170453
dimwishlist:item=2223968549&perks=1844523823,2822142346,3300816228,2396489472
dimwishlist:item=2223968549&perks=1844523823,2822142346,3300816228,3764420437
dimwishlist:item=2223968549&perks=1844523823,2822142346,3300816228,2922950962
dimwishlist:item=2223968549&perks=1844523823,2822142346,3300816228,3640170453
dimwishlist:item=2223968549&perks=1844523823,2822142346,1955165503,2396489472
dimwishlist:item=2223968549&perks=1844523823,2822142346,1955165503,3764420437
dimwishlist:item=2223968549&perks=1844523823,2822142346,1955165503,2922950962
dimwishlist:item=2223968549&perks=1844523823,2822142346,1955165503,3640170453
dimwishlist:item=2223968549&perks=3809316345,2822142346,1421772400,2396489472
dimwishlist:item=2223968549&perks=3809316345,2822142346,1421772400,3764420437
dimwishlist:item=2223968549&perks=3809316345,2822142346,1421772400,2922950962
dimwishlist:item=2223968549&perks=3809316345,2822142346,1421772400,3640170453
dimwishlist:item=2223968549&perks=3809316345,2822142346,3300816228,2396489472
dimwishlist:item=2223968549&perks=3809316345,2822142346,3300816228,3764420437
dimwishlist:item=2223968549&perks=3809316345,2822142346,3300816228,2922950962
dimwishlist:item=2223968549&perks=3809316345,2822142346,3300816228,3640170453
dimwishlist:item=2223968549&perks=3809316345,2822142346,1955165503,2396489472
dimwishlist:item=2223968549&perks=3809316345,2822142346,1955165503,3764420437
dimwishlist:item=2223968549&perks=3809316345,2822142346,1955165503,2922950962
dimwishlist:item=2223968549&perks=3809316345,2822142346,1955165503,3640170453
dimwishlist:item=2223968549&perks=3525010810,2822142346,1421772400,2396489472
dimwishlist:item=2223968549&perks=3525010810,2822142346,1421772400,3764420437
dimwishlist:item=2223968549&perks=3525010810,2822142346,1421772400,2922950962
dimwishlist:item=2223968549&perks=3525010810,2822142346,1421772400,3640170453
dimwishlist:item=2223968549&perks=3525010810,2822142346,3300816228,2396489472
dimwishlist:item=2223968549&perks=3525010810,2822142346,3300816228,3764420437
dimwishlist:item=2223968549&perks=3525010810,2822142346,3300816228,2922950962
dimwishlist:item=2223968549&perks=3525010810,2822142346,3300816228,3640170453
dimwishlist:item=2223968549&perks=3525010810,2822142346,1955165503,2396489472
dimwishlist:item=2223968549&perks=3525010810,2822142346,1955165503,3764420437
dimwishlist:item=2223968549&perks=3525010810,2822142346,1955165503,2922950962
dimwishlist:item=2223968549&perks=3525010810,2822142346,1955165503,3640170453


// Reghusk's Pledge (god-pve)
//notes: tags:god-pve
dimwishlist:item=2370525224&perks=839105230,106909392,2048641572,243981275
dimwishlist:item=2370525224&perks=839105230,106909392,2048641572,776531651
dimwishlist:item=2370525224&perks=839105230,106909392,2048641572,1015611457
dimwishlist:item=2370525224&perks=839105230,106909392,2360347339,243981275
dimwishlist:item=2370525224&perks=839105230,106909392,2360347339,776531651
dimwishlist:item=2370525224&perks=839105230,106909392,2360347339,1015611457
dimwishlist:item=2370525224&perks=839105230,1431678320,2048641572,243981275
dimwishlist:item=2370525224&perks=839105230,1431678320,2048641572,776531651
dimwishlist:item=2370525224&perks=839105230,1431678320,2048641572,1015611457
dimwishlist:item=2370525224&perks=839105230,1431678320,2360347339,243981275
dimwishlist:item=2370525224&perks=839105230,1431678320,2360347339,776531651
dimwishlist:item=2370525224&perks=839105230,1431678320,2360347339,1015611457
dimwishlist:item=2370525224&perks=839105230,3230963543,2048641572,243981275
dimwishlist:item=2370525224&perks=839105230,3230963543,2048641572,776531651
dimwishlist:item=2370525224&perks=839105230,3230963543,2048641572,1015611457
dimwishlist:item=2370525224&perks=839105230,3230963543,2360347339,243981275
dimwishlist:item=2370525224&perks=839105230,3230963543,2360347339,776531651
dimwishlist:item=2370525224&perks=839105230,3230963543,2360347339,1015611457
dimwishlist:item=2370525224&perks=839105230,679225683,2048641572,243981275
dimwishlist:item=2370525224&perks=839105230,679225683,2048641572,776531651
dimwishlist:item=2370525224&perks=839105230,679225683,2048641572,1015611457
dimwishlist:item=2370525224&perks=839105230,679225683,2360347339,243981275
dimwishlist:item=2370525224&perks=839105230,679225683,2360347339,776531651
dimwishlist:item=2370525224&perks=839105230,679225683,2360347339,1015611457
dimwishlist:item=2370525224&perks=1840239774,106909392,2048641572,243981275
dimwishlist:item=2370525224&perks=1840239774,106909392,2048641572,776531651
dimwishlist:item=2370525224&perks=1840239774,106909392,2048641572,1015611457
dimwishlist:item=2370525224&perks=1840239774,106909392,2360347339,243981275
dimwishlist:item=2370525224&perks=1840239774,106909392,2360347339,776531651
dimwishlist:item=2370525224&perks=1840239774,106909392,2360347339,1015611457
dimwishlist:item=2370525224&perks=1840239774,1431678320,2048641572,243981275
dimwishlist:item=2370525224&perks=1840239774,1431678320,2048641572,776531651
dimwishlist:item=2370525224&perks=1840239774,1431678320,2048641572,1015611457
dimwishlist:item=2370525224&perks=1840239774,1431678320,2360347339,243981275
dimwishlist:item=2370525224&perks=1840239774,1431678320,2360347339,776531651
dimwishlist:item=2370525224&perks=1840239774,1431678320,2360347339,1015611457
dimwishlist:item=2370525224&perks=1840239774,3230963543,2048641572,243981275
dimwishlist:item=2370525224&perks=1840239774,3230963543,2048641572,776531651
dimwishlist:item=2370525224&perks=1840239774,3230963543,2048641572,1015611457
dimwishlist:item=2370525224&perks=1840239774,3230963543,2360347339,243981275
dimwishlist:item=2370525224&perks=1840239774,3230963543,2360347339,776531651
dimwishlist:item=2370525224&perks=1840239774,3230963543,2360347339,1015611457
dimwishlist:item=2370525224&perks=1840239774,679225683,2048641572,243981275
dimwishlist:item=2370525224&perks=1840239774,679225683,2048641572,776531651
dimwishlist:item=2370525224&perks=1840239774,679225683,2048641572,1015611457
dimwishlist:item=2370525224&perks=1840239774,679225683,2360347339,243981275
dimwishlist:item=2370525224&perks=1840239774,679225683,2360347339,776531651
dimwishlist:item=2370525224&perks=1840239774,679225683,2360347339,1015611457
dimwishlist:item=2370525224&perks=4090651448,106909392,2048641572,243981275
dimwishlist:item=2370525224&perks=4090651448,106909392,2048641572,776531651
dimwishlist:item=2370525224&perks=4090651448,106909392,2048641572,1015611457
dimwishlist:item=2370525224&perks=4090651448,106909392,2360347339,243981275
dimwishlist:item=2370525224&perks=4090651448,106909392,2360347339,776531651
dimwishlist:item=2370525224&perks=4090651448,106909392,2360347339,1015611457
dimwishlist:item=2370525224&perks=4090651448,1431678320,2048641572,243981275
dimwishlist:item=2370525224&perks=4090651448,1431678320,2048641572,776531651
dimwishlist:item=2370525224&perks=4090651448,1431678320,2048641572,1015611457
dimwishlist:item=2370525224&perks=4090651448,1431678320,2360347339,243981275
dimwishlist:item=2370525224&perks=4090651448,1431678320,2360347339,776531651
dimwishlist:item=2370525224&perks=4090651448,1431678320,2360347339,1015611457
dimwishlist:item=2370525224&perks=4090651448,3230963543,2048641572,243981275
dimwishlist:item=2370525224&perks=4090651448,3230963543,2048641572,776531651
dimwishlist:item=2370525224&perks=4090651448,3230963543,2048641572,1015611457
dimwishlist:item=2370525224&perks=4090651448,3230963543,2360347339,243981275
dimwishlist:item=2370525224&perks=4090651448,3230963543,2360347339,776531651
dimwishlist:item=2370525224&perks=4090651448,3230963543,2360347339,1015611457
dimwishlist:item=2370525224&perks=4090651448,679225683,2048641572,243981275
dimwishlist:item=2370525224&perks=4090651448,679225683,2048641572,776531651
dimwishlist:item=2370525224&perks=4090651448,679225683,2048641572,1015611457
dimwishlist:item=2370525224&perks=4090651448,679225683,2360347339,243981275
dimwishlist:item=2370525224&perks=4090651448,679225683,2360347339,776531651
dimwishlist:item=2370525224&perks=4090651448,679225683,2360347339,1015611457
dimwishlist:item=2370525224&perks=3250034553,106909392,2048641572,243981275
dimwishlist:item=2370525224&perks=3250034553,106909392,2048641572,776531651
dimwishlist:item=2370525224&perks=3250034553,106909392,2048641572,1015611457
dimwishlist:item=2370525224&perks=3250034553,106909392,2360347339,243981275
dimwishlist:item=2370525224&perks=3250034553,106909392,2360347339,776531651
dimwishlist:item=2370525224&perks=3250034553,106909392,2360347339,1015611457
dimwishlist:item=2370525224&perks=3250034553,1431678320,2048641572,243981275
dimwishlist:item=2370525224&perks=3250034553,1431678320,2048641572,776531651
dimwishlist:item=2370525224&perks=3250034553,1431678320,2048641572,1015611457
dimwishlist:item=2370525224&perks=3250034553,1431678320,2360347339,243981275
dimwishlist:item=2370525224&perks=3250034553,1431678320,2360347339,776531651
dimwishlist:item=2370525224&perks=3250034553,1431678320,2360347339,1015611457
dimwishlist:item=2370525224&perks=3250034553,3230963543,2048641572,243981275
dimwishlist:item=2370525224&perks=3250034553,3230963543,2048641572,776531651
dimwishlist:item=2370525224&perks=3250034553,3230963543,2048641572,1015611457
dimwishlist:item=2370525224&perks=3250034553,3230963543,2360347339,243981275
dimwishlist:item=2370525224&perks=3250034553,3230963543,2360347339,776531651
dimwishlist:item=2370525224&perks=3250034553,3230963543,2360347339,1015611457
dimwishlist:item=2370525224&perks=3250034553,679225683,2048641572,243981275
dimwishlist:item=2370525224&perks=3250034553,679225683,2048641572,776531651
dimwishlist:item=2370525224&perks=3250034553,679225683,2048641572,1015611457
dimwishlist:item=2370525224&perks=3250034553,679225683,2360347339,243981275
dimwishlist:item=2370525224&perks=3250034553,679225683,2360347339,776531651
dimwishlist:item=2370525224&perks=3250034553,679225683,2360347339,1015611457
dimwishlist:item=2370525224&perks=1392496348,106909392,2048641572,243981275
dimwishlist:item=2370525224&perks=1392496348,106909392,2048641572,776531651
dimwishlist:item=2370525224&perks=1392496348,106909392,2048641572,1015611457
dimwishlist:item=2370525224&perks=1392496348,106909392,2360347339,243981275
dimwishlist:item=2370525224&perks=1392496348,106909392,2360347339,776531651
dimwishlist:item=2370525224&perks=1392496348,106909392,2360347339,1015611457
dimwishlist:item=2370525224&perks=1392496348,1431678320,2048641572,243981275
dimwishlist:item=2370525224&perks=1392496348,1431678320,2048641572,776531651
dimwishlist:item=2370525224&perks=1392496348,1431678320,2048641572,1015611457
dimwishlist:item=2370525224&perks=1392496348,1431678320,2360347339,243981275
dimwishlist:item=2370525224&perks=1392496348,1431678320,2360347339,776531651
dimwishlist:item=2370525224&perks=1392496348,1431678320,2360347339,1015611457
dimwishlist:item=2370525224&perks=1392496348,3230963543,2048641572,243981275
dimwishlist:item=2370525224&perks=1392496348,3230963543,2048641572,776531651
dimwishlist:item=2370525224&perks=1392496348,3230963543,2048641572,1015611457
dimwishlist:item=2370525224&perks=1392496348,3230963543,2360347339,243981275
dimwishlist:item=2370525224&perks=1392496348,3230963543,2360347339,776531651
dimwishlist:item=2370525224&perks=1392496348,3230963543,2360347339,1015611457
dimwishlist:item=2370525224&perks=1392496348,679225683,2048641572,243981275
dimwishlist:item=2370525224&perks=1392496348,679225683,2048641572,776531651
dimwishlist:item=2370525224&perks=1392496348,679225683,2048641572,1015611457
dimwishlist:item=2370525224&perks=1392496348,679225683,2360347339,243981275
dimwishlist:item=2370525224&perks=1392496348,679225683,2360347339,776531651
dimwishlist:item=2370525224&perks=1392496348,679225683,2360347339,1015611457
dimwishlist:item=2370525224&perks=1482024992,106909392,2048641572,243981275
dimwishlist:item=2370525224&perks=1482024992,106909392,2048641572,776531651
dimwishlist:item=2370525224&perks=1482024992,106909392,2048641572,1015611457
dimwishlist:item=2370525224&perks=1482024992,106909392,2360347339,243981275
dimwishlist:item=2370525224&perks=1482024992,106909392,2360347339,776531651
dimwishlist:item=2370525224&perks=1482024992,106909392,2360347339,1015611457
dimwishlist:item=2370525224&perks=1482024992,1431678320,2048641572,243981275
dimwishlist:item=2370525224&perks=1482024992,1431678320,2048641572,776531651
dimwishlist:item=2370525224&perks=1482024992,1431678320,2048641572,1015611457
dimwishlist:item=2370525224&perks=1482024992,1431678320,2360347339,243981275
dimwishlist:item=2370525224&perks=1482024992,1431678320,2360347339,776531651
dimwishlist:item=2370525224&perks=1482024992,1431678320,2360347339,1015611457
dimwishlist:item=2370525224&perks=1482024992,3230963543,2048641572,243981275
dimwishlist:item=2370525224&perks=1482024992,3230963543,2048641572,776531651
dimwishlist:item=2370525224&perks=1482024992,3230963543,2048641572,1015611457
dimwishlist:item=2370525224&perks=1482024992,3230963543,2360347339,243981275
dimwishlist:item=2370525224&perks=1482024992,3230963543,2360347339,776531651
dimwishlist:item=2370525224&perks=1482024992,3230963543,2360347339,1015611457
dimwishlist:item=2370525224&perks=1482024992,679225683,2048641572,243981275
dimwishlist:item=2370525224&perks=1482024992,679225683,2048641572,776531651
dimwishlist:item=2370525224&perks=1482024992,679225683,2048641572,1015611457
dimwishlist:item=2370525224&perks=1482024992,679225683,2360347339,243981275
dimwishlist:item=2370525224&perks=1482024992,679225683,2360347339,776531651
dimwishlist:item=2370525224&perks=1482024992,679225683,2360347339,1015611457


// VS Velocity Baton (god-pve)
//notes: tags:god-pve
dimwishlist:item=2452936816&perks=3525010810,2822142346,776531651,2048641572
dimwishlist:item=2452936816&perks=3525010810,2822142346,776531651,2396489472
dimwishlist:item=2452936816&perks=3525010810,2822142346,776531651,243981275
dimwishlist:item=2452936816&perks=3525010810,2822142346,3523296417,2048641572
dimwishlist:item=2452936816&perks=3525010810,2822142346,3523296417,2396489472
dimwishlist:item=2452936816&perks=3525010810,2822142346,3523296417,243981275
dimwishlist:item=2452936816&perks=3525010810,2822142346,3108830275,2048641572
dimwishlist:item=2452936816&perks=3525010810,2822142346,3108830275,2396489472
dimwishlist:item=2452936816&perks=3525010810,2822142346,3108830275,243981275
dimwishlist:item=2452936816&perks=3809316345,2822142346,776531651,2048641572
dimwishlist:item=2452936816&perks=3809316345,2822142346,776531651,2396489472
dimwishlist:item=2452936816&perks=3809316345,2822142346,776531651,243981275
dimwishlist:item=2452936816&perks=3809316345,2822142346,3523296417,2048641572
dimwishlist:item=2452936816&perks=3809316345,2822142346,3523296417,2396489472
dimwishlist:item=2452936816&perks=3809316345,2822142346,3523296417,243981275
dimwishlist:item=2452936816&perks=3809316345,2822142346,3108830275,2048641572
dimwishlist:item=2452936816&perks=3809316345,2822142346,3108830275,2396489472
dimwishlist:item=2452936816&perks=3809316345,2822142346,3108830275,243981275
dimwishlist:item=2452936816&perks=1441682018,2822142346,776531651,2048641572
dimwishlist:item=2452936816&perks=1441682018,2822142346,776531651,2396489472
dimwishlist:item=2452936816&perks=1441682018,2822142346,776531651,243981275
dimwishlist:item=2452936816&perks=1441682018,2822142346,3523296417,2048641572
dimwishlist:item=2452936816&perks=1441682018,2822142346,3523296417,2396489472
dimwishlist:item=2452936816&perks=1441682018,2822142346,3523296417,243981275
dimwishlist:item=2452936816&perks=1441682018,2822142346,3108830275,2048641572
dimwishlist:item=2452936816&perks=1441682018,2822142346,3108830275,2396489472
dimwishlist:item=2452936816&perks=1441682018,2822142346,3108830275,243981275


// VS Pyroelectric Propellant (god-pve)
//notes: tags:god-pve
dimwishlist:item=2460368549&perks=839105230,1431678320,243981275,654512643
dimwishlist:item=2460368549&perks=839105230,1431678320,243981275,3966416502
dimwishlist:item=2460368549&perks=839105230,1431678320,3418782618,654512643
dimwishlist:item=2460368549&perks=839105230,1431678320,3418782618,3966416502
dimwishlist:item=2460368549&perks=839105230,1561002382,243981275,654512643
dimwishlist:item=2460368549&perks=839105230,1561002382,243981275,3966416502
dimwishlist:item=2460368549&perks=839105230,1561002382,3418782618,654512643
dimwishlist:item=2460368549&perks=839105230,1561002382,3418782618,3966416502
dimwishlist:item=2460368549&perks=839105230,3230963543,243981275,654512643
dimwishlist:item=2460368549&perks=839105230,3230963543,243981275,3966416502
dimwishlist:item=2460368549&perks=839105230,3230963543,3418782618,654512643
dimwishlist:item=2460368549&perks=839105230,3230963543,3418782618,3966416502
dimwishlist:item=2460368549&perks=839105230,679225683,243981275,654512643
dimwishlist:item=2460368549&perks=839105230,679225683,243981275,3966416502
dimwishlist:item=2460368549&perks=839105230,679225683,3418782618,654512643
dimwishlist:item=2460368549&perks=839105230,679225683,3418782618,3966416502
dimwishlist:item=2460368549&perks=839105230,106909392,243981275,654512643
dimwishlist:item=2460368549&perks=839105230,106909392,243981275,3966416502
dimwishlist:item=2460368549&perks=839105230,106909392,3418782618,654512643
dimwishlist:item=2460368549&perks=839105230,106909392,3418782618,3966416502
dimwishlist:item=2460368549&perks=1840239774,1431678320,243981275,654512643
dimwishlist:item=2460368549&perks=1840239774,1431678320,243981275,3966416502
dimwishlist:item=2460368549&perks=1840239774,1431678320,3418782618,654512643
dimwishlist:item=2460368549&perks=1840239774,1431678320,3418782618,3966416502
dimwishlist:item=2460368549&perks=1840239774,1561002382,243981275,654512643
dimwishlist:item=2460368549&perks=1840239774,1561002382,243981275,3966416502
dimwishlist:item=2460368549&perks=1840239774,1561002382,3418782618,654512643
dimwishlist:item=2460368549&perks=1840239774,1561002382,3418782618,3966416502
dimwishlist:item=2460368549&perks=1840239774,3230963543,243981275,654512643
dimwishlist:item=2460368549&perks=1840239774,3230963543,243981275,3966416502
dimwishlist:item=2460368549&perks=1840239774,3230963543,3418782618,654512643
dimwishlist:item=2460368549&perks=1840239774,3230963543,3418782618,3966416502
dimwishlist:item=2460368549&perks=1840239774,679225683,243981275,654512643
dimwishlist:item=2460368549&perks=1840239774,679225683,243981275,3966416502
dimwishlist:item=2460368549&perks=1840239774,679225683,3418782618,654512643
dimwishlist:item=2460368549&perks=1840239774,679225683,3418782618,3966416502
dimwishlist:item=2460368549&perks=1840239774,106909392,243981275,654512643
dimwishlist:item=2460368549&perks=1840239774,106909392,243981275,3966416502
dimwishlist:item=2460368549&perks=1840239774,106909392,3418782618,654512643
dimwishlist:item=2460368549&perks=1840239774,106909392,3418782618,3966416502
dimwishlist:item=2460368549&perks=4090651448,1431678320,243981275,654512643
dimwishlist:item=2460368549&perks=4090651448,1431678320,243981275,3966416502
dimwishlist:item=2460368549&perks=4090651448,1431678320,3418782618,654512643
dimwishlist:item=2460368549&perks=4090651448,1431678320,3418782618,3966416502
dimwishlist:item=2460368549&perks=4090651448,1561002382,243981275,654512643
dimwishlist:item=2460368549&perks=4090651448,1561002382,243981275,3966416502
dimwishlist:item=2460368549&perks=4090651448,1561002382,3418782618,654512643
dimwishlist:item=2460368549&perks=4090651448,1561002382,3418782618,3966416502
dimwishlist:item=2460368549&perks=4090651448,3230963543,243981275,654512643
dimwishlist:item=2460368549&perks=4090651448,3230963543,243981275,3966416502
dimwishlist:item=2460368549&perks=4090651448,3230963543,3418782618,654512643
dimwishlist:item=2460368549&perks=4090651448,3230963543,3418782618,3966416502
dimwishlist:item=2460368549&perks=4090651448,679225683,243981275,654512643
dimwishlist:item=2460368549&perks=4090651448,679225683,243981275,3966416502
dimwishlist:item=2460368549&perks=4090651448,679225683,3418782618,654512643
dimwishlist:item=2460368549&perks=4090651448,679225683,3418782618,3966416502
dimwishlist:item=2460368549&perks=4090651448,106909392,243981275,654512643
dimwishlist:item=2460368549&perks=4090651448,106909392,243981275,3966416502
dimwishlist:item=2460368549&perks=4090651448,106909392,3418782618,654512643
dimwishlist:item=2460368549&perks=4090651448,106909392,3418782618,3966416502
dimwishlist:item=2460368549&perks=3250034553,1431678320,243981275,654512643
dimwishlist:item=2460368549&perks=3250034553,1431678320,243981275,3966416502
dimwishlist:item=2460368549&perks=3250034553,1431678320,3418782618,654512643
dimwishlist:item=2460368549&perks=3250034553,1431678320,3418782618,3966416502
dimwishlist:item=2460368549&perks=3250034553,1561002382,243981275,654512643
dimwishlist:item=2460368549&perks=3250034553,1561002382,243981275,3966416502
dimwishlist:item=2460368549&perks=3250034553,1561002382,3418782618,654512643
dimwishlist:item=2460368549&perks=3250034553,1561002382,3418782618,3966416502
dimwishlist:item=2460368549&perks=3250034553,3230963543,243981275,654512643
dimwishlist:item=2460368549&perks=3250034553,3230963543,243981275,3966416502
dimwishlist:item=2460368549&perks=3250034553,3230963543,3418782618,654512643
dimwishlist:item=2460368549&perks=3250034553,3230963543,3418782618,3966416502
dimwishlist:item=2460368549&perks=3250034553,679225683,243981275,654512643
dimwishlist:item=2460368549&perks=3250034553,679225683,243981275,3966416502
dimwishlist:item=2460368549&perks=3250034553,679225683,3418782618,654512643
dimwishlist:item=2460368549&perks=3250034553,679225683,3418782618,3966416502
dimwishlist:item=2460368549&perks=3250034553,106909392,243981275,654512643
dimwishlist:item=2460368549&perks=3250034553,106909392,243981275,3966416502
dimwishlist:item=2460368549&perks=3250034553,106909392,3418782618,654512643
dimwishlist:item=2460368549&perks=3250034553,106909392,3418782618,3966416502
dimwishlist:item=2460368549&perks=1392496348,1431678320,243981275,654512643
dimwishlist:item=2460368549&perks=1392496348,1431678320,243981275,3966416502
dimwishlist:item=2460368549&perks=1392496348,1431678320,3418782618,654512643
dimwishlist:item=2460368549&perks=1392496348,1431678320,3418782618,3966416502
dimwishlist:item=2460368549&perks=1392496348,1561002382,243981275,654512643
dimwishlist:item=2460368549&perks=1392496348,1561002382,243981275,3966416502
dimwishlist:item=2460368549&perks=1392496348,1561002382,3418782618,654512643
dimwishlist:item=2460368549&perks=1392496348,1561002382,3418782618,3966416502
dimwishlist:item=2460368549&perks=1392496348,3230963543,243981275,654512643
dimwishlist:item=2460368549&perks=1392496348,3230963543,243981275,3966416502
dimwishlist:item=2460368549&perks=1392496348,3230963543,3418782618,654512643
dimwishlist:item=2460368549&perks=1392496348,3230963543,3418782618,3966416502
dimwishlist:item=2460368549&perks=1392496348,679225683,243981275,654512643
dimwishlist:item=2460368549&perks=1392496348,679225683,243981275,3966416502
dimwishlist:item=2460368549&perks=1392496348,679225683,3418782618,654512643
dimwishlist:item=2460368549&perks=1392496348,679225683,3418782618,3966416502
dimwishlist:item=2460368549&perks=1392496348,106909392,243981275,654512643
dimwishlist:item=2460368549&perks=1392496348,106909392,243981275,3966416502
dimwishlist:item=2460368549&perks=1392496348,106909392,3418782618,654512643
dimwishlist:item=2460368549&perks=1392496348,106909392,3418782618,3966416502
dimwishlist:item=2460368549&perks=1482024992,1431678320,243981275,654512643
dimwishlist:item=2460368549&perks=1482024992,1431678320,243981275,3966416502
dimwishlist:item=2460368549&perks=1482024992,1431678320,3418782618,654512643
dimwishlist:item=2460368549&perks=1482024992,1431678320,3418782618,3966416502
dimwishlist:item=2460368549&perks=1482024992,1561002382,243981275,654512643
dimwishlist:item=2460368549&perks=1482024992,1561002382,243981275,3966416502
dimwishlist:item=2460368549&perks=1482024992,1561002382,3418782618,654512643
dimwishlist:item=2460368549&perks=1482024992,1561002382,3418782618,3966416502
dimwishlist:item=2460368549&perks=1482024992,3230963543,243981275,654512643
dimwishlist:item=2460368549&perks=1482024992,3230963543,243981275,3966416502
dimwishlist:item=2460368549&perks=1482024992,3230963543,3418782618,654512643
dimwishlist:item=2460368549&perks=1482024992,3230963543,3418782618,3966416502
dimwishlist:item=2460368549&perks=1482024992,679225683,243981275,654512643
dimwishlist:item=2460368549&perks=1482024992,679225683,243981275,3966416502
dimwishlist:item=2460368549&perks=1482024992,679225683,3418782618,654512643
dimwishlist:item=2460368549&perks=1482024992,679225683,3418782618,3966416502
dimwishlist:item=2460368549&perks=1482024992,106909392,243981275,654512643
dimwishlist:item=2460368549&perks=1482024992,106909392,243981275,3966416502
dimwishlist:item=2460368549&perks=1482024992,106909392,3418782618,654512643
dimwishlist:item=2460368549&perks=1482024992,106909392,3418782618,3966416502


// Biting Winds (god-pve)
//notes: tags:god-pve
dimwishlist:item=2485400469&perks=2289534249,3891536761
dimwishlist:item=2485400469&perks=2360347339,3891536761


// Seventh Seraph Carbine (god-pve)
//notes: tags:god-pve
dimwishlist:item=2560370239&perks=839105230,1140096971,1517798362,3891536761
dimwishlist:item=2560370239&perks=839105230,1140096971,1517798362,1202584452
dimwishlist:item=2560370239&perks=839105230,1140096971,243981275,3891536761
dimwishlist:item=2560370239&perks=839105230,1140096971,243981275,1202584452
dimwishlist:item=2560370239&perks=1840239774,1140096971,1517798362,3891536761
dimwishlist:item=2560370239&perks=1840239774,1140096971,1517798362,1202584452
dimwishlist:item=2560370239&perks=1840239774,1140096971,243981275,3891536761
dimwishlist:item=2560370239&perks=1840239774,1140096971,243981275,1202584452
dimwishlist:item=2560370239&perks=4090651448,1140096971,1517798362,3891536761
dimwishlist:item=2560370239&perks=4090651448,1140096971,1517798362,1202584452
dimwishlist:item=2560370239&perks=4090651448,1140096971,243981275,3891536761
dimwishlist:item=2560370239&perks=4090651448,1140096971,243981275,1202584452
dimwishlist:item=2560370239&perks=3250034553,1140096971,1517798362,3891536761
dimwishlist:item=2560370239&perks=3250034553,1140096971,1517798362,1202584452
dimwishlist:item=2560370239&perks=3250034553,1140096971,243981275,3891536761
dimwishlist:item=2560370239&perks=3250034553,1140096971,243981275,1202584452
dimwishlist:item=2560370239&perks=1392496348,1140096971,1517798362,3891536761
dimwishlist:item=2560370239&perks=1392496348,1140096971,1517798362,1202584452
dimwishlist:item=2560370239&perks=1392496348,1140096971,243981275,3891536761
dimwishlist:item=2560370239&perks=1392496348,1140096971,243981275,1202584452
dimwishlist:item=2560370239&perks=1482024992,1140096971,1517798362,3891536761
dimwishlist:item=2560370239&perks=1482024992,1140096971,1517798362,1202584452
dimwishlist:item=2560370239&perks=1482024992,1140096971,243981275,3891536761
dimwishlist:item=2560370239&perks=1482024992,1140096971,243981275,1202584452


// Cusp Sempiternal (god-pve)
//notes: tags:god-pve
dimwishlist:item=2579693381&perks=202670084,3142289711,692399809,1134488199
dimwishlist:item=2579693381&perks=202670084,3142289711,692399809,2048641572
dimwishlist:item=2579693381&perks=202670084,3142289711,692399809,3081867624
dimwishlist:item=2579693381&perks=202670084,3142289711,776531651,1134488199
dimwishlist:item=2579693381&perks=202670084,3142289711,776531651,2048641572
dimwishlist:item=2579693381&perks=202670084,3142289711,776531651,3081867624
dimwishlist:item=2579693381&perks=202670084,3142289711,243981275,1134488199
dimwishlist:item=2579693381&perks=202670084,3142289711,243981275,2048641572
dimwishlist:item=2579693381&perks=202670084,3142289711,243981275,3081867624


// Bane of Sorrow (god-pve)
//notes: tags:god-pve
dimwishlist:item=2601084711&perks=839105230,1431678320,2048641572,2305480722
dimwishlist:item=2601084711&perks=839105230,1431678320,2048641572,557221067
dimwishlist:item=2601084711&perks=839105230,1431678320,2048641572,657025441
dimwishlist:item=2601084711&perks=839105230,1431678320,1464081238,2305480722
dimwishlist:item=2601084711&perks=839105230,1431678320,1464081238,557221067
dimwishlist:item=2601084711&perks=839105230,1431678320,1464081238,657025441
dimwishlist:item=2601084711&perks=839105230,1431678320,3182497402,2305480722
dimwishlist:item=2601084711&perks=839105230,1431678320,3182497402,557221067
dimwishlist:item=2601084711&perks=839105230,1431678320,3182497402,657025441
dimwishlist:item=2601084711&perks=839105230,1087426260,2048641572,2305480722
dimwishlist:item=2601084711&perks=839105230,1087426260,2048641572,557221067
dimwishlist:item=2601084711&perks=839105230,1087426260,2048641572,657025441
dimwishlist:item=2601084711&perks=839105230,1087426260,1464081238,2305480722
dimwishlist:item=2601084711&perks=839105230,1087426260,1464081238,557221067
dimwishlist:item=2601084711&perks=839105230,1087426260,1464081238,657025441
dimwishlist:item=2601084711&perks=839105230,1087426260,3182497402,2305480722
dimwishlist:item=2601084711&perks=839105230,1087426260,3182497402,557221067
dimwishlist:item=2601084711&perks=839105230,1087426260,3182497402,657025441
dimwishlist:item=2601084711&perks=839105230,1561002382,2048641572,2305480722
dimwishlist:item=2601084711&perks=839105230,1561002382,2048641572,557221067
dimwishlist:item=2601084711&perks=839105230,1561002382,2048641572,657025441
dimwishlist:item=2601084711&perks=839105230,1561002382,1464081238,2305480722
dimwishlist:item=2601084711&perks=839105230,1561002382,1464081238,557221067
dimwishlist:item=2601084711&perks=839105230,1561002382,1464081238,657025441
dimwishlist:item=2601084711&perks=839105230,1561002382,3182497402,2305480722
dimwishlist:item=2601084711&perks=839105230,1561002382,3182497402,557221067
dimwishlist:item=2601084711&perks=839105230,1561002382,3182497402,657025441
dimwishlist:item=2601084711&perks=839105230,3230963543,2048641572,2305480722
dimwishlist:item=2601084711&perks=839105230,3230963543,2048641572,557221067
dimwishlist:item=2601084711&perks=839105230,3230963543,2048641572,657025441
dimwishlist:item=2601084711&perks=839105230,3230963543,1464081238,2305480722
dimwishlist:item=2601084711&perks=839105230,3230963543,1464081238,557221067
dimwishlist:item=2601084711&perks=839105230,3230963543,1464081238,657025441
dimwishlist:item=2601084711&perks=839105230,3230963543,3182497402,2305480722
dimwishlist:item=2601084711&perks=839105230,3230963543,3182497402,557221067
dimwishlist:item=2601084711&perks=839105230,3230963543,3182497402,657025441
dimwishlist:item=2601084711&perks=839105230,679225683,2048641572,2305480722
dimwishlist:item=2601084711&perks=839105230,679225683,2048641572,557221067
dimwishlist:item=2601084711&perks=839105230,679225683,2048641572,657025441
dimwishlist:item=2601084711&perks=839105230,679225683,1464081238,2305480722
dimwishlist:item=2601084711&perks=839105230,679225683,1464081238,557221067
dimwishlist:item=2601084711&perks=839105230,679225683,1464081238,657025441
dimwishlist:item=2601084711&perks=839105230,679225683,3182497402,2305480722
dimwishlist:item=2601084711&perks=839105230,679225683,3182497402,557221067
dimwishlist:item=2601084711&perks=839105230,679225683,3182497402,657025441
dimwishlist:item=2601084711&perks=839105230,106909392,2048641572,2305480722
dimwishlist:item=2601084711&perks=839105230,106909392,2048641572,557221067
dimwishlist:item=2601084711&perks=839105230,106909392,2048641572,657025441
dimwishlist:item=2601084711&perks=839105230,106909392,1464081238,2305480722
dimwishlist:item=2601084711&perks=839105230,106909392,1464081238,557221067
dimwishlist:item=2601084711&perks=839105230,106909392,1464081238,657025441
dimwishlist:item=2601084711&perks=839105230,106909392,3182497402,2305480722
dimwishlist:item=2601084711&perks=839105230,106909392,3182497402,557221067
dimwishlist:item=2601084711&perks=839105230,106909392,3182497402,657025441
dimwishlist:item=2601084711&perks=4090651448,1431678320,2048641572,2305480722
dimwishlist:item=2601084711&perks=4090651448,1431678320,2048641572,557221067
dimwishlist:item=2601084711&perks=4090651448,1431678320,2048641572,657025441
dimwishlist:item=2601084711&perks=4090651448,1431678320,1464081238,2305480722
dimwishlist:item=2601084711&perks=4090651448,1431678320,1464081238,557221067
dimwishlist:item=2601084711&perks=4090651448,1431678320,1464081238,657025441
dimwishlist:item=2601084711&perks=4090651448,1431678320,3182497402,2305480722
dimwishlist:item=2601084711&perks=4090651448,1431678320,3182497402,557221067
dimwishlist:item=2601084711&perks=4090651448,1431678320,3182497402,657025441
dimwishlist:item=2601084711&perks=4090651448,1087426260,2048641572,2305480722
dimwishlist:item=2601084711&perks=4090651448,1087426260,2048641572,557221067
dimwishlist:item=2601084711&perks=4090651448,1087426260,2048641572,657025441
dimwishlist:item=2601084711&perks=4090651448,1087426260,1464081238,2305480722
dimwishlist:item=2601084711&perks=4090651448,1087426260,1464081238,557221067
dimwishlist:item=2601084711&perks=4090651448,1087426260,1464081238,657025441
dimwishlist:item=2601084711&perks=4090651448,1087426260,3182497402,2305480722
dimwishlist:item=2601084711&perks=4090651448,1087426260,3182497402,557221067
dimwishlist:item=2601084711&perks=4090651448,1087426260,3182497402,657025441
dimwishlist:item=2601084711&perks=4090651448,1561002382,2048641572,2305480722
dimwishlist:item=2601084711&perks=4090651448,1561002382,2048641572,557221067
dimwishlist:item=2601084711&perks=4090651448,1561002382,2048641572,657025441
dimwishlist:item=2601084711&perks=4090651448,1561002382,1464081238,2305480722
dimwishlist:item=2601084711&perks=4090651448,1561002382,1464081238,557221067
dimwishlist:item=2601084711&perks=4090651448,1561002382,1464081238,657025441
dimwishlist:item=2601084711&perks=4090651448,1561002382,3182497402,2305480722
dimwishlist:item=2601084711&perks=4090651448,1561002382,3182497402,557221067
dimwishlist:item=2601084711&perks=4090651448,1561002382,3182497402,657025441
dimwishlist:item=2601084711&perks=4090651448,3230963543,2048641572,2305480722
dimwishlist:item=2601084711&perks=4090651448,3230963543,2048641572,557221067
dimwishlist:item=2601084711&perks=4090651448,3230963543,2048641572,657025441
dimwishlist:item=2601084711&perks=4090651448,3230963543,1464081238,2305480722
dimwishlist:item=2601084711&perks=4090651448,3230963543,1464081238,557221067
dimwishlist:item=2601084711&perks=4090651448,3230963543,1464081238,657025441
dimwishlist:item=2601084711&perks=4090651448,3230963543,3182497402,2305480722
dimwishlist:item=2601084711&perks=4090651448,3230963543,3182497402,557221067
dimwishlist:item=2601084711&perks=4090651448,3230963543,3182497402,657025441
dimwishlist:item=2601084711&perks=4090651448,679225683,2048641572,2305480722
dimwishlist:item=2601084711&perks=4090651448,679225683,2048641572,557221067
dimwishlist:item=2601084711&perks=4090651448,679225683,2048641572,657025441
dimwishlist:item=2601084711&perks=4090651448,679225683,1464081238,2305480722
dimwishlist:item=2601084711&perks=4090651448,679225683,1464081238,557221067
dimwishlist:item=2601084711&perks=4090651448,679225683,1464081238,657025441
dimwishlist:item=2601084711&perks=4090651448,679225683,3182497402,2305480722
dimwishlist:item=2601084711&perks=4090651448,679225683,3182497402,557221067
dimwishlist:item=2601084711&perks=4090651448,679225683,3182497402,657025441
dimwishlist:item=2601084711&perks=4090651448,106909392,2048641572,2305480722
dimwishlist:item=2601084711&perks=4090651448,106909392,2048641572,557221067
dimwishlist:item=2601084711&perks=4090651448,106909392,2048641572,657025441
dimwishlist:item=2601084711&perks=4090651448,106909392,1464081238,2305480722
dimwishlist:item=2601084711&perks=4090651448,106909392,1464081238,557221067
dimwishlist:item=2601084711&perks=4090651448,106909392,1464081238,657025441
dimwishlist:item=2601084711&perks=4090651448,106909392,3182497402,2305480722
dimwishlist:item=2601084711&perks=4090651448,106909392,3182497402,557221067
dimwishlist:item=2601084711&perks=4090651448,106909392,3182497402,657025441
dimwishlist:item=2601084711&perks=1840239774,1431678320,2048641572,2305480722
dimwishlist:item=2601084711&perks=1840239774,1431678320,2048641572,557221067
dimwishlist:item=2601084711&perks=1840239774,1431678320,2048641572,657025441
dimwishlist:item=2601084711&perks=1840239774,1431678320,1464081238,2305480722
dimwishlist:item=2601084711&perks=1840239774,1431678320,1464081238,557221067
dimwishlist:item=2601084711&perks=1840239774,1431678320,1464081238,657025441
dimwishlist:item=2601084711&perks=1840239774,1431678320,3182497402,2305480722
dimwishlist:item=2601084711&perks=1840239774,1431678320,3182497402,557221067
dimwishlist:item=2601084711&perks=1840239774,1431678320,3182497402,657025441
dimwishlist:item=2601084711&perks=1840239774,1087426260,2048641572,2305480722
dimwishlist:item=2601084711&perks=1840239774,1087426260,2048641572,557221067
dimwishlist:item=2601084711&perks=1840239774,1087426260,2048641572,657025441
dimwishlist:item=2601084711&perks=1840239774,1087426260,1464081238,2305480722
dimwishlist:item=2601084711&perks=1840239774,1087426260,1464081238,557221067
dimwishlist:item=2601084711&perks=1840239774,1087426260,1464081238,657025441
dimwishlist:item=2601084711&perks=1840239774,1087426260,3182497402,2305480722
dimwishlist:item=2601084711&perks=1840239774,1087426260,3182497402,557221067
dimwishlist:item=2601084711&perks=1840239774,1087426260,3182497402,657025441
dimwishlist:item=2601084711&perks=1840239774,1561002382,2048641572,2305480722
dimwishlist:item=2601084711&perks=1840239774,1561002382,2048641572,557221067
dimwishlist:item=2601084711&perks=1840239774,1561002382,2048641572,657025441
dimwishlist:item=2601084711&perks=1840239774,1561002382,1464081238,2305480722
dimwishlist:item=2601084711&perks=1840239774,1561002382,1464081238,557221067
dimwishlist:item=2601084711&perks=1840239774,1561002382,1464081238,657025441
dimwishlist:item=2601084711&perks=1840239774,1561002382,3182497402,2305480722
dimwishlist:item=2601084711&perks=1840239774,1561002382,3182497402,557221067
dimwishlist:item=2601084711&perks=1840239774,1561002382,3182497402,657025441
dimwishlist:item=2601084711&perks=1840239774,3230963543,2048641572,2305480722
dimwishlist:item=2601084711&perks=1840239774,3230963543,2048641572,557221067
dimwishlist:item=2601084711&perks=1840239774,3230963543,2048641572,657025441
dimwishlist:item=2601084711&perks=1840239774,3230963543,1464081238,2305480722
dimwishlist:item=2601084711&perks=1840239774,3230963543,1464081238,557221067
dimwishlist:item=2601084711&perks=1840239774,3230963543,1464081238,657025441
dimwishlist:item=2601084711&perks=1840239774,3230963543,3182497402,2305480722
dimwishlist:item=2601084711&perks=1840239774,3230963543,3182497402,557221067
dimwishlist:item=2601084711&perks=1840239774,3230963543,3182497402,657025441
dimwishlist:item=2601084711&perks=1840239774,679225683,2048641572,2305480722
dimwishlist:item=2601084711&perks=1840239774,679225683,2048641572,557221067
dimwishlist:item=2601084711&perks=1840239774,679225683,2048641572,657025441
dimwishlist:item=2601084711&perks=1840239774,679225683,1464081238,2305480722
dimwishlist:item=2601084711&perks=1840239774,679225683,1464081238,557221067
dimwishlist:item=2601084711&perks=1840239774,679225683,1464081238,657025441
dimwishlist:item=2601084711&perks=1840239774,679225683,3182497402,2305480722
dimwishlist:item=2601084711&perks=1840239774,679225683,3182497402,557221067
dimwishlist:item=2601084711&perks=1840239774,679225683,3182497402,657025441
dimwishlist:item=2601084711&perks=1840239774,106909392,2048641572,2305480722
dimwishlist:item=2601084711&perks=1840239774,106909392,2048641572,557221067
dimwishlist:item=2601084711&perks=1840239774,106909392,2048641572,657025441
dimwishlist:item=2601084711&perks=1840239774,106909392,1464081238,2305480722
dimwishlist:item=2601084711&perks=1840239774,106909392,1464081238,557221067
dimwishlist:item=2601084711&perks=1840239774,106909392,1464081238,657025441
dimwishlist:item=2601084711&perks=1840239774,106909392,3182497402,2305480722
dimwishlist:item=2601084711&perks=1840239774,106909392,3182497402,557221067
dimwishlist:item=2601084711&perks=1840239774,106909392,3182497402,657025441
dimwishlist:item=2601084711&perks=3250034553,1431678320,2048641572,2305480722
dimwishlist:item=2601084711&perks=3250034553,1431678320,2048641572,557221067
dimwishlist:item=2601084711&perks=3250034553,1431678320,2048641572,657025441
dimwishlist:item=2601084711&perks=3250034553,1431678320,1464081238,2305480722
dimwishlist:item=2601084711&perks=3250034553,1431678320,1464081238,557221067
dimwishlist:item=2601084711&perks=3250034553,1431678320,1464081238,657025441
dimwishlist:item=2601084711&perks=3250034553,1431678320,3182497402,2305480722
dimwishlist:item=2601084711&perks=3250034553,1431678320,3182497402,557221067
dimwishlist:item=2601084711&perks=3250034553,1431678320,3182497402,657025441
dimwishlist:item=2601084711&perks=3250034553,1087426260,2048641572,2305480722
dimwishlist:item=2601084711&perks=3250034553,1087426260,2048641572,557221067
dimwishlist:item=2601084711&perks=3250034553,1087426260,2048641572,657025441
dimwishlist:item=2601084711&perks=3250034553,1087426260,1464081238,2305480722
dimwishlist:item=2601084711&perks=3250034553,1087426260,1464081238,557221067
dimwishlist:item=2601084711&perks=3250034553,1087426260,1464081238,657025441
dimwishlist:item=2601084711&perks=3250034553,1087426260,3182497402,2305480722
dimwishlist:item=2601084711&perks=3250034553,1087426260,3182497402,557221067
dimwishlist:item=2601084711&perks=3250034553,1087426260,3182497402,657025441
dimwishlist:item=2601084711&perks=3250034553,1561002382,2048641572,2305480722
dimwishlist:item=2601084711&perks=3250034553,1561002382,2048641572,557221067
dimwishlist:item=2601084711&perks=3250034553,1561002382,2048641572,657025441
dimwishlist:item=2601084711&perks=3250034553,1561002382,1464081238,2305480722
dimwishlist:item=2601084711&perks=3250034553,1561002382,1464081238,557221067
dimwishlist:item=2601084711&perks=3250034553,1561002382,1464081238,657025441
dimwishlist:item=2601084711&perks=3250034553,1561002382,3182497402,2305480722
dimwishlist:item=2601084711&perks=3250034553,1561002382,3182497402,557221067
dimwishlist:item=2601084711&perks=3250034553,1561002382,3182497402,657025441
dimwishlist:item=2601084711&perks=3250034553,3230963543,2048641572,2305480722
dimwishlist:item=2601084711&perks=3250034553,3230963543,2048641572,557221067
dimwishlist:item=2601084711&perks=3250034553,3230963543,2048641572,657025441
dimwishlist:item=2601084711&perks=3250034553,3230963543,1464081238,2305480722
dimwishlist:item=2601084711&perks=3250034553,3230963543,1464081238,557221067
dimwishlist:item=2601084711&perks=3250034553,3230963543,1464081238,657025441
dimwishlist:item=2601084711&perks=3250034553,3230963543,3182497402,2305480722
dimwishlist:item=2601084711&perks=3250034553,3230963543,3182497402,557221067
dimwishlist:item=2601084711&perks=3250034553,3230963543,3182497402,657025441
dimwishlist:item=2601084711&perks=3250034553,679225683,2048641572,2305480722
dimwishlist:item=2601084711&perks=3250034553,679225683,2048641572,557221067
dimwishlist:item=2601084711&perks=3250034553,679225683,2048641572,657025441
dimwishlist:item=2601084711&perks=3250034553,679225683,1464081238,2305480722
dimwishlist:item=2601084711&perks=3250034553,679225683,1464081238,557221067
dimwishlist:item=2601084711&perks=3250034553,679225683,1464081238,657025441
dimwishlist:item=2601084711&perks=3250034553,679225683,3182497402,2305480722
dimwishlist:item=2601084711&perks=3250034553,679225683,3182497402,557221067
dimwishlist:item=2601084711&perks=3250034553,679225683,3182497402,657025441
dimwishlist:item=2601084711&perks=3250034553,106909392,2048641572,2305480722
dimwishlist:item=2601084711&perks=3250034553,106909392,2048641572,557221067
dimwishlist:item=2601084711&perks=3250034553,106909392,2048641572,657025441
dimwishlist:item=2601084711&perks=3250034553,106909392,1464081238,2305480722
dimwishlist:item=2601084711&perks=3250034553,106909392,1464081238,557221067
dimwishlist:item=2601084711&perks=3250034553,106909392,1464081238,657025441
dimwishlist:item=2601084711&perks=3250034553,106909392,3182497402,2305480722
dimwishlist:item=2601084711&perks=3250034553,106909392,3182497402,557221067
dimwishlist:item=2601084711&perks=3250034553,106909392,3182497402,657025441
dimwishlist:item=2601084711&perks=1392496348,1431678320,2048641572,2305480722
dimwishlist:item=2601084711&perks=1392496348,1431678320,2048641572,557221067
dimwishlist:item=2601084711&perks=1392496348,1431678320,2048641572,657025441
dimwishlist:item=2601084711&perks=1392496348,1431678320,1464081238,2305480722
dimwishlist:item=2601084711&perks=1392496348,1431678320,1464081238,557221067
dimwishlist:item=2601084711&perks=1392496348,1431678320,1464081238,657025441
dimwishlist:item=2601084711&perks=1392496348,1431678320,3182497402,2305480722
dimwishlist:item=2601084711&perks=1392496348,1431678320,3182497402,557221067
dimwishlist:item=2601084711&perks=1392496348,1431678320,3182497402,657025441
dimwishlist:item=2601084711&perks=1392496348,1087426260,2048641572,2305480722
dimwishlist:item=2601084711&perks=1392496348,1087426260,2048641572,557221067
dimwishlist:item=2601084711&perks=1392496348,1087426260,2048641572,657025441
dimwishlist:item=2601084711&perks=1392496348,1087426260,1464081238,2305480722
dimwishlist:item=2601084711&perks=1392496348,1087426260,1464081238,557221067
dimwishlist:item=2601084711&perks=1392496348,1087426260,1464081238,657025441
dimwishlist:item=2601084711&perks=1392496348,1087426260,3182497402,2305480722
dimwishlist:item=2601084711&perks=1392496348,1087426260,3182497402,557221067
dimwishlist:item=2601084711&perks=1392496348,1087426260,3182497402,657025441
dimwishlist:item=2601084711&perks=1392496348,1561002382,2048641572,2305480722
dimwishlist:item=2601084711&perks=1392496348,1561002382,2048641572,557221067
dimwishlist:item=2601084711&perks=1392496348,1561002382,2048641572,657025441
dimwishlist:item=2601084711&perks=1392496348,1561002382,1464081238,2305480722
dimwishlist:item=2601084711&perks=1392496348,1561002382,1464081238,557221067
dimwishlist:item=2601084711&perks=1392496348,1561002382,1464081238,657025441
dimwishlist:item=2601084711&perks=1392496348,1561002382,3182497402,2305480722
dimwishlist:item=2601084711&perks=1392496348,1561002382,3182497402,557221067
dimwishlist:item=2601084711&perks=1392496348,1561002382,3182497402,657025441
dimwishlist:item=2601084711&perks=1392496348,3230963543,2048641572,2305480722
dimwishlist:item=2601084711&perks=1392496348,3230963543,2048641572,557221067
dimwishlist:item=2601084711&perks=1392496348,3230963543,2048641572,657025441
dimwishlist:item=2601084711&perks=1392496348,3230963543,1464081238,2305480722
dimwishlist:item=2601084711&perks=1392496348,3230963543,1464081238,557221067
dimwishlist:item=2601084711&perks=1392496348,3230963543,1464081238,657025441
dimwishlist:item=2601084711&perks=1392496348,3230963543,3182497402,2305480722
dimwishlist:item=2601084711&perks=1392496348,3230963543,3182497402,557221067
dimwishlist:item=2601084711&perks=1392496348,3230963543,3182497402,657025441
dimwishlist:item=2601084711&perks=1392496348,679225683,2048641572,2305480722
dimwishlist:item=2601084711&perks=1392496348,679225683,2048641572,557221067
dimwishlist:item=2601084711&perks=1392496348,679225683,2048641572,657025441
dimwishlist:item=2601084711&perks=1392496348,679225683,1464081238,2305480722
dimwishlist:item=2601084711&perks=1392496348,679225683,1464081238,557221067
dimwishlist:item=2601084711&perks=1392496348,679225683,1464081238,657025441
dimwishlist:item=2601084711&perks=1392496348,679225683,3182497402,2305480722
dimwishlist:item=2601084711&perks=1392496348,679225683,3182497402,557221067
dimwishlist:item=2601084711&perks=1392496348,679225683,3182497402,657025441
dimwishlist:item=2601084711&perks=1392496348,106909392,2048641572,2305480722
dimwishlist:item=2601084711&perks=1392496348,106909392,2048641572,557221067
dimwishlist:item=2601084711&perks=1392496348,106909392,2048641572,657025441
dimwishlist:item=2601084711&perks=1392496348,106909392,1464081238,2305480722
dimwishlist:item=2601084711&perks=1392496348,106909392,1464081238,557221067
dimwishlist:item=2601084711&perks=1392496348,106909392,1464081238,657025441
dimwishlist:item=2601084711&perks=1392496348,106909392,3182497402,2305480722
dimwishlist:item=2601084711&perks=1392496348,106909392,3182497402,557221067
dimwishlist:item=2601084711&perks=1392496348,106909392,3182497402,657025441
dimwishlist:item=2601084711&perks=1482024992,1431678320,2048641572,2305480722
dimwishlist:item=2601084711&perks=1482024992,1431678320,2048641572,557221067
dimwishlist:item=2601084711&perks=1482024992,1431678320,2048641572,657025441
dimwishlist:item=2601084711&perks=1482024992,1431678320,1464081238,2305480722
dimwishlist:item=2601084711&perks=1482024992,1431678320,1464081238,557221067
dimwishlist:item=2601084711&perks=1482024992,1431678320,1464081238,657025441
dimwishlist:item=2601084711&perks=1482024992,1431678320,3182497402,2305480722
dimwishlist:item=2601084711&perks=1482024992,1431678320,3182497402,557221067
dimwishlist:item=2601084711&perks=1482024992,1431678320,3182497402,657025441
dimwishlist:item=2601084711&perks=1482024992,1087426260,2048641572,2305480722
dimwishlist:item=2601084711&perks=1482024992,1087426260,2048641572,557221067
dimwishlist:item=2601084711&perks=1482024992,1087426260,2048641572,657025441
dimwishlist:item=2601084711&perks=1482024992,1087426260,1464081238,2305480722
dimwishlist:item=2601084711&perks=1482024992,1087426260,1464081238,557221067
dimwishlist:item=2601084711&perks=1482024992,1087426260,1464081238,657025441
dimwishlist:item=2601084711&perks=1482024992,1087426260,3182497402,2305480722
dimwishlist:item=2601084711&perks=1482024992,1087426260,3182497402,557221067
dimwishlist:item=2601084711&perks=1482024992,1087426260,3182497402,657025441
dimwishlist:item=2601084711&perks=1482024992,1561002382,2048641572,2305480722
dimwishlist:item=2601084711&perks=1482024992,1561002382,2048641572,557221067
dimwishlist:item=2601084711&perks=1482024992,1561002382,2048641572,657025441
dimwishlist:item=2601084711&perks=1482024992,1561002382,1464081238,2305480722
dimwishlist:item=2601084711&perks=1482024992,1561002382,1464081238,557221067
dimwishlist:item=2601084711&perks=1482024992,1561002382,1464081238,657025441
dimwishlist:item=2601084711&perks=1482024992,1561002382,3182497402,2305480722
dimwishlist:item=2601084711&perks=1482024992,1561002382,3182497402,557221067
dimwishlist:item=2601084711&perks=1482024992,1561002382,3182497402,657025441
dimwishlist:item=2601084711&perks=1482024992,3230963543,2048641572,2305480722
dimwishlist:item=2601084711&perks=1482024992,3230963543,2048641572,557221067
dimwishlist:item=2601084711&perks=1482024992,3230963543,2048641572,657025441
dimwishlist:item=2601084711&perks=1482024992,3230963543,1464081238,2305480722
dimwishlist:item=2601084711&perks=1482024992,3230963543,1464081238,557221067
dimwishlist:item=2601084711&perks=1482024992,3230963543,1464081238,657025441
dimwishlist:item=2601084711&perks=1482024992,3230963543,3182497402,2305480722
dimwishlist:item=2601084711&perks=1482024992,3230963543,3182497402,557221067
dimwishlist:item=2601084711&perks=1482024992,3230963543,3182497402,657025441
dimwishlist:item=2601084711&perks=1482024992,679225683,2048641572,2305480722
dimwishlist:item=2601084711&perks=1482024992,679225683,2048641572,557221067
dimwishlist:item=2601084711&perks=1482024992,679225683,2048641572,657025441
dimwishlist:item=2601084711&perks=1482024992,679225683,1464081238,2305480722
dimwishlist:item=2601084711&perks=1482024992,679225683,1464081238,557221067
dimwishlist:item=2601084711&perks=1482024992,679225683,1464081238,657025441
dimwishlist:item=2601084711&perks=1482024992,679225683,3182497402,2305480722
dimwishlist:item=2601084711&perks=1482024992,679225683,3182497402,557221067
dimwishlist:item=2601084711&perks=1482024992,679225683,3182497402,657025441
dimwishlist:item=2601084711&perks=1482024992,106909392,2048641572,2305480722
dimwishlist:item=2601084711&perks=1482024992,106909392,2048641572,557221067
dimwishlist:item=2601084711&perks=1482024992,106909392,2048641572,657025441
dimwishlist:item=2601084711&perks=1482024992,106909392,1464081238,2305480722
dimwishlist:item=2601084711&perks=1482024992,106909392,1464081238,557221067
dimwishlist:item=2601084711&perks=1482024992,106909392,1464081238,657025441
dimwishlist:item=2601084711&perks=1482024992,106909392,3182497402,2305480722
dimwishlist:item=2601084711&perks=1482024992,106909392,3182497402,557221067
dimwishlist:item=2601084711&perks=1482024992,106909392,3182497402,657025441


// Fortunate Star (god-pve)
//notes: tags:god-pve
dimwishlist:item=2631466936&perks=776531651,2048641572
dimwishlist:item=2631466936&perks=776531651,1464081238
dimwishlist:item=2631466936&perks=776531651,3414324643
dimwishlist:item=2631466936&perks=2848615171,2048641572
dimwishlist:item=2631466936&perks=2848615171,1464081238
dimwishlist:item=2631466936&perks=2848615171,3414324643
dimwishlist:item=2631466936&perks=2360347339,2048641572
dimwishlist:item=2631466936&perks=2360347339,1464081238
dimwishlist:item=2631466936&perks=2360347339,3414324643


// Dawn Far Off (god-pve)
//notes: tags:god-pve
dimwishlist:item=2770617440&perks=839105230,1431678320,2890807135,4293542123
dimwishlist:item=2770617440&perks=839105230,1431678320,2890807135,3201496230
dimwishlist:item=2770617440&perks=839105230,1431678320,2890807135,657025441
dimwishlist:item=2770617440&perks=839105230,1431678320,1820235745,4293542123
dimwishlist:item=2770617440&perks=839105230,1431678320,1820235745,3201496230
dimwishlist:item=2770617440&perks=839105230,1431678320,1820235745,657025441
dimwishlist:item=2770617440&perks=839105230,1431678320,2360347339,4293542123
dimwishlist:item=2770617440&perks=839105230,1431678320,2360347339,3201496230
dimwishlist:item=2770617440&perks=839105230,1431678320,2360347339,657025441
dimwishlist:item=2770617440&perks=839105230,1087426260,2890807135,4293542123
dimwishlist:item=2770617440&perks=839105230,1087426260,2890807135,3201496230
dimwishlist:item=2770617440&perks=839105230,1087426260,2890807135,657025441
dimwishlist:item=2770617440&perks=839105230,1087426260,1820235745,4293542123
dimwishlist:item=2770617440&perks=839105230,1087426260,1820235745,3201496230
dimwishlist:item=2770617440&perks=839105230,1087426260,1820235745,657025441
dimwishlist:item=2770617440&perks=839105230,1087426260,2360347339,4293542123
dimwishlist:item=2770617440&perks=839105230,1087426260,2360347339,3201496230
dimwishlist:item=2770617440&perks=839105230,1087426260,2360347339,657025441
dimwishlist:item=2770617440&perks=839105230,1561002382,2890807135,4293542123
dimwishlist:item=2770617440&perks=839105230,1561002382,2890807135,3201496230
dimwishlist:item=2770617440&perks=839105230,1561002382,2890807135,657025441
dimwishlist:item=2770617440&perks=839105230,1561002382,1820235745,4293542123
dimwishlist:item=2770617440&perks=839105230,1561002382,1820235745,3201496230
dimwishlist:item=2770617440&perks=839105230,1561002382,1820235745,657025441
dimwishlist:item=2770617440&perks=839105230,1561002382,2360347339,4293542123
dimwishlist:item=2770617440&perks=839105230,1561002382,2360347339,3201496230
dimwishlist:item=2770617440&perks=839105230,1561002382,2360347339,657025441
dimwishlist:item=2770617440&perks=839105230,3230963543,2890807135,4293542123
dimwishlist:item=2770617440&perks=839105230,3230963543,2890807135,3201496230
dimwishlist:item=2770617440&perks=839105230,3230963543,2890807135,657025441
dimwishlist:item=2770617440&perks=839105230,3230963543,1820235745,4293542123
dimwishlist:item=2770617440&perks=839105230,3230963543,1820235745,3201496230
dimwishlist:item=2770617440&perks=839105230,3230963543,1820235745,657025441
dimwishlist:item=2770617440&perks=839105230,3230963543,2360347339,4293542123
dimwishlist:item=2770617440&perks=839105230,3230963543,2360347339,3201496230
dimwishlist:item=2770617440&perks=839105230,3230963543,2360347339,657025441
dimwishlist:item=2770617440&perks=839105230,679225683,2890807135,4293542123
dimwishlist:item=2770617440&perks=839105230,679225683,2890807135,3201496230
dimwishlist:item=2770617440&perks=839105230,679225683,2890807135,657025441
dimwishlist:item=2770617440&perks=839105230,679225683,1820235745,4293542123
dimwishlist:item=2770617440&perks=839105230,679225683,1820235745,3201496230
dimwishlist:item=2770617440&perks=839105230,679225683,1820235745,657025441
dimwishlist:item=2770617440&perks=839105230,679225683,2360347339,4293542123
dimwishlist:item=2770617440&perks=839105230,679225683,2360347339,3201496230
dimwishlist:item=2770617440&perks=839105230,679225683,2360347339,657025441
dimwishlist:item=2770617440&perks=839105230,106909392,2890807135,4293542123
dimwishlist:item=2770617440&perks=839105230,106909392,2890807135,3201496230
dimwishlist:item=2770617440&perks=839105230,106909392,2890807135,657025441
dimwishlist:item=2770617440&perks=839105230,106909392,1820235745,4293542123
dimwishlist:item=2770617440&perks=839105230,106909392,1820235745,3201496230
dimwishlist:item=2770617440&perks=839105230,106909392,1820235745,657025441
dimwishlist:item=2770617440&perks=839105230,106909392,2360347339,4293542123
dimwishlist:item=2770617440&perks=839105230,106909392,2360347339,3201496230
dimwishlist:item=2770617440&perks=839105230,106909392,2360347339,657025441
dimwishlist:item=2770617440&perks=4090651448,1431678320,2890807135,4293542123
dimwishlist:item=2770617440&perks=4090651448,1431678320,2890807135,3201496230
dimwishlist:item=2770617440&perks=4090651448,1431678320,2890807135,657025441
dimwishlist:item=2770617440&perks=4090651448,1431678320,1820235745,4293542123
dimwishlist:item=2770617440&perks=4090651448,1431678320,1820235745,3201496230
dimwishlist:item=2770617440&perks=4090651448,1431678320,1820235745,657025441
dimwishlist:item=2770617440&perks=4090651448,1431678320,2360347339,4293542123
dimwishlist:item=2770617440&perks=4090651448,1431678320,2360347339,3201496230
dimwishlist:item=2770617440&perks=4090651448,1431678320,2360347339,657025441
dimwishlist:item=2770617440&perks=4090651448,1087426260,2890807135,4293542123
dimwishlist:item=2770617440&perks=4090651448,1087426260,2890807135,3201496230
dimwishlist:item=2770617440&perks=4090651448,1087426260,2890807135,657025441
dimwishlist:item=2770617440&perks=4090651448,1087426260,1820235745,4293542123
dimwishlist:item=2770617440&perks=4090651448,1087426260,1820235745,3201496230
dimwishlist:item=2770617440&perks=4090651448,1087426260,1820235745,657025441
dimwishlist:item=2770617440&perks=4090651448,1087426260,2360347339,4293542123
dimwishlist:item=2770617440&perks=4090651448,1087426260,2360347339,3201496230
dimwishlist:item=2770617440&perks=4090651448,1087426260,2360347339,657025441
dimwishlist:item=2770617440&perks=4090651448,1561002382,2890807135,4293542123
dimwishlist:item=2770617440&perks=4090651448,1561002382,2890807135,3201496230
dimwishlist:item=2770617440&perks=4090651448,1561002382,2890807135,657025441
dimwishlist:item=2770617440&perks=4090651448,1561002382,1820235745,4293542123
dimwishlist:item=2770617440&perks=4090651448,1561002382,1820235745,3201496230
dimwishlist:item=2770617440&perks=4090651448,1561002382,1820235745,657025441
dimwishlist:item=2770617440&perks=4090651448,1561002382,2360347339,4293542123
dimwishlist:item=2770617440&perks=4090651448,1561002382,2360347339,3201496230
dimwishlist:item=2770617440&perks=4090651448,1561002382,2360347339,657025441
dimwishlist:item=2770617440&perks=4090651448,3230963543,2890807135,4293542123
dimwishlist:item=2770617440&perks=4090651448,3230963543,2890807135,3201496230
dimwishlist:item=2770617440&perks=4090651448,3230963543,2890807135,657025441
dimwishlist:item=2770617440&perks=4090651448,3230963543,1820235745,4293542123
dimwishlist:item=2770617440&perks=4090651448,3230963543,1820235745,3201496230
dimwishlist:item=2770617440&perks=4090651448,3230963543,1820235745,657025441
dimwishlist:item=2770617440&perks=4090651448,3230963543,2360347339,4293542123
dimwishlist:item=2770617440&perks=4090651448,3230963543,2360347339,3201496230
dimwishlist:item=2770617440&perks=4090651448,3230963543,2360347339,657025441
dimwishlist:item=2770617440&perks=4090651448,679225683,2890807135,4293542123
dimwishlist:item=2770617440&perks=4090651448,679225683,2890807135,3201496230
dimwishlist:item=2770617440&perks=4090651448,679225683,2890807135,657025441
dimwishlist:item=2770617440&perks=4090651448,679225683,1820235745,4293542123
dimwishlist:item=2770617440&perks=4090651448,679225683,1820235745,3201496230
dimwishlist:item=2770617440&perks=4090651448,679225683,1820235745,657025441
dimwishlist:item=2770617440&perks=4090651448,679225683,2360347339,4293542123
dimwishlist:item=2770617440&perks=4090651448,679225683,2360347339,3201496230
dimwishlist:item=2770617440&perks=4090651448,679225683,2360347339,657025441
dimwishlist:item=2770617440&perks=4090651448,106909392,2890807135,4293542123
dimwishlist:item=2770617440&perks=4090651448,106909392,2890807135,3201496230
dimwishlist:item=2770617440&perks=4090651448,106909392,2890807135,657025441
dimwishlist:item=2770617440&perks=4090651448,106909392,1820235745,4293542123
dimwishlist:item=2770617440&perks=4090651448,106909392,1820235745,3201496230
dimwishlist:item=2770617440&perks=4090651448,106909392,1820235745,657025441
dimwishlist:item=2770617440&perks=4090651448,106909392,2360347339,4293542123
dimwishlist:item=2770617440&perks=4090651448,106909392,2360347339,3201496230
dimwishlist:item=2770617440&perks=4090651448,106909392,2360347339,657025441
dimwishlist:item=2770617440&perks=1840239774,1431678320,2890807135,4293542123
dimwishlist:item=2770617440&perks=1840239774,1431678320,2890807135,3201496230
dimwishlist:item=2770617440&perks=1840239774,1431678320,2890807135,657025441
dimwishlist:item=2770617440&perks=1840239774,1431678320,1820235745,4293542123
dimwishlist:item=2770617440&perks=1840239774,1431678320,1820235745,3201496230
dimwishlist:item=2770617440&perks=1840239774,1431678320,1820235745,657025441
dimwishlist:item=2770617440&perks=1840239774,1431678320,2360347339,4293542123
dimwishlist:item=2770617440&perks=1840239774,1431678320,2360347339,3201496230
dimwishlist:item=2770617440&perks=1840239774,1431678320,2360347339,657025441
dimwishlist:item=2770617440&perks=1840239774,1087426260,2890807135,4293542123
dimwishlist:item=2770617440&perks=1840239774,1087426260,2890807135,3201496230
dimwishlist:item=2770617440&perks=1840239774,1087426260,2890807135,657025441
dimwishlist:item=2770617440&perks=1840239774,1087426260,1820235745,4293542123
dimwishlist:item=2770617440&perks=1840239774,1087426260,1820235745,3201496230
dimwishlist:item=2770617440&perks=1840239774,1087426260,1820235745,657025441
dimwishlist:item=2770617440&perks=1840239774,1087426260,2360347339,4293542123
dimwishlist:item=2770617440&perks=1840239774,1087426260,2360347339,3201496230
dimwishlist:item=2770617440&perks=1840239774,1087426260,2360347339,657025441
dimwishlist:item=2770617440&perks=1840239774,1561002382,2890807135,4293542123
dimwishlist:item=2770617440&perks=1840239774,1561002382,2890807135,3201496230
dimwishlist:item=2770617440&perks=1840239774,1561002382,2890807135,657025441
dimwishlist:item=2770617440&perks=1840239774,1561002382,1820235745,4293542123
dimwishlist:item=2770617440&perks=1840239774,1561002382,1820235745,3201496230
dimwishlist:item=2770617440&perks=1840239774,1561002382,1820235745,657025441
dimwishlist:item=2770617440&perks=1840239774,1561002382,2360347339,4293542123
dimwishlist:item=2770617440&perks=1840239774,1561002382,2360347339,3201496230
dimwishlist:item=2770617440&perks=1840239774,1561002382,2360347339,657025441
dimwishlist:item=2770617440&perks=1840239774,3230963543,2890807135,4293542123
dimwishlist:item=2770617440&perks=1840239774,3230963543,2890807135,3201496230
dimwishlist:item=2770617440&perks=1840239774,3230963543,2890807135,657025441
dimwishlist:item=2770617440&perks=1840239774,3230963543,1820235745,4293542123
dimwishlist:item=2770617440&perks=1840239774,3230963543,1820235745,3201496230
dimwishlist:item=2770617440&perks=1840239774,3230963543,1820235745,657025441
dimwishlist:item=2770617440&perks=1840239774,3230963543,2360347339,4293542123
dimwishlist:item=2770617440&perks=1840239774,3230963543,2360347339,3201496230
dimwishlist:item=2770617440&perks=1840239774,3230963543,2360347339,657025441
dimwishlist:item=2770617440&perks=1840239774,679225683,2890807135,4293542123
dimwishlist:item=2770617440&perks=1840239774,679225683,2890807135,3201496230
dimwishlist:item=2770617440&perks=1840239774,679225683,2890807135,657025441
dimwishlist:item=2770617440&perks=1840239774,679225683,1820235745,4293542123
dimwishlist:item=2770617440&perks=1840239774,679225683,1820235745,3201496230
dimwishlist:item=2770617440&perks=1840239774,679225683,1820235745,657025441
dimwishlist:item=2770617440&perks=1840239774,679225683,2360347339,4293542123
dimwishlist:item=2770617440&perks=1840239774,679225683,2360347339,3201496230
dimwishlist:item=2770617440&perks=1840239774,679225683,2360347339,657025441
dimwishlist:item=2770617440&perks=1840239774,106909392,2890807135,4293542123
dimwishlist:item=2770617440&perks=1840239774,106909392,2890807135,3201496230
dimwishlist:item=2770617440&perks=1840239774,106909392,2890807135,657025441
dimwishlist:item=2770617440&perks=1840239774,106909392,1820235745,4293542123
dimwishlist:item=2770617440&perks=1840239774,106909392,1820235745,3201496230
dimwishlist:item=2770617440&perks=1840239774,106909392,1820235745,657025441
dimwishlist:item=2770617440&perks=1840239774,106909392,2360347339,4293542123
dimwishlist:item=2770617440&perks=1840239774,106909392,2360347339,3201496230
dimwishlist:item=2770617440&perks=1840239774,106909392,2360347339,657025441
dimwishlist:item=2770617440&perks=3250034553,1431678320,2890807135,4293542123
dimwishlist:item=2770617440&perks=3250034553,1431678320,2890807135,3201496230
dimwishlist:item=2770617440&perks=3250034553,1431678320,2890807135,657025441
dimwishlist:item=2770617440&perks=3250034553,1431678320,1820235745,4293542123
dimwishlist:item=2770617440&perks=3250034553,1431678320,1820235745,3201496230
dimwishlist:item=2770617440&perks=3250034553,1431678320,1820235745,657025441
dimwishlist:item=2770617440&perks=3250034553,1431678320,2360347339,4293542123
dimwishlist:item=2770617440&perks=3250034553,1431678320,2360347339,3201496230
dimwishlist:item=2770617440&perks=3250034553,1431678320,2360347339,657025441
dimwishlist:item=2770617440&perks=3250034553,1087426260,2890807135,4293542123
dimwishlist:item=2770617440&perks=3250034553,1087426260,2890807135,3201496230
dimwishlist:item=2770617440&perks=3250034553,1087426260,2890807135,657025441
dimwishlist:item=2770617440&perks=3250034553,1087426260,1820235745,4293542123
dimwishlist:item=2770617440&perks=3250034553,1087426260,1820235745,3201496230
dimwishlist:item=2770617440&perks=3250034553,1087426260,1820235745,657025441
dimwishlist:item=2770617440&perks=3250034553,1087426260,2360347339,4293542123
dimwishlist:item=2770617440&perks=3250034553,1087426260,2360347339,3201496230
dimwishlist:item=2770617440&perks=3250034553,1087426260,2360347339,657025441
dimwishlist:item=2770617440&perks=3250034553,1561002382,2890807135,4293542123
dimwishlist:item=2770617440&perks=3250034553,1561002382,2890807135,3201496230
dimwishlist:item=2770617440&perks=3250034553,1561002382,2890807135,657025441
dimwishlist:item=2770617440&perks=3250034553,1561002382,1820235745,4293542123
dimwishlist:item=2770617440&perks=3250034553,1561002382,1820235745,3201496230
dimwishlist:item=2770617440&perks=3250034553,1561002382,1820235745,657025441
dimwishlist:item=2770617440&perks=3250034553,1561002382,2360347339,4293542123
dimwishlist:item=2770617440&perks=3250034553,1561002382,2360347339,3201496230
dimwishlist:item=2770617440&perks=3250034553,1561002382,2360347339,657025441
dimwishlist:item=2770617440&perks=3250034553,3230963543,2890807135,4293542123
dimwishlist:item=2770617440&perks=3250034553,3230963543,2890807135,3201496230
dimwishlist:item=2770617440&perks=3250034553,3230963543,2890807135,657025441
dimwishlist:item=2770617440&perks=3250034553,3230963543,1820235745,4293542123
dimwishlist:item=2770617440&perks=3250034553,3230963543,1820235745,3201496230
dimwishlist:item=2770617440&perks=3250034553,3230963543,1820235745,657025441
dimwishlist:item=2770617440&perks=3250034553,3230963543,2360347339,4293542123
dimwishlist:item=2770617440&perks=3250034553,3230963543,2360347339,3201496230
dimwishlist:item=2770617440&perks=3250034553,3230963543,2360347339,657025441
dimwishlist:item=2770617440&perks=3250034553,679225683,2890807135,4293542123
dimwishlist:item=2770617440&perks=3250034553,679225683,2890807135,3201496230
dimwishlist:item=2770617440&perks=3250034553,679225683,2890807135,657025441
dimwishlist:item=2770617440&perks=3250034553,679225683,1820235745,4293542123
dimwishlist:item=2770617440&perks=3250034553,679225683,1820235745,3201496230
dimwishlist:item=2770617440&perks=3250034553,679225683,1820235745,657025441
dimwishlist:item=2770617440&perks=3250034553,679225683,2360347339,4293542123
dimwishlist:item=2770617440&perks=3250034553,679225683,2360347339,3201496230
dimwishlist:item=2770617440&perks=3250034553,679225683,2360347339,657025441
dimwishlist:item=2770617440&perks=3250034553,106909392,2890807135,4293542123
dimwishlist:item=2770617440&perks=3250034553,106909392,2890807135,3201496230
dimwishlist:item=2770617440&perks=3250034553,106909392,2890807135,657025441
dimwishlist:item=2770617440&perks=3250034553,106909392,1820235745,4293542123
dimwishlist:item=2770617440&perks=3250034553,106909392,1820235745,3201496230
dimwishlist:item=2770617440&perks=3250034553,106909392,1820235745,657025441
dimwishlist:item=2770617440&perks=3250034553,106909392,2360347339,4293542123
dimwishlist:item=2770617440&perks=3250034553,106909392,2360347339,3201496230
dimwishlist:item=2770617440&perks=3250034553,106909392,2360347339,657025441
dimwishlist:item=2770617440&perks=1392496348,1431678320,2890807135,4293542123
dimwishlist:item=2770617440&perks=1392496348,1431678320,2890807135,3201496230
dimwishlist:item=2770617440&perks=1392496348,1431678320,2890807135,657025441
dimwishlist:item=2770617440&perks=1392496348,1431678320,1820235745,4293542123
dimwishlist:item=2770617440&perks=1392496348,1431678320,1820235745,3201496230
dimwishlist:item=2770617440&perks=1392496348,1431678320,1820235745,657025441
dimwishlist:item=2770617440&perks=1392496348,1431678320,2360347339,4293542123
dimwishlist:item=2770617440&perks=1392496348,1431678320,2360347339,3201496230
dimwishlist:item=2770617440&perks=1392496348,1431678320,2360347339,657025441
dimwishlist:item=2770617440&perks=1392496348,1087426260,2890807135,4293542123
dimwishlist:item=2770617440&perks=1392496348,1087426260,2890807135,3201496230
dimwishlist:item=2770617440&perks=1392496348,1087426260,2890807135,657025441
dimwishlist:item=2770617440&perks=1392496348,1087426260,1820235745,4293542123
dimwishlist:item=2770617440&perks=1392496348,1087426260,1820235745,3201496230
dimwishlist:item=2770617440&perks=1392496348,1087426260,1820235745,657025441
dimwishlist:item=2770617440&perks=1392496348,1087426260,2360347339,4293542123
dimwishlist:item=2770617440&perks=1392496348,1087426260,2360347339,3201496230
dimwishlist:item=2770617440&perks=1392496348,1087426260,2360347339,657025441
dimwishlist:item=2770617440&perks=1392496348,1561002382,2890807135,4293542123
dimwishlist:item=2770617440&perks=1392496348,1561002382,2890807135,3201496230
dimwishlist:item=2770617440&perks=1392496348,1561002382,2890807135,657025441
dimwishlist:item=2770617440&perks=1392496348,1561002382,1820235745,4293542123
dimwishlist:item=2770617440&perks=1392496348,1561002382,1820235745,3201496230
dimwishlist:item=2770617440&perks=1392496348,1561002382,1820235745,657025441
dimwishlist:item=2770617440&perks=1392496348,1561002382,2360347339,4293542123
dimwishlist:item=2770617440&perks=1392496348,1561002382,2360347339,3201496230
dimwishlist:item=2770617440&perks=1392496348,1561002382,2360347339,657025441
dimwishlist:item=2770617440&perks=1392496348,3230963543,2890807135,4293542123
dimwishlist:item=2770617440&perks=1392496348,3230963543,2890807135,3201496230
dimwishlist:item=2770617440&perks=1392496348,3230963543,2890807135,657025441
dimwishlist:item=2770617440&perks=1392496348,3230963543,1820235745,4293542123
dimwishlist:item=2770617440&perks=1392496348,3230963543,1820235745,3201496230
dimwishlist:item=2770617440&perks=1392496348,3230963543,1820235745,657025441
dimwishlist:item=2770617440&perks=1392496348,3230963543,2360347339,4293542123
dimwishlist:item=2770617440&perks=1392496348,3230963543,2360347339,3201496230
dimwishlist:item=2770617440&perks=1392496348,3230963543,2360347339,657025441
dimwishlist:item=2770617440&perks=1392496348,679225683,2890807135,4293542123
dimwishlist:item=2770617440&perks=1392496348,679225683,2890807135,3201496230
dimwishlist:item=2770617440&perks=1392496348,679225683,2890807135,657025441
dimwishlist:item=2770617440&perks=1392496348,679225683,1820235745,4293542123
dimwishlist:item=2770617440&perks=1392496348,679225683,1820235745,3201496230
dimwishlist:item=2770617440&perks=1392496348,679225683,1820235745,657025441
dimwishlist:item=2770617440&perks=1392496348,679225683,2360347339,4293542123
dimwishlist:item=2770617440&perks=1392496348,679225683,2360347339,3201496230
dimwishlist:item=2770617440&perks=1392496348,679225683,2360347339,657025441
dimwishlist:item=2770617440&perks=1392496348,106909392,2890807135,4293542123
dimwishlist:item=2770617440&perks=1392496348,106909392,2890807135,3201496230
dimwishlist:item=2770617440&perks=1392496348,106909392,2890807135,657025441
dimwishlist:item=2770617440&perks=1392496348,106909392,1820235745,4293542123
dimwishlist:item=2770617440&perks=1392496348,106909392,1820235745,3201496230
dimwishlist:item=2770617440&perks=1392496348,106909392,1820235745,657025441
dimwishlist:item=2770617440&perks=1392496348,106909392,2360347339,4293542123
dimwishlist:item=2770617440&perks=1392496348,106909392,2360347339,3201496230
dimwishlist:item=2770617440&perks=1392496348,106909392,2360347339,657025441
dimwishlist:item=2770617440&perks=1482024992,1431678320,2890807135,4293542123
dimwishlist:item=2770617440&perks=1482024992,1431678320,2890807135,3201496230
dimwishlist:item=2770617440&perks=1482024992,1431678320,2890807135,657025441
dimwishlist:item=2770617440&perks=1482024992,1431678320,1820235745,4293542123
dimwishlist:item=2770617440&perks=1482024992,1431678320,1820235745,3201496230
dimwishlist:item=2770617440&perks=1482024992,1431678320,1820235745,657025441
dimwishlist:item=2770617440&perks=1482024992,1431678320,2360347339,4293542123
dimwishlist:item=2770617440&perks=1482024992,1431678320,2360347339,3201496230
dimwishlist:item=2770617440&perks=1482024992,1431678320,2360347339,657025441
dimwishlist:item=2770617440&perks=1482024992,1087426260,2890807135,4293542123
dimwishlist:item=2770617440&perks=1482024992,1087426260,2890807135,3201496230
dimwishlist:item=2770617440&perks=1482024992,1087426260,2890807135,657025441
dimwishlist:item=2770617440&perks=1482024992,1087426260,1820235745,4293542123
dimwishlist:item=2770617440&perks=1482024992,1087426260,1820235745,3201496230
dimwishlist:item=2770617440&perks=1482024992,1087426260,1820235745,657025441
dimwishlist:item=2770617440&perks=1482024992,1087426260,2360347339,4293542123
dimwishlist:item=2770617440&perks=1482024992,1087426260,2360347339,3201496230
dimwishlist:item=2770617440&perks=1482024992,1087426260,2360347339,657025441
dimwishlist:item=2770617440&perks=1482024992,1561002382,2890807135,4293542123
dimwishlist:item=2770617440&perks=1482024992,1561002382,2890807135,3201496230
dimwishlist:item=2770617440&perks=1482024992,1561002382,2890807135,657025441
dimwishlist:item=2770617440&perks=1482024992,1561002382,1820235745,4293542123
dimwishlist:item=2770617440&perks=1482024992,1561002382,1820235745,3201496230
dimwishlist:item=2770617440&perks=1482024992,1561002382,1820235745,657025441
dimwishlist:item=2770617440&perks=1482024992,1561002382,2360347339,4293542123
dimwishlist:item=2770617440&perks=1482024992,1561002382,2360347339,3201496230
dimwishlist:item=2770617440&perks=1482024992,1561002382,2360347339,657025441
dimwishlist:item=2770617440&perks=1482024992,3230963543,2890807135,4293542123
dimwishlist:item=2770617440&perks=1482024992,3230963543,2890807135,3201496230
dimwishlist:item=2770617440&perks=1482024992,3230963543,2890807135,657025441
dimwishlist:item=2770617440&perks=1482024992,3230963543,1820235745,4293542123
dimwishlist:item=2770617440&perks=1482024992,3230963543,1820235745,3201496230
dimwishlist:item=2770617440&perks=1482024992,3230963543,1820235745,657025441
dimwishlist:item=2770617440&perks=1482024992,3230963543,2360347339,4293542123
dimwishlist:item=2770617440&perks=1482024992,3230963543,2360347339,3201496230
dimwishlist:item=2770617440&perks=1482024992,3230963543,2360347339,657025441
dimwishlist:item=2770617440&perks=1482024992,679225683,2890807135,4293542123
dimwishlist:item=2770617440&perks=1482024992,679225683,2890807135,3201496230
dimwishlist:item=2770617440&perks=1482024992,679225683,2890807135,657025441
dimwishlist:item=2770617440&perks=1482024992,679225683,1820235745,4293542123
dimwishlist:item=2770617440&perks=1482024992,679225683,1820235745,3201496230
dimwishlist:item=2770617440&perks=1482024992,679225683,1820235745,657025441
dimwishlist:item=2770617440&perks=1482024992,679225683,2360347339,4293542123
dimwishlist:item=2770617440&perks=1482024992,679225683,2360347339,3201496230
dimwishlist:item=2770617440&perks=1482024992,679225683,2360347339,657025441
dimwishlist:item=2770617440&perks=1482024992,106909392,2890807135,4293542123
dimwishlist:item=2770617440&perks=1482024992,106909392,2890807135,3201496230
dimwishlist:item=2770617440&perks=1482024992,106909392,2890807135,657025441
dimwishlist:item=2770617440&perks=1482024992,106909392,1820235745,4293542123
dimwishlist:item=2770617440&perks=1482024992,106909392,1820235745,3201496230
dimwishlist:item=2770617440&perks=1482024992,106909392,1820235745,657025441
dimwishlist:item=2770617440&perks=1482024992,106909392,2360347339,4293542123
dimwishlist:item=2770617440&perks=1482024992,106909392,2360347339,3201496230
dimwishlist:item=2770617440&perks=1482024992,106909392,2360347339,657025441


// New Pacific Epitaph (god-pve)
//notes: tags:god-pve
dimwishlist:item=2988180391&perks=3525010810,2822142346,2396489472,3201496230
dimwishlist:item=2988180391&perks=3525010810,2822142346,2396489472,2922950962
dimwishlist:item=2988180391&perks=3525010810,2822142346,2396489472,113508675
dimwishlist:item=2988180391&perks=3525010810,2822142346,3108830275,3201496230
dimwishlist:item=2988180391&perks=3525010810,2822142346,3108830275,2922950962
dimwishlist:item=2988180391&perks=3525010810,2822142346,3108830275,113508675
dimwishlist:item=2988180391&perks=3525010810,2822142346,1421772400,3201496230
dimwishlist:item=2988180391&perks=3525010810,2822142346,1421772400,2922950962
dimwishlist:item=2988180391&perks=3525010810,2822142346,1421772400,113508675
dimwishlist:item=2988180391&perks=3809316345,2822142346,2396489472,3201496230
dimwishlist:item=2988180391&perks=3809316345,2822142346,2396489472,2922950962
dimwishlist:item=2988180391&perks=3809316345,2822142346,2396489472,113508675
dimwishlist:item=2988180391&perks=3809316345,2822142346,3108830275,3201496230
dimwishlist:item=2988180391&perks=3809316345,2822142346,3108830275,2922950962
dimwishlist:item=2988180391&perks=3809316345,2822142346,3108830275,113508675
dimwishlist:item=2988180391&perks=3809316345,2822142346,1421772400,3201496230
dimwishlist:item=2988180391&perks=3809316345,2822142346,1421772400,2922950962
dimwishlist:item=2988180391&perks=3809316345,2822142346,1421772400,113508675
dimwishlist:item=2988180391&perks=1441682018,2822142346,2396489472,3201496230
dimwishlist:item=2988180391&perks=1441682018,2822142346,2396489472,2922950962
dimwishlist:item=2988180391&perks=1441682018,2822142346,2396489472,113508675
dimwishlist:item=2988180391&perks=1441682018,2822142346,3108830275,3201496230
dimwishlist:item=2988180391&perks=1441682018,2822142346,3108830275,2922950962
dimwishlist:item=2988180391&perks=1441682018,2822142346,3108830275,113508675
dimwishlist:item=2988180391&perks=1441682018,2822142346,1421772400,3201496230
dimwishlist:item=2988180391&perks=1441682018,2822142346,1421772400,2922950962
dimwishlist:item=2988180391&perks=1441682018,2822142346,1421772400,113508675
dimwishlist:item=2988180391&perks=3798852852,2822142346,2396489472,3201496230
dimwishlist:item=2988180391&perks=3798852852,2822142346,2396489472,2922950962
dimwishlist:item=2988180391&perks=3798852852,2822142346,2396489472,113508675
dimwishlist:item=2988180391&perks=3798852852,2822142346,3108830275,3201496230
dimwishlist:item=2988180391&perks=3798852852,2822142346,3108830275,2922950962
dimwishlist:item=2988180391&perks=3798852852,2822142346,3108830275,113508675
dimwishlist:item=2988180391&perks=3798852852,2822142346,1421772400,3201496230
dimwishlist:item=2988180391&perks=3798852852,2822142346,1421772400,2922950962
dimwishlist:item=2988180391&perks=3798852852,2822142346,1421772400,113508675


// Zaouli's Bane (god-pve)
//notes: tags:god-pve
dimwishlist:item=3066945855&perks=839105230,106909392,3038247973,4293542123
dimwishlist:item=3066945855&perks=839105230,106909392,3038247973,657025441
dimwishlist:item=3066945855&perks=839105230,106909392,3038247973,3640170453
dimwishlist:item=3066945855&perks=839105230,106909392,2890807135,4293542123
dimwishlist:item=3066945855&perks=839105230,106909392,2890807135,657025441
dimwishlist:item=3066945855&perks=839105230,106909392,2890807135,3640170453
dimwishlist:item=3066945855&perks=839105230,106909392,3824105627,4293542123
dimwishlist:item=3066945855&perks=839105230,106909392,3824105627,657025441
dimwishlist:item=3066945855&perks=839105230,106909392,3824105627,3640170453
dimwishlist:item=3066945855&perks=839105230,1431678320,3038247973,4293542123
dimwishlist:item=3066945855&perks=839105230,1431678320,3038247973,657025441
dimwishlist:item=3066945855&perks=839105230,1431678320,3038247973,3640170453
dimwishlist:item=3066945855&perks=839105230,1431678320,2890807135,4293542123
dimwishlist:item=3066945855&perks=839105230,1431678320,2890807135,657025441
dimwishlist:item=3066945855&perks=839105230,1431678320,2890807135,3640170453
dimwishlist:item=3066945855&perks=839105230,1431678320,3824105627,4293542123
dimwishlist:item=3066945855&perks=839105230,1431678320,3824105627,657025441
dimwishlist:item=3066945855&perks=839105230,1431678320,3824105627,3640170453
dimwishlist:item=3066945855&perks=839105230,3230963543,3038247973,4293542123
dimwishlist:item=3066945855&perks=839105230,3230963543,3038247973,657025441
dimwishlist:item=3066945855&perks=839105230,3230963543,3038247973,3640170453
dimwishlist:item=3066945855&perks=839105230,3230963543,2890807135,4293542123
dimwishlist:item=3066945855&perks=839105230,3230963543,2890807135,657025441
dimwishlist:item=3066945855&perks=839105230,3230963543,2890807135,3640170453
dimwishlist:item=3066945855&perks=839105230,3230963543,3824105627,4293542123
dimwishlist:item=3066945855&perks=839105230,3230963543,3824105627,657025441
dimwishlist:item=3066945855&perks=839105230,3230963543,3824105627,3640170453
dimwishlist:item=3066945855&perks=839105230,679225683,3038247973,4293542123
dimwishlist:item=3066945855&perks=839105230,679225683,3038247973,657025441
dimwishlist:item=3066945855&perks=839105230,679225683,3038247973,3640170453
dimwishlist:item=3066945855&perks=839105230,679225683,2890807135,4293542123
dimwishlist:item=3066945855&perks=839105230,679225683,2890807135,657025441
dimwishlist:item=3066945855&perks=839105230,679225683,2890807135,3640170453
dimwishlist:item=3066945855&perks=839105230,679225683,3824105627,4293542123
dimwishlist:item=3066945855&perks=839105230,679225683,3824105627,657025441
dimwishlist:item=3066945855&perks=839105230,679225683,3824105627,3640170453
dimwishlist:item=3066945855&perks=4090651448,106909392,3038247973,4293542123
dimwishlist:item=3066945855&perks=4090651448,106909392,3038247973,657025441
dimwishlist:item=3066945855&perks=4090651448,106909392,3038247973,3640170453
dimwishlist:item=3066945855&perks=4090651448,106909392,2890807135,4293542123
dimwishlist:item=3066945855&perks=4090651448,106909392,2890807135,657025441
dimwishlist:item=3066945855&perks=4090651448,106909392,2890807135,3640170453
dimwishlist:item=3066945855&perks=4090651448,106909392,3824105627,4293542123
dimwishlist:item=3066945855&perks=4090651448,106909392,3824105627,657025441
dimwishlist:item=3066945855&perks=4090651448,106909392,3824105627,3640170453
dimwishlist:item=3066945855&perks=4090651448,1431678320,3038247973,4293542123
dimwishlist:item=3066945855&perks=4090651448,1431678320,3038247973,657025441
dimwishlist:item=3066945855&perks=4090651448,1431678320,3038247973,3640170453
dimwishlist:item=3066945855&perks=4090651448,1431678320,2890807135,4293542123
dimwishlist:item=3066945855&perks=4090651448,1431678320,2890807135,657025441
dimwishlist:item=3066945855&perks=4090651448,1431678320,2890807135,3640170453
dimwishlist:item=3066945855&perks=4090651448,1431678320,3824105627,4293542123
dimwishlist:item=3066945855&perks=4090651448,1431678320,3824105627,657025441
dimwishlist:item=3066945855&perks=4090651448,1431678320,3824105627,3640170453
dimwishlist:item=3066945855&perks=4090651448,3230963543,3038247973,4293542123
dimwishlist:item=3066945855&perks=4090651448,3230963543,3038247973,657025441
dimwishlist:item=3066945855&perks=4090651448,3230963543,3038247973,3640170453
dimwishlist:item=3066945855&perks=4090651448,3230963543,2890807135,4293542123
dimwishlist:item=3066945855&perks=4090651448,3230963543,2890807135,657025441
dimwishlist:item=3066945855&perks=4090651448,3230963543,2890807135,3640170453
dimwishlist:item=3066945855&perks=4090651448,3230963543,3824105627,4293542123
dimwishlist:item=3066945855&perks=4090651448,3230963543,3824105627,657025441
dimwishlist:item=3066945855&perks=4090651448,3230963543,3824105627,3640170453
dimwishlist:item=3066945855&perks=4090651448,679225683,3038247973,4293542123
dimwishlist:item=3066945855&perks=4090651448,679225683,3038247973,657025441
dimwishlist:item=3066945855&perks=4090651448,679225683,3038247973,3640170453
dimwishlist:item=3066945855&perks=4090651448,679225683,2890807135,4293542123
dimwishlist:item=3066945855&perks=4090651448,679225683,2890807135,657025441
dimwishlist:item=3066945855&perks=4090651448,679225683,2890807135,3640170453
dimwishlist:item=3066945855&perks=4090651448,679225683,3824105627,4293542123
dimwishlist:item=3066945855&perks=4090651448,679225683,3824105627,657025441
dimwishlist:item=3066945855&perks=4090651448,679225683,3824105627,3640170453
dimwishlist:item=3066945855&perks=1840239774,106909392,3038247973,4293542123
dimwishlist:item=3066945855&perks=1840239774,106909392,3038247973,657025441
dimwishlist:item=3066945855&perks=1840239774,106909392,3038247973,3640170453
dimwishlist:item=3066945855&perks=1840239774,106909392,2890807135,4293542123
dimwishlist:item=3066945855&perks=1840239774,106909392,2890807135,657025441
dimwishlist:item=3066945855&perks=1840239774,106909392,2890807135,3640170453
dimwishlist:item=3066945855&perks=1840239774,106909392,3824105627,4293542123
dimwishlist:item=3066945855&perks=1840239774,106909392,3824105627,657025441
dimwishlist:item=3066945855&perks=1840239774,106909392,3824105627,3640170453
dimwishlist:item=3066945855&perks=1840239774,1431678320,3038247973,4293542123
dimwishlist:item=3066945855&perks=1840239774,1431678320,3038247973,657025441
dimwishlist:item=3066945855&perks=1840239774,1431678320,3038247973,3640170453
dimwishlist:item=3066945855&perks=1840239774,1431678320,2890807135,4293542123
dimwishlist:item=3066945855&perks=1840239774,1431678320,2890807135,657025441
dimwishlist:item=3066945855&perks=1840239774,1431678320,2890807135,3640170453
dimwishlist:item=3066945855&perks=1840239774,1431678320,3824105627,4293542123
dimwishlist:item=3066945855&perks=1840239774,1431678320,3824105627,657025441
dimwishlist:item=3066945855&perks=1840239774,1431678320,3824105627,3640170453
dimwishlist:item=3066945855&perks=1840239774,3230963543,3038247973,4293542123
dimwishlist:item=3066945855&perks=1840239774,3230963543,3038247973,657025441
dimwishlist:item=3066945855&perks=1840239774,3230963543,3038247973,3640170453
dimwishlist:item=3066945855&perks=1840239774,3230963543,2890807135,4293542123
dimwishlist:item=3066945855&perks=1840239774,3230963543,2890807135,657025441
dimwishlist:item=3066945855&perks=1840239774,3230963543,2890807135,3640170453
dimwishlist:item=3066945855&perks=1840239774,3230963543,3824105627,4293542123
dimwishlist:item=3066945855&perks=1840239774,3230963543,3824105627,657025441
dimwishlist:item=3066945855&perks=1840239774,3230963543,3824105627,3640170453
dimwishlist:item=3066945855&perks=1840239774,679225683,3038247973,4293542123
dimwishlist:item=3066945855&perks=1840239774,679225683,3038247973,657025441
dimwishlist:item=3066945855&perks=1840239774,679225683,3038247973,3640170453
dimwishlist:item=3066945855&perks=1840239774,679225683,2890807135,4293542123
dimwishlist:item=3066945855&perks=1840239774,679225683,2890807135,657025441
dimwishlist:item=3066945855&perks=1840239774,679225683,2890807135,3640170453
dimwishlist:item=3066945855&perks=1840239774,679225683,3824105627,4293542123
dimwishlist:item=3066945855&perks=1840239774,679225683,3824105627,657025441
dimwishlist:item=3066945855&perks=1840239774,679225683,3824105627,3640170453
dimwishlist:item=3066945855&perks=3250034553,106909392,3038247973,4293542123
dimwishlist:item=3066945855&perks=3250034553,106909392,3038247973,657025441
dimwishlist:item=3066945855&perks=3250034553,106909392,3038247973,3640170453
dimwishlist:item=3066945855&perks=3250034553,106909392,2890807135,4293542123
dimwishlist:item=3066945855&perks=3250034553,106909392,2890807135,657025441
dimwishlist:item=3066945855&perks=3250034553,106909392,2890807135,3640170453
dimwishlist:item=3066945855&perks=3250034553,106909392,3824105627,4293542123
dimwishlist:item=3066945855&perks=3250034553,106909392,3824105627,657025441
dimwishlist:item=3066945855&perks=3250034553,106909392,3824105627,3640170453
dimwishlist:item=3066945855&perks=3250034553,1431678320,3038247973,4293542123
dimwishlist:item=3066945855&perks=3250034553,1431678320,3038247973,657025441
dimwishlist:item=3066945855&perks=3250034553,1431678320,3038247973,3640170453
dimwishlist:item=3066945855&perks=3250034553,1431678320,2890807135,4293542123
dimwishlist:item=3066945855&perks=3250034553,1431678320,2890807135,657025441
dimwishlist:item=3066945855&perks=3250034553,1431678320,2890807135,3640170453
dimwishlist:item=3066945855&perks=3250034553,1431678320,3824105627,4293542123
dimwishlist:item=3066945855&perks=3250034553,1431678320,3824105627,657025441
dimwishlist:item=3066945855&perks=3250034553,1431678320,3824105627,3640170453
dimwishlist:item=3066945855&perks=3250034553,3230963543,3038247973,4293542123
dimwishlist:item=3066945855&perks=3250034553,3230963543,3038247973,657025441
dimwishlist:item=3066945855&perks=3250034553,3230963543,3038247973,3640170453
dimwishlist:item=3066945855&perks=3250034553,3230963543,2890807135,4293542123
dimwishlist:item=3066945855&perks=3250034553,3230963543,2890807135,657025441
dimwishlist:item=3066945855&perks=3250034553,3230963543,2890807135,3640170453
dimwishlist:item=3066945855&perks=3250034553,3230963543,3824105627,4293542123
dimwishlist:item=3066945855&perks=3250034553,3230963543,3824105627,657025441
dimwishlist:item=3066945855&perks=3250034553,3230963543,3824105627,3640170453
dimwishlist:item=3066945855&perks=3250034553,679225683,3038247973,4293542123
dimwishlist:item=3066945855&perks=3250034553,679225683,3038247973,657025441
dimwishlist:item=3066945855&perks=3250034553,679225683,3038247973,3640170453
dimwishlist:item=3066945855&perks=3250034553,679225683,2890807135,4293542123
dimwishlist:item=3066945855&perks=3250034553,679225683,2890807135,657025441
dimwishlist:item=3066945855&perks=3250034553,679225683,2890807135,3640170453
dimwishlist:item=3066945855&perks=3250034553,679225683,3824105627,4293542123
dimwishlist:item=3066945855&perks=3250034553,679225683,3824105627,657025441
dimwishlist:item=3066945855&perks=3250034553,679225683,3824105627,3640170453
dimwishlist:item=3066945855&perks=1392496348,106909392,3038247973,4293542123
dimwishlist:item=3066945855&perks=1392496348,106909392,3038247973,657025441
dimwishlist:item=3066945855&perks=1392496348,106909392,3038247973,3640170453
dimwishlist:item=3066945855&perks=1392496348,106909392,2890807135,4293542123
dimwishlist:item=3066945855&perks=1392496348,106909392,2890807135,657025441
dimwishlist:item=3066945855&perks=1392496348,106909392,2890807135,3640170453
dimwishlist:item=3066945855&perks=1392496348,106909392,3824105627,4293542123
dimwishlist:item=3066945855&perks=1392496348,106909392,3824105627,657025441
dimwishlist:item=3066945855&perks=1392496348,106909392,3824105627,3640170453
dimwishlist:item=3066945855&perks=1392496348,1431678320,3038247973,4293542123
dimwishlist:item=3066945855&perks=1392496348,1431678320,3038247973,657025441
dimwishlist:item=3066945855&perks=1392496348,1431678320,3038247973,3640170453
dimwishlist:item=3066945855&perks=1392496348,1431678320,2890807135,4293542123
dimwishlist:item=3066945855&perks=1392496348,1431678320,2890807135,657025441
dimwishlist:item=3066945855&perks=1392496348,1431678320,2890807135,3640170453
dimwishlist:item=3066945855&perks=1392496348,1431678320,3824105627,4293542123
dimwishlist:item=3066945855&perks=1392496348,1431678320,3824105627,657025441
dimwishlist:item=3066945855&perks=1392496348,1431678320,3824105627,3640170453
dimwishlist:item=3066945855&perks=1392496348,3230963543,3038247973,4293542123
dimwishlist:item=3066945855&perks=1392496348,3230963543,3038247973,657025441
dimwishlist:item=3066945855&perks=1392496348,3230963543,3038247973,3640170453
dimwishlist:item=3066945855&perks=1392496348,3230963543,2890807135,4293542123
dimwishlist:item=3066945855&perks=1392496348,3230963543,2890807135,657025441
dimwishlist:item=3066945855&perks=1392496348,3230963543,2890807135,3640170453
dimwishlist:item=3066945855&perks=1392496348,3230963543,3824105627,4293542123
dimwishlist:item=3066945855&perks=1392496348,3230963543,3824105627,657025441
dimwishlist:item=3066945855&perks=1392496348,3230963543,3824105627,3640170453
dimwishlist:item=3066945855&perks=1392496348,679225683,3038247973,4293542123
dimwishlist:item=3066945855&perks=1392496348,679225683,3038247973,657025441
dimwishlist:item=3066945855&perks=1392496348,679225683,3038247973,3640170453
dimwishlist:item=3066945855&perks=1392496348,679225683,2890807135,4293542123
dimwishlist:item=3066945855&perks=1392496348,679225683,2890807135,657025441
dimwishlist:item=3066945855&perks=1392496348,679225683,2890807135,3640170453
dimwishlist:item=3066945855&perks=1392496348,679225683,3824105627,4293542123
dimwishlist:item=3066945855&perks=1392496348,679225683,3824105627,657025441
dimwishlist:item=3066945855&perks=1392496348,679225683,3824105627,3640170453
dimwishlist:item=3066945855&perks=1482024992,106909392,3038247973,4293542123
dimwishlist:item=3066945855&perks=1482024992,106909392,3038247973,657025441
dimwishlist:item=3066945855&perks=1482024992,106909392,3038247973,3640170453
dimwishlist:item=3066945855&perks=1482024992,106909392,2890807135,4293542123
dimwishlist:item=3066945855&perks=1482024992,106909392,2890807135,657025441
dimwishlist:item=3066945855&perks=1482024992,106909392,2890807135,3640170453
dimwishlist:item=3066945855&perks=1482024992,106909392,3824105627,4293542123
dimwishlist:item=3066945855&perks=1482024992,106909392,3824105627,657025441
dimwishlist:item=3066945855&perks=1482024992,106909392,3824105627,3640170453
dimwishlist:item=3066945855&perks=1482024992,1431678320,3038247973,4293542123
dimwishlist:item=3066945855&perks=1482024992,1431678320,3038247973,657025441
dimwishlist:item=3066945855&perks=1482024992,1431678320,3038247973,3640170453
dimwishlist:item=3066945855&perks=1482024992,1431678320,2890807135,4293542123
dimwishlist:item=3066945855&perks=1482024992,1431678320,2890807135,657025441
dimwishlist:item=3066945855&perks=1482024992,1431678320,2890807135,3640170453
dimwishlist:item=3066945855&perks=1482024992,1431678320,3824105627,4293542123
dimwishlist:item=3066945855&perks=1482024992,1431678320,3824105627,657025441
dimwishlist:item=3066945855&perks=1482024992,1431678320,3824105627,3640170453
dimwishlist:item=3066945855&perks=1482024992,3230963543,3038247973,4293542123
dimwishlist:item=3066945855&perks=1482024992,3230963543,3038247973,657025441
dimwishlist:item=3066945855&perks=1482024992,3230963543,3038247973,3640170453
dimwishlist:item=3066945855&perks=1482024992,3230963543,2890807135,4293542123
dimwishlist:item=3066945855&perks=1482024992,3230963543,2890807135,657025441
dimwishlist:item=3066945855&perks=1482024992,3230963543,2890807135,3640170453
dimwishlist:item=3066945855&perks=1482024992,3230963543,3824105627,4293542123
dimwishlist:item=3066945855&perks=1482024992,3230963543,3824105627,657025441
dimwishlist:item=3066945855&perks=1482024992,3230963543,3824105627,3640170453
dimwishlist:item=3066945855&perks=1482024992,679225683,3038247973,4293542123
dimwishlist:item=3066945855&perks=1482024992,679225683,3038247973,657025441
dimwishlist:item=3066945855&perks=1482024992,679225683,3038247973,3640170453
dimwishlist:item=3066945855&perks=1482024992,679225683,2890807135,4293542123
dimwishlist:item=3066945855&perks=1482024992,679225683,2890807135,657025441
dimwishlist:item=3066945855&perks=1482024992,679225683,2890807135,3640170453
dimwishlist:item=3066945855&perks=1482024992,679225683,3824105627,4293542123
dimwishlist:item=3066945855&perks=1482024992,679225683,3824105627,657025441
dimwishlist:item=3066945855&perks=1482024992,679225683,3824105627,3640170453


// Vulpecula (god-pve)
//notes: tags:god-pve
dimwishlist:item=3245446311&perks=839105230,3142289711,3700496672,2922950962
dimwishlist:item=3245446311&perks=839105230,3142289711,3700496672,3038247973
dimwishlist:item=3245446311&perks=839105230,3142289711,124408337,2922950962
dimwishlist:item=3245446311&perks=839105230,3142289711,124408337,3038247973
dimwishlist:item=3245446311&perks=839105230,3142289711,1955165503,2922950962
dimwishlist:item=3245446311&perks=839105230,3142289711,1955165503,3038247973
dimwishlist:item=3245446311&perks=839105230,1087426260,3700496672,2922950962
dimwishlist:item=3245446311&perks=839105230,1087426260,3700496672,3038247973
dimwishlist:item=3245446311&perks=839105230,1087426260,124408337,2922950962
dimwishlist:item=3245446311&perks=839105230,1087426260,124408337,3038247973
dimwishlist:item=3245446311&perks=839105230,1087426260,1955165503,2922950962
dimwishlist:item=3245446311&perks=839105230,1087426260,1955165503,3038247973
dimwishlist:item=3245446311&perks=839105230,106909392,3700496672,2922950962
dimwishlist:item=3245446311&perks=839105230,106909392,3700496672,3038247973
dimwishlist:item=3245446311&perks=839105230,106909392,124408337,2922950962
dimwishlist:item=3245446311&perks=839105230,106909392,124408337,3038247973
dimwishlist:item=3245446311&perks=839105230,106909392,1955165503,2922950962
dimwishlist:item=3245446311&perks=839105230,106909392,1955165503,3038247973
dimwishlist:item=3245446311&perks=839105230,1431678320,3700496672,2922950962
dimwishlist:item=3245446311&perks=839105230,1431678320,3700496672,3038247973
dimwishlist:item=3245446311&perks=839105230,1431678320,124408337,2922950962
dimwishlist:item=3245446311&perks=839105230,1431678320,124408337,3038247973
dimwishlist:item=3245446311&perks=839105230,1431678320,1955165503,2922950962
dimwishlist:item=3245446311&perks=839105230,1431678320,1955165503,3038247973
dimwishlist:item=3245446311&perks=839105230,3230963543,3700496672,2922950962
dimwishlist:item=3245446311&perks=839105230,3230963543,3700496672,3038247973
dimwishlist:item=3245446311&perks=839105230,3230963543,124408337,2922950962
dimwishlist:item=3245446311&perks=839105230,3230963543,124408337,3038247973
dimwishlist:item=3245446311&perks=839105230,3230963543,1955165503,2922950962
dimwishlist:item=3245446311&perks=839105230,3230963543,1955165503,3038247973
dimwishlist:item=3245446311&perks=839105230,1885400500,3700496672,2922950962
dimwishlist:item=3245446311&perks=839105230,1885400500,3700496672,3038247973
dimwishlist:item=3245446311&perks=839105230,1885400500,124408337,2922950962
dimwishlist:item=3245446311&perks=839105230,1885400500,124408337,3038247973
dimwishlist:item=3245446311&perks=839105230,1885400500,1955165503,2922950962
dimwishlist:item=3245446311&perks=839105230,1885400500,1955165503,3038247973
dimwishlist:item=3245446311&perks=839105230,679225683,3700496672,2922950962
dimwishlist:item=3245446311&perks=839105230,679225683,3700496672,3038247973
dimwishlist:item=3245446311&perks=839105230,679225683,124408337,2922950962
dimwishlist:item=3245446311&perks=839105230,679225683,124408337,3038247973
dimwishlist:item=3245446311&perks=839105230,679225683,1955165503,2922950962
dimwishlist:item=3245446311&perks=839105230,679225683,1955165503,3038247973
dimwishlist:item=3245446311&perks=839105230,1968497646,3700496672,2922950962
dimwishlist:item=3245446311&perks=839105230,1968497646,3700496672,3038247973
dimwishlist:item=3245446311&perks=839105230,1968497646,124408337,2922950962
dimwishlist:item=3245446311&perks=839105230,1968497646,124408337,3038247973
dimwishlist:item=3245446311&perks=839105230,1968497646,1955165503,2922950962
dimwishlist:item=3245446311&perks=839105230,1968497646,1955165503,3038247973
dimwishlist:item=3245446311&perks=4090651448,3142289711,3700496672,2922950962
dimwishlist:item=3245446311&perks=4090651448,3142289711,3700496672,3038247973
dimwishlist:item=3245446311&perks=4090651448,3142289711,124408337,2922950962
dimwishlist:item=3245446311&perks=4090651448,3142289711,124408337,3038247973
dimwishlist:item=3245446311&perks=4090651448,3142289711,1955165503,2922950962
dimwishlist:item=3245446311&perks=4090651448,3142289711,1955165503,3038247973
dimwishlist:item=3245446311&perks=4090651448,1087426260,3700496672,2922950962
dimwishlist:item=3245446311&perks=4090651448,1087426260,3700496672,3038247973
dimwishlist:item=3245446311&perks=4090651448,1087426260,124408337,2922950962
dimwishlist:item=3245446311&perks=4090651448,1087426260,124408337,3038247973
dimwishlist:item=3245446311&perks=4090651448,1087426260,1955165503,2922950962
dimwishlist:item=3245446311&perks=4090651448,1087426260,1955165503,3038247973
dimwishlist:item=3245446311&perks=4090651448,106909392,3700496672,2922950962
dimwishlist:item=3245446311&perks=4090651448,106909392,3700496672,3038247973
dimwishlist:item=3245446311&perks=4090651448,106909392,124408337,2922950962
dimwishlist:item=3245446311&perks=4090651448,106909392,124408337,3038247973
dimwishlist:item=3245446311&perks=4090651448,106909392,1955165503,2922950962
dimwishlist:item=3245446311&perks=4090651448,106909392,1955165503,3038247973
dimwishlist:item=3245446311&perks=4090651448,1431678320,3700496672,2922950962
dimwishlist:item=3245446311&perks=4090651448,1431678320,3700496672,3038247973
dimwishlist:item=3245446311&perks=4090651448,1431678320,124408337,2922950962
dimwishlist:item=3245446311&perks=4090651448,1431678320,124408337,3038247973
dimwishlist:item=3245446311&perks=4090651448,1431678320,1955165503,2922950962
dimwishlist:item=3245446311&perks=4090651448,1431678320,1955165503,3038247973
dimwishlist:item=3245446311&perks=4090651448,3230963543,3700496672,2922950962
dimwishlist:item=3245446311&perks=4090651448,3230963543,3700496672,3038247973
dimwishlist:item=3245446311&perks=4090651448,3230963543,124408337,2922950962
dimwishlist:item=3245446311&perks=4090651448,3230963543,124408337,3038247973
dimwishlist:item=3245446311&perks=4090651448,3230963543,1955165503,2922950962
dimwishlist:item=3245446311&perks=4090651448,3230963543,1955165503,3038247973
dimwishlist:item=3245446311&perks=4090651448,1885400500,3700496672,2922950962
dimwishlist:item=3245446311&perks=4090651448,1885400500,3700496672,3038247973
dimwishlist:item=3245446311&perks=4090651448,1885400500,124408337,2922950962
dimwishlist:item=3245446311&perks=4090651448,1885400500,124408337,3038247973
dimwishlist:item=3245446311&perks=4090651448,1885400500,1955165503,2922950962
dimwishlist:item=3245446311&perks=4090651448,1885400500,1955165503,3038247973
dimwishlist:item=3245446311&perks=4090651448,679225683,3700496672,2922950962
dimwishlist:item=3245446311&perks=4090651448,679225683,3700496672,3038247973
dimwishlist:item=3245446311&perks=4090651448,679225683,124408337,2922950962
dimwishlist:item=3245446311&perks=4090651448,679225683,124408337,3038247973
dimwishlist:item=3245446311&perks=4090651448,679225683,1955165503,2922950962
dimwishlist:item=3245446311&perks=4090651448,679225683,1955165503,3038247973
dimwishlist:item=3245446311&perks=4090651448,1968497646,3700496672,2922950962
dimwishlist:item=3245446311&perks=4090651448,1968497646,3700496672,3038247973
dimwishlist:item=3245446311&perks=4090651448,1968497646,124408337,2922950962
dimwishlist:item=3245446311&perks=4090651448,1968497646,124408337,3038247973
dimwishlist:item=3245446311&perks=4090651448,1968497646,1955165503,2922950962
dimwishlist:item=3245446311&perks=4090651448,1968497646,1955165503,3038247973
dimwishlist:item=3245446311&perks=1840239774,3142289711,3700496672,2922950962
dimwishlist:item=3245446311&perks=1840239774,3142289711,3700496672,3038247973
dimwishlist:item=3245446311&perks=1840239774,3142289711,124408337,2922950962
dimwishlist:item=3245446311&perks=1840239774,3142289711,124408337,3038247973
dimwishlist:item=3245446311&perks=1840239774,3142289711,1955165503,2922950962
dimwishlist:item=3245446311&perks=1840239774,3142289711,1955165503,3038247973
dimwishlist:item=3245446311&perks=1840239774,1087426260,3700496672,2922950962
dimwishlist:item=3245446311&perks=1840239774,1087426260,3700496672,3038247973
dimwishlist:item=3245446311&perks=1840239774,1087426260,124408337,2922950962
dimwishlist:item=3245446311&perks=1840239774,1087426260,124408337,3038247973
dimwishlist:item=3245446311&perks=1840239774,1087426260,1955165503,2922950962
dimwishlist:item=3245446311&perks=1840239774,1087426260,1955165503,3038247973
dimwishlist:item=3245446311&perks=1840239774,106909392,3700496672,2922950962
dimwishlist:item=3245446311&perks=1840239774,106909392,3700496672,3038247973
dimwishlist:item=3245446311&perks=1840239774,106909392,124408337,2922950962
dimwishlist:item=3245446311&perks=1840239774,106909392,124408337,3038247973
dimwishlist:item=3245446311&perks=1840239774,106909392,1955165503,2922950962
dimwishlist:item=3245446311&perks=1840239774,106909392,1955165503,3038247973
dimwishlist:item=3245446311&perks=1840239774,1431678320,3700496672,2922950962
dimwishlist:item=3245446311&perks=1840239774,1431678320,3700496672,3038247973
dimwishlist:item=3245446311&perks=1840239774,1431678320,124408337,2922950962
dimwishlist:item=3245446311&perks=1840239774,1431678320,124408337,3038247973
dimwishlist:item=3245446311&perks=1840239774,1431678320,1955165503,2922950962
dimwishlist:item=3245446311&perks=1840239774,1431678320,1955165503,3038247973
dimwishlist:item=3245446311&perks=1840239774,3230963543,3700496672,2922950962
dimwishlist:item=3245446311&perks=1840239774,3230963543,3700496672,3038247973
dimwishlist:item=3245446311&perks=1840239774,3230963543,124408337,2922950962
dimwishlist:item=3245446311&perks=1840239774,3230963543,124408337,3038247973
dimwishlist:item=3245446311&perks=1840239774,3230963543,1955165503,2922950962
dimwishlist:item=3245446311&perks=1840239774,3230963543,1955165503,3038247973
dimwishlist:item=3245446311&perks=1840239774,1885400500,3700496672,2922950962
dimwishlist:item=3245446311&perks=1840239774,1885400500,3700496672,3038247973
dimwishlist:item=3245446311&perks=1840239774,1885400500,124408337,2922950962
dimwishlist:item=3245446311&perks=1840239774,1885400500,124408337,3038247973
dimwishlist:item=3245446311&perks=1840239774,1885400500,1955165503,2922950962
dimwishlist:item=3245446311&perks=1840239774,1885400500,1955165503,3038247973
dimwishlist:item=3245446311&perks=1840239774,679225683,3700496672,2922950962
dimwishlist:item=3245446311&perks=1840239774,679225683,3700496672,3038247973
dimwishlist:item=3245446311&perks=1840239774,679225683,124408337,2922950962
dimwishlist:item=3245446311&perks=1840239774,679225683,124408337,3038247973
dimwishlist:item=3245446311&perks=1840239774,679225683,1955165503,2922950962
dimwishlist:item=3245446311&perks=1840239774,679225683,1955165503,3038247973
dimwishlist:item=3245446311&perks=1840239774,1968497646,3700496672,2922950962
dimwishlist:item=3245446311&perks=1840239774,1968497646,3700496672,3038247973
dimwishlist:item=3245446311&perks=1840239774,1968497646,124408337,2922950962
dimwishlist:item=3245446311&perks=1840239774,1968497646,124408337,3038247973
dimwishlist:item=3245446311&perks=1840239774,1968497646,1955165503,2922950962
dimwishlist:item=3245446311&perks=1840239774,1968497646,1955165503,3038247973
dimwishlist:item=3245446311&perks=3250034553,3142289711,3700496672,2922950962
dimwishlist:item=3245446311&perks=3250034553,3142289711,3700496672,3038247973
dimwishlist:item=3245446311&perks=3250034553,3142289711,124408337,2922950962
dimwishlist:item=3245446311&perks=3250034553,3142289711,124408337,3038247973
dimwishlist:item=3245446311&perks=3250034553,3142289711,1955165503,2922950962
dimwishlist:item=3245446311&perks=3250034553,3142289711,1955165503,3038247973
dimwishlist:item=3245446311&perks=3250034553,1087426260,3700496672,2922950962
dimwishlist:item=3245446311&perks=3250034553,1087426260,3700496672,3038247973
dimwishlist:item=3245446311&perks=3250034553,1087426260,124408337,2922950962
dimwishlist:item=3245446311&perks=3250034553,1087426260,124408337,3038247973
dimwishlist:item=3245446311&perks=3250034553,1087426260,1955165503,2922950962
dimwishlist:item=3245446311&perks=3250034553,1087426260,1955165503,3038247973
dimwishlist:item=3245446311&perks=3250034553,106909392,3700496672,2922950962
dimwishlist:item=3245446311&perks=3250034553,106909392,3700496672,3038247973
dimwishlist:item=3245446311&perks=3250034553,106909392,124408337,2922950962
dimwishlist:item=3245446311&perks=3250034553,106909392,124408337,3038247973
dimwishlist:item=3245446311&perks=3250034553,106909392,1955165503,2922950962
dimwishlist:item=3245446311&perks=3250034553,106909392,1955165503,3038247973
dimwishlist:item=3245446311&perks=3250034553,1431678320,3700496672,2922950962
dimwishlist:item=3245446311&perks=3250034553,1431678320,3700496672,3038247973
dimwishlist:item=3245446311&perks=3250034553,1431678320,124408337,2922950962
dimwishlist:item=3245446311&perks=3250034553,1431678320,124408337,3038247973
dimwishlist:item=3245446311&perks=3250034553,1431678320,1955165503,2922950962
dimwishlist:item=3245446311&perks=3250034553,1431678320,1955165503,3038247973
dimwishlist:item=3245446311&perks=3250034553,3230963543,3700496672,2922950962
dimwishlist:item=3245446311&perks=3250034553,3230963543,3700496672,3038247973
dimwishlist:item=3245446311&perks=3250034553,3230963543,124408337,2922950962
dimwishlist:item=3245446311&perks=3250034553,3230963543,124408337,3038247973
dimwishlist:item=3245446311&perks=3250034553,3230963543,1955165503,2922950962
dimwishlist:item=3245446311&perks=3250034553,3230963543,1955165503,3038247973
dimwishlist:item=3245446311&perks=3250034553,1885400500,3700496672,2922950962
dimwishlist:item=3245446311&perks=3250034553,1885400500,3700496672,3038247973
dimwishlist:item=3245446311&perks=3250034553,1885400500,124408337,2922950962
dimwishlist:item=3245446311&perks=3250034553,1885400500,124408337,3038247973
dimwishlist:item=3245446311&perks=3250034553,1885400500,1955165503,2922950962
dimwishlist:item=3245446311&perks=3250034553,1885400500,1955165503,3038247973
dimwishlist:item=3245446311&perks=3250034553,679225683,3700496672,2922950962
dimwishlist:item=3245446311&perks=3250034553,679225683,3700496672,3038247973
dimwishlist:item=3245446311&perks=3250034553,679225683,124408337,2922950962
dimwishlist:item=3245446311&perks=3250034553,679225683,124408337,3038247973
dimwishlist:item=3245446311&perks=3250034553,679225683,1955165503,2922950962
dimwishlist:item=3245446311&perks=3250034553,679225683,1955165503,3038247973
dimwishlist:item=3245446311&perks=3250034553,1968497646,3700496672,2922950962
dimwishlist:item=3245446311&perks=3250034553,1968497646,3700496672,3038247973
dimwishlist:item=3245446311&perks=3250034553,1968497646,124408337,2922950962
dimwishlist:item=3245446311&perks=3250034553,1968497646,124408337,3038247973
dimwishlist:item=3245446311&perks=3250034553,1968497646,1955165503,2922950962
dimwishlist:item=3245446311&perks=3250034553,1968497646,1955165503,3038247973
dimwishlist:item=3245446311&perks=1392496348,3142289711,3700496672,2922950962
dimwishlist:item=3245446311&perks=1392496348,3142289711,3700496672,3038247973
dimwishlist:item=3245446311&perks=1392496348,3142289711,124408337,2922950962
dimwishlist:item=3245446311&perks=1392496348,3142289711,124408337,3038247973
dimwishlist:item=3245446311&perks=1392496348,3142289711,1955165503,2922950962
dimwishlist:item=3245446311&perks=1392496348,3142289711,1955165503,3038247973
dimwishlist:item=3245446311&perks=1392496348,1087426260,3700496672,2922950962
dimwishlist:item=3245446311&perks=1392496348,1087426260,3700496672,3038247973
dimwishlist:item=3245446311&perks=1392496348,1087426260,124408337,2922950962
dimwishlist:item=3245446311&perks=1392496348,1087426260,124408337,3038247973
dimwishlist:item=3245446311&perks=1392496348,1087426260,1955165503,2922950962
dimwishlist:item=3245446311&perks=1392496348,1087426260,1955165503,3038247973
dimwishlist:item=3245446311&perks=1392496348,106909392,3700496672,2922950962
dimwishlist:item=3245446311&perks=1392496348,106909392,3700496672,3038247973
dimwishlist:item=3245446311&perks=1392496348,106909392,124408337,2922950962
dimwishlist:item=3245446311&perks=1392496348,106909392,124408337,3038247973
dimwishlist:item=3245446311&perks=1392496348,106909392,1955165503,2922950962
dimwishlist:item=3245446311&perks=1392496348,106909392,1955165503,3038247973
dimwishlist:item=3245446311&perks=1392496348,1431678320,3700496672,2922950962
dimwishlist:item=3245446311&perks=1392496348,1431678320,3700496672,3038247973
dimwishlist:item=3245446311&perks=1392496348,1431678320,124408337,2922950962
dimwishlist:item=3245446311&perks=1392496348,1431678320,124408337,3038247973
dimwishlist:item=3245446311&perks=1392496348,1431678320,1955165503,2922950962
dimwishlist:item=3245446311&perks=1392496348,1431678320,1955165503,3038247973
dimwishlist:item=3245446311&perks=1392496348,3230963543,3700496672,2922950962
dimwishlist:item=3245446311&perks=1392496348,3230963543,3700496672,3038247973
dimwishlist:item=3245446311&perks=1392496348,3230963543,124408337,2922950962
dimwishlist:item=3245446311&perks=1392496348,3230963543,124408337,3038247973
dimwishlist:item=3245446311&perks=1392496348,3230963543,1955165503,2922950962
dimwishlist:item=3245446311&perks=1392496348,3230963543,1955165503,3038247973
dimwishlist:item=3245446311&perks=1392496348,1885400500,3700496672,2922950962
dimwishlist:item=3245446311&perks=1392496348,1885400500,3700496672,3038247973
dimwishlist:item=3245446311&perks=1392496348,1885400500,124408337,2922950962
dimwishlist:item=3245446311&perks=1392496348,1885400500,124408337,3038247973
dimwishlist:item=3245446311&perks=1392496348,1885400500,1955165503,2922950962
dimwishlist:item=3245446311&perks=1392496348,1885400500,1955165503,3038247973
dimwishlist:item=3245446311&perks=1392496348,679225683,3700496672,2922950962
dimwishlist:item=3245446311&perks=1392496348,679225683,3700496672,3038247973
dimwishlist:item=3245446311&perks=1392496348,679225683,124408337,2922950962
dimwishlist:item=3245446311&perks=1392496348,679225683,124408337,3038247973
dimwishlist:item=3245446311&perks=1392496348,679225683,1955165503,2922950962
dimwishlist:item=3245446311&perks=1392496348,679225683,1955165503,3038247973
dimwishlist:item=3245446311&perks=1392496348,1968497646,3700496672,2922950962
dimwishlist:item=3245446311&perks=1392496348,1968497646,3700496672,3038247973
dimwishlist:item=3245446311&perks=1392496348,1968497646,124408337,2922950962
dimwishlist:item=3245446311&perks=1392496348,1968497646,124408337,3038247973
dimwishlist:item=3245446311&perks=1392496348,1968497646,1955165503,2922950962
dimwishlist:item=3245446311&perks=1392496348,1968497646,1955165503,3038247973
dimwishlist:item=3245446311&perks=1482024992,3142289711,3700496672,2922950962
dimwishlist:item=3245446311&perks=1482024992,3142289711,3700496672,3038247973
dimwishlist:item=3245446311&perks=1482024992,3142289711,124408337,2922950962
dimwishlist:item=3245446311&perks=1482024992,3142289711,124408337,3038247973
dimwishlist:item=3245446311&perks=1482024992,3142289711,1955165503,2922950962
dimwishlist:item=3245446311&perks=1482024992,3142289711,1955165503,3038247973
dimwishlist:item=3245446311&perks=1482024992,1087426260,3700496672,2922950962
dimwishlist:item=3245446311&perks=1482024992,1087426260,3700496672,3038247973
dimwishlist:item=3245446311&perks=1482024992,1087426260,124408337,2922950962
dimwishlist:item=3245446311&perks=1482024992,1087426260,124408337,3038247973
dimwishlist:item=3245446311&perks=1482024992,1087426260,1955165503,2922950962
dimwishlist:item=3245446311&perks=1482024992,1087426260,1955165503,3038247973
dimwishlist:item=3245446311&perks=1482024992,106909392,3700496672,2922950962
dimwishlist:item=3245446311&perks=1482024992,106909392,3700496672,3038247973
dimwishlist:item=3245446311&perks=1482024992,106909392,124408337,2922950962
dimwishlist:item=3245446311&perks=1482024992,106909392,124408337,3038247973
dimwishlist:item=3245446311&perks=1482024992,106909392,1955165503,2922950962
dimwishlist:item=3245446311&perks=1482024992,106909392,1955165503,3038247973
dimwishlist:item=3245446311&perks=1482024992,1431678320,3700496672,2922950962
dimwishlist:item=3245446311&perks=1482024992,1431678320,3700496672,3038247973
dimwishlist:item=3245446311&perks=1482024992,1431678320,124408337,2922950962
dimwishlist:item=3245446311&perks=1482024992,1431678320,124408337,3038247973
dimwishlist:item=3245446311&perks=1482024992,1431678320,1955165503,2922950962
dimwishlist:item=3245446311&perks=1482024992,1431678320,1955165503,3038247973
dimwishlist:item=3245446311&perks=1482024992,3230963543,3700496672,2922950962
dimwishlist:item=3245446311&perks=1482024992,3230963543,3700496672,3038247973
dimwishlist:item=3245446311&perks=1482024992,3230963543,124408337,2922950962
dimwishlist:item=3245446311&perks=1482024992,3230963543,124408337,3038247973
dimwishlist:item=3245446311&perks=1482024992,3230963543,1955165503,2922950962
dimwishlist:item=3245446311&perks=1482024992,3230963543,1955165503,3038247973
dimwishlist:item=3245446311&perks=1482024992,1885400500,3700496672,2922950962
dimwishlist:item=3245446311&perks=1482024992,1885400500,3700496672,3038247973
dimwishlist:item=3245446311&perks=1482024992,1885400500,124408337,2922950962
dimwishlist:item=3245446311&perks=1482024992,1885400500,124408337,3038247973
dimwishlist:item=3245446311&perks=1482024992,1885400500,1955165503,2922950962
dimwishlist:item=3245446311&perks=1482024992,1885400500,1955165503,3038247973
dimwishlist:item=3245446311&perks=1482024992,679225683,3700496672,2922950962
dimwishlist:item=3245446311&perks=1482024992,679225683,3700496672,3038247973
dimwishlist:item=3245446311&perks=1482024992,679225683,124408337,2922950962
dimwishlist:item=3245446311&perks=1482024992,679225683,124408337,3038247973
dimwishlist:item=3245446311&perks=1482024992,679225683,1955165503,2922950962
dimwishlist:item=3245446311&perks=1482024992,679225683,1955165503,3038247973
dimwishlist:item=3245446311&perks=1482024992,1968497646,3700496672,2922950962
dimwishlist:item=3245446311&perks=1482024992,1968497646,3700496672,3038247973
dimwishlist:item=3245446311&perks=1482024992,1968497646,124408337,2922950962
dimwishlist:item=3245446311&perks=1482024992,1968497646,124408337,3038247973
dimwishlist:item=3245446311&perks=1482024992,1968497646,1955165503,2922950962
dimwishlist:item=3245446311&perks=1482024992,1968497646,1955165503,3038247973


// The Ringing Nail (god-pve)
//notes: tags:god-pve
dimwishlist:item=3326135421&perks=839105230,1431678320,4293542123,2890807135
dimwishlist:item=3326135421&perks=839105230,1431678320,4293542123,3824105627
dimwishlist:item=3326135421&perks=839105230,1431678320,4293542123,95528736
dimwishlist:item=3326135421&perks=839105230,1431678320,4293542123,3425386926
dimwishlist:item=3326135421&perks=839105230,1431678320,2848615171,2890807135
dimwishlist:item=3326135421&perks=839105230,1431678320,2848615171,3824105627
dimwishlist:item=3326135421&perks=839105230,1431678320,2848615171,95528736
dimwishlist:item=3326135421&perks=839105230,1431678320,2848615171,3425386926
dimwishlist:item=3326135421&perks=839105230,1431678320,3017780555,2890807135
dimwishlist:item=3326135421&perks=839105230,1431678320,3017780555,3824105627
dimwishlist:item=3326135421&perks=839105230,1431678320,3017780555,95528736
dimwishlist:item=3326135421&perks=839105230,1431678320,3017780555,3425386926
dimwishlist:item=3326135421&perks=839105230,1431678320,2360347339,2890807135
dimwishlist:item=3326135421&perks=839105230,1431678320,2360347339,3824105627
dimwishlist:item=3326135421&perks=839105230,1431678320,2360347339,95528736
dimwishlist:item=3326135421&perks=839105230,1431678320,2360347339,3425386926
dimwishlist:item=3326135421&perks=839105230,3230963543,4293542123,2890807135
dimwishlist:item=3326135421&perks=839105230,3230963543,4293542123,3824105627
dimwishlist:item=3326135421&perks=839105230,3230963543,4293542123,95528736
dimwishlist:item=3326135421&perks=839105230,3230963543,4293542123,3425386926
dimwishlist:item=3326135421&perks=839105230,3230963543,2848615171,2890807135
dimwishlist:item=3326135421&perks=839105230,3230963543,2848615171,3824105627
dimwishlist:item=3326135421&perks=839105230,3230963543,2848615171,95528736
dimwishlist:item=3326135421&perks=839105230,3230963543,2848615171,3425386926
dimwishlist:item=3326135421&perks=839105230,3230963543,3017780555,2890807135
dimwishlist:item=3326135421&perks=839105230,3230963543,3017780555,3824105627
dimwishlist:item=3326135421&perks=839105230,3230963543,3017780555,95528736
dimwishlist:item=3326135421&perks=839105230,3230963543,3017780555,3425386926
dimwishlist:item=3326135421&perks=839105230,3230963543,2360347339,2890807135
dimwishlist:item=3326135421&perks=839105230,3230963543,2360347339,3824105627
dimwishlist:item=3326135421&perks=839105230,3230963543,2360347339,95528736
dimwishlist:item=3326135421&perks=839105230,3230963543,2360347339,3425386926
dimwishlist:item=3326135421&perks=839105230,679225683,4293542123,2890807135
dimwishlist:item=3326135421&perks=839105230,679225683,4293542123,3824105627
dimwishlist:item=3326135421&perks=839105230,679225683,4293542123,95528736
dimwishlist:item=3326135421&perks=839105230,679225683,4293542123,3425386926
dimwishlist:item=3326135421&perks=839105230,679225683,2848615171,2890807135
dimwishlist:item=3326135421&perks=839105230,679225683,2848615171,3824105627
dimwishlist:item=3326135421&perks=839105230,679225683,2848615171,95528736
dimwishlist:item=3326135421&perks=839105230,679225683,2848615171,3425386926
dimwishlist:item=3326135421&perks=839105230,679225683,3017780555,2890807135
dimwishlist:item=3326135421&perks=839105230,679225683,3017780555,3824105627
dimwishlist:item=3326135421&perks=839105230,679225683,3017780555,95528736
dimwishlist:item=3326135421&perks=839105230,679225683,3017780555,3425386926
dimwishlist:item=3326135421&perks=839105230,679225683,2360347339,2890807135
dimwishlist:item=3326135421&perks=839105230,679225683,2360347339,3824105627
dimwishlist:item=3326135421&perks=839105230,679225683,2360347339,95528736
dimwishlist:item=3326135421&perks=839105230,679225683,2360347339,3425386926
dimwishlist:item=3326135421&perks=839105230,106909392,4293542123,2890807135
dimwishlist:item=3326135421&perks=839105230,106909392,4293542123,3824105627
dimwishlist:item=3326135421&perks=839105230,106909392,4293542123,95528736
dimwishlist:item=3326135421&perks=839105230,106909392,4293542123,3425386926
dimwishlist:item=3326135421&perks=839105230,106909392,2848615171,2890807135
dimwishlist:item=3326135421&perks=839105230,106909392,2848615171,3824105627
dimwishlist:item=3326135421&perks=839105230,106909392,2848615171,95528736
dimwishlist:item=3326135421&perks=839105230,106909392,2848615171,3425386926
dimwishlist:item=3326135421&perks=839105230,106909392,3017780555,2890807135
dimwishlist:item=3326135421&perks=839105230,106909392,3017780555,3824105627
dimwishlist:item=3326135421&perks=839105230,106909392,3017780555,95528736
dimwishlist:item=3326135421&perks=839105230,106909392,3017780555,3425386926
dimwishlist:item=3326135421&perks=839105230,106909392,2360347339,2890807135
dimwishlist:item=3326135421&perks=839105230,106909392,2360347339,3824105627
dimwishlist:item=3326135421&perks=839105230,106909392,2360347339,95528736
dimwishlist:item=3326135421&perks=839105230,106909392,2360347339,3425386926
dimwishlist:item=3326135421&perks=1840239774,1431678320,4293542123,2890807135
dimwishlist:item=3326135421&perks=1840239774,1431678320,4293542123,3824105627
dimwishlist:item=3326135421&perks=1840239774,1431678320,4293542123,95528736
dimwishlist:item=3326135421&perks=1840239774,1431678320,4293542123,3425386926
dimwishlist:item=3326135421&perks=1840239774,1431678320,2848615171,2890807135
dimwishlist:item=3326135421&perks=1840239774,1431678320,2848615171,3824105627
dimwishlist:item=3326135421&perks=1840239774,1431678320,2848615171,95528736
dimwishlist:item=3326135421&perks=1840239774,1431678320,2848615171,3425386926
dimwishlist:item=3326135421&perks=1840239774,1431678320,3017780555,2890807135
dimwishlist:item=3326135421&perks=1840239774,1431678320,3017780555,3824105627
dimwishlist:item=3326135421&perks=1840239774,1431678320,3017780555,95528736
dimwishlist:item=3326135421&perks=1840239774,1431678320,3017780555,3425386926
dimwishlist:item=3326135421&perks=1840239774,1431678320,2360347339,2890807135
dimwishlist:item=3326135421&perks=1840239774,1431678320,2360347339,3824105627
dimwishlist:item=3326135421&perks=1840239774,1431678320,2360347339,95528736
dimwishlist:item=3326135421&perks=1840239774,1431678320,2360347339,3425386926
dimwishlist:item=3326135421&perks=1840239774,3230963543,4293542123,2890807135
dimwishlist:item=3326135421&perks=1840239774,3230963543,4293542123,3824105627
dimwishlist:item=3326135421&perks=1840239774,3230963543,4293542123,95528736
dimwishlist:item=3326135421&perks=1840239774,3230963543,4293542123,3425386926
dimwishlist:item=3326135421&perks=1840239774,3230963543,2848615171,2890807135
dimwishlist:item=3326135421&perks=1840239774,3230963543,2848615171,3824105627
dimwishlist:item=3326135421&perks=1840239774,3230963543,2848615171,95528736
dimwishlist:item=3326135421&perks=1840239774,3230963543,2848615171,3425386926
dimwishlist:item=3326135421&perks=1840239774,3230963543,3017780555,2890807135
dimwishlist:item=3326135421&perks=1840239774,3230963543,3017780555,3824105627
dimwishlist:item=3326135421&perks=1840239774,3230963543,3017780555,95528736
dimwishlist:item=3326135421&perks=1840239774,3230963543,3017780555,3425386926
dimwishlist:item=3326135421&perks=1840239774,3230963543,2360347339,2890807135
dimwishlist:item=3326135421&perks=1840239774,3230963543,2360347339,3824105627
dimwishlist:item=3326135421&perks=1840239774,3230963543,2360347339,95528736
dimwishlist:item=3326135421&perks=1840239774,3230963543,2360347339,3425386926
dimwishlist:item=3326135421&perks=1840239774,679225683,4293542123,2890807135
dimwishlist:item=3326135421&perks=1840239774,679225683,4293542123,3824105627
dimwishlist:item=3326135421&perks=1840239774,679225683,4293542123,95528736
dimwishlist:item=3326135421&perks=1840239774,679225683,4293542123,3425386926
dimwishlist:item=3326135421&perks=1840239774,679225683,2848615171,2890807135
dimwishlist:item=3326135421&perks=1840239774,679225683,2848615171,3824105627
dimwishlist:item=3326135421&perks=1840239774,679225683,2848615171,95528736
dimwishlist:item=3326135421&perks=1840239774,679225683,2848615171,3425386926
dimwishlist:item=3326135421&perks=1840239774,679225683,3017780555,2890807135
dimwishlist:item=3326135421&perks=1840239774,679225683,3017780555,3824105627
dimwishlist:item=3326135421&perks=1840239774,679225683,3017780555,95528736
dimwishlist:item=3326135421&perks=1840239774,679225683,3017780555,3425386926
dimwishlist:item=3326135421&perks=1840239774,679225683,2360347339,2890807135
dimwishlist:item=3326135421&perks=1840239774,679225683,2360347339,3824105627
dimwishlist:item=3326135421&perks=1840239774,679225683,2360347339,95528736
dimwishlist:item=3326135421&perks=1840239774,679225683,2360347339,3425386926
dimwishlist:item=3326135421&perks=1840239774,106909392,4293542123,2890807135
dimwishlist:item=3326135421&perks=1840239774,106909392,4293542123,3824105627
dimwishlist:item=3326135421&perks=1840239774,106909392,4293542123,95528736
dimwishlist:item=3326135421&perks=1840239774,106909392,4293542123,3425386926
dimwishlist:item=3326135421&perks=1840239774,106909392,2848615171,2890807135
dimwishlist:item=3326135421&perks=1840239774,106909392,2848615171,3824105627
dimwishlist:item=3326135421&perks=1840239774,106909392,2848615171,95528736
dimwishlist:item=3326135421&perks=1840239774,106909392,2848615171,3425386926
dimwishlist:item=3326135421&perks=1840239774,106909392,3017780555,2890807135
dimwishlist:item=3326135421&perks=1840239774,106909392,3017780555,3824105627
dimwishlist:item=3326135421&perks=1840239774,106909392,3017780555,95528736
dimwishlist:item=3326135421&perks=1840239774,106909392,3017780555,3425386926
dimwishlist:item=3326135421&perks=1840239774,106909392,2360347339,2890807135
dimwishlist:item=3326135421&perks=1840239774,106909392,2360347339,3824105627
dimwishlist:item=3326135421&perks=1840239774,106909392,2360347339,95528736
dimwishlist:item=3326135421&perks=1840239774,106909392,2360347339,3425386926
dimwishlist:item=3326135421&perks=4090651448,1431678320,4293542123,2890807135
dimwishlist:item=3326135421&perks=4090651448,1431678320,4293542123,3824105627
dimwishlist:item=3326135421&perks=4090651448,1431678320,4293542123,95528736
dimwishlist:item=3326135421&perks=4090651448,1431678320,4293542123,3425386926
dimwishlist:item=3326135421&perks=4090651448,1431678320,2848615171,2890807135
dimwishlist:item=3326135421&perks=4090651448,1431678320,2848615171,3824105627
dimwishlist:item=3326135421&perks=4090651448,1431678320,2848615171,95528736
dimwishlist:item=3326135421&perks=4090651448,1431678320,2848615171,3425386926
dimwishlist:item=3326135421&perks=4090651448,1431678320,3017780555,2890807135
dimwishlist:item=3326135421&perks=4090651448,1431678320,3017780555,3824105627
dimwishlist:item=3326135421&perks=4090651448,1431678320,3017780555,95528736
dimwishlist:item=3326135421&perks=4090651448,1431678320,3017780555,3425386926
dimwishlist:item=3326135421&perks=4090651448,1431678320,2360347339,2890807135
dimwishlist:item=3326135421&perks=4090651448,1431678320,2360347339,3824105627
dimwishlist:item=3326135421&perks=4090651448,1431678320,2360347339,95528736
dimwishlist:item=3326135421&perks=4090651448,1431678320,2360347339,3425386926
dimwishlist:item=3326135421&perks=4090651448,3230963543,4293542123,2890807135
dimwishlist:item=3326135421&perks=4090651448,3230963543,4293542123,3824105627
dimwishlist:item=3326135421&perks=4090651448,3230963543,4293542123,95528736
dimwishlist:item=3326135421&perks=4090651448,3230963543,4293542123,3425386926
dimwishlist:item=3326135421&perks=4090651448,3230963543,2848615171,2890807135
dimwishlist:item=3326135421&perks=4090651448,3230963543,2848615171,3824105627
dimwishlist:item=3326135421&perks=4090651448,3230963543,2848615171,95528736
dimwishlist:item=3326135421&perks=4090651448,3230963543,2848615171,3425386926
dimwishlist:item=3326135421&perks=4090651448,3230963543,3017780555,2890807135
dimwishlist:item=3326135421&perks=4090651448,3230963543,3017780555,3824105627
dimwishlist:item=3326135421&perks=4090651448,3230963543,3017780555,95528736
dimwishlist:item=3326135421&perks=4090651448,3230963543,3017780555,3425386926
dimwishlist:item=3326135421&perks=4090651448,3230963543,2360347339,2890807135
dimwishlist:item=3326135421&perks=4090651448,3230963543,2360347339,3824105627
dimwishlist:item=3326135421&perks=4090651448,3230963543,2360347339,95528736
dimwishlist:item=3326135421&perks=4090651448,3230963543,2360347339,3425386926
dimwishlist:item=3326135421&perks=4090651448,679225683,4293542123,2890807135
dimwishlist:item=3326135421&perks=4090651448,679225683,4293542123,3824105627
dimwishlist:item=3326135421&perks=4090651448,679225683,4293542123,95528736
dimwishlist:item=3326135421&perks=4090651448,679225683,4293542123,3425386926
dimwishlist:item=3326135421&perks=4090651448,679225683,2848615171,2890807135
dimwishlist:item=3326135421&perks=4090651448,679225683,2848615171,3824105627
dimwishlist:item=3326135421&perks=4090651448,679225683,2848615171,95528736
dimwishlist:item=3326135421&perks=4090651448,679225683,2848615171,3425386926
dimwishlist:item=3326135421&perks=4090651448,679225683,3017780555,2890807135
dimwishlist:item=3326135421&perks=4090651448,679225683,3017780555,3824105627
dimwishlist:item=3326135421&perks=4090651448,679225683,3017780555,95528736
dimwishlist:item=3326135421&perks=4090651448,679225683,3017780555,3425386926
dimwishlist:item=3326135421&perks=4090651448,679225683,2360347339,2890807135
dimwishlist:item=3326135421&perks=4090651448,679225683,2360347339,3824105627
dimwishlist:item=3326135421&perks=4090651448,679225683,2360347339,95528736
dimwishlist:item=3326135421&perks=4090651448,679225683,2360347339,3425386926
dimwishlist:item=3326135421&perks=4090651448,106909392,4293542123,2890807135
dimwishlist:item=3326135421&perks=4090651448,106909392,4293542123,3824105627
dimwishlist:item=3326135421&perks=4090651448,106909392,4293542123,95528736
dimwishlist:item=3326135421&perks=4090651448,106909392,4293542123,3425386926
dimwishlist:item=3326135421&perks=4090651448,106909392,2848615171,2890807135
dimwishlist:item=3326135421&perks=4090651448,106909392,2848615171,3824105627
dimwishlist:item=3326135421&perks=4090651448,106909392,2848615171,95528736
dimwishlist:item=3326135421&perks=4090651448,106909392,2848615171,3425386926
dimwishlist:item=3326135421&perks=4090651448,106909392,3017780555,2890807135
dimwishlist:item=3326135421&perks=4090651448,106909392,3017780555,3824105627
dimwishlist:item=3326135421&perks=4090651448,106909392,3017780555,95528736
dimwishlist:item=3326135421&perks=4090651448,106909392,3017780555,3425386926
dimwishlist:item=3326135421&perks=4090651448,106909392,2360347339,2890807135
dimwishlist:item=3326135421&perks=4090651448,106909392,2360347339,3824105627
dimwishlist:item=3326135421&perks=4090651448,106909392,2360347339,95528736
dimwishlist:item=3326135421&perks=4090651448,106909392,2360347339,3425386926
dimwishlist:item=3326135421&perks=3250034553,1431678320,4293542123,2890807135
dimwishlist:item=3326135421&perks=3250034553,1431678320,4293542123,3824105627
dimwishlist:item=3326135421&perks=3250034553,1431678320,4293542123,95528736
dimwishlist:item=3326135421&perks=3250034553,1431678320,4293542123,3425386926
dimwishlist:item=3326135421&perks=3250034553,1431678320,2848615171,2890807135
dimwishlist:item=3326135421&perks=3250034553,1431678320,2848615171,3824105627
dimwishlist:item=3326135421&perks=3250034553,1431678320,2848615171,95528736
dimwishlist:item=3326135421&perks=3250034553,1431678320,2848615171,3425386926
dimwishlist:item=3326135421&perks=3250034553,1431678320,3017780555,2890807135
dimwishlist:item=3326135421&perks=3250034553,1431678320,3017780555,3824105627
dimwishlist:item=3326135421&perks=3250034553,1431678320,3017780555,95528736
dimwishlist:item=3326135421&perks=3250034553,1431678320,3017780555,3425386926
dimwishlist:item=3326135421&perks=3250034553,1431678320,2360347339,2890807135
dimwishlist:item=3326135421&perks=3250034553,1431678320,2360347339,3824105627
dimwishlist:item=3326135421&perks=3250034553,1431678320,2360347339,95528736
dimwishlist:item=3326135421&perks=3250034553,1431678320,2360347339,3425386926
dimwishlist:item=3326135421&perks=3250034553,3230963543,4293542123,2890807135
dimwishlist:item=3326135421&perks=3250034553,3230963543,4293542123,3824105627
dimwishlist:item=3326135421&perks=3250034553,3230963543,4293542123,95528736
dimwishlist:item=3326135421&perks=3250034553,3230963543,4293542123,3425386926
dimwishlist:item=3326135421&perks=3250034553,3230963543,2848615171,2890807135
dimwishlist:item=3326135421&perks=3250034553,3230963543,2848615171,3824105627
dimwishlist:item=3326135421&perks=3250034553,3230963543,2848615171,95528736
dimwishlist:item=3326135421&perks=3250034553,3230963543,2848615171,3425386926
dimwishlist:item=3326135421&perks=3250034553,3230963543,3017780555,2890807135
dimwishlist:item=3326135421&perks=3250034553,3230963543,3017780555,3824105627
dimwishlist:item=3326135421&perks=3250034553,3230963543,3017780555,95528736
dimwishlist:item=3326135421&perks=3250034553,3230963543,3017780555,3425386926
dimwishlist:item=3326135421&perks=3250034553,3230963543,2360347339,2890807135
dimwishlist:item=3326135421&perks=3250034553,3230963543,2360347339,3824105627
dimwishlist:item=3326135421&perks=3250034553,3230963543,2360347339,95528736
dimwishlist:item=3326135421&perks=3250034553,3230963543,2360347339,3425386926
dimwishlist:item=3326135421&perks=3250034553,679225683,4293542123,2890807135
dimwishlist:item=3326135421&perks=3250034553,679225683,4293542123,3824105627
dimwishlist:item=3326135421&perks=3250034553,679225683,4293542123,95528736
dimwishlist:item=3326135421&perks=3250034553,679225683,4293542123,3425386926
dimwishlist:item=3326135421&perks=3250034553,679225683,2848615171,2890807135
dimwishlist:item=3326135421&perks=3250034553,679225683,2848615171,3824105627
dimwishlist:item=3326135421&perks=3250034553,679225683,2848615171,95528736
dimwishlist:item=3326135421&perks=3250034553,679225683,2848615171,3425386926
dimwishlist:item=3326135421&perks=3250034553,679225683,3017780555,2890807135
dimwishlist:item=3326135421&perks=3250034553,679225683,3017780555,3824105627
dimwishlist:item=3326135421&perks=3250034553,679225683,3017780555,95528736
dimwishlist:item=3326135421&perks=3250034553,679225683,3017780555,3425386926
dimwishlist:item=3326135421&perks=3250034553,679225683,2360347339,2890807135
dimwishlist:item=3326135421&perks=3250034553,679225683,2360347339,3824105627
dimwishlist:item=3326135421&perks=3250034553,679225683,2360347339,95528736
dimwishlist:item=3326135421&perks=3250034553,679225683,2360347339,3425386926
dimwishlist:item=3326135421&perks=3250034553,106909392,4293542123,2890807135
dimwishlist:item=3326135421&perks=3250034553,106909392,4293542123,3824105627
dimwishlist:item=3326135421&perks=3250034553,106909392,4293542123,95528736
dimwishlist:item=3326135421&perks=3250034553,106909392,4293542123,3425386926
dimwishlist:item=3326135421&perks=3250034553,106909392,2848615171,2890807135
dimwishlist:item=3326135421&perks=3250034553,106909392,2848615171,3824105627
dimwishlist:item=3326135421&perks=3250034553,106909392,2848615171,95528736
dimwishlist:item=3326135421&perks=3250034553,106909392,2848615171,3425386926
dimwishlist:item=3326135421&perks=3250034553,106909392,3017780555,2890807135
dimwishlist:item=3326135421&perks=3250034553,106909392,3017780555,3824105627
dimwishlist:item=3326135421&perks=3250034553,106909392,3017780555,95528736
dimwishlist:item=3326135421&perks=3250034553,106909392,3017780555,3425386926
dimwishlist:item=3326135421&perks=3250034553,106909392,2360347339,2890807135
dimwishlist:item=3326135421&perks=3250034553,106909392,2360347339,3824105627
dimwishlist:item=3326135421&perks=3250034553,106909392,2360347339,95528736
dimwishlist:item=3326135421&perks=3250034553,106909392,2360347339,3425386926
dimwishlist:item=3326135421&perks=1392496348,1431678320,4293542123,2890807135
dimwishlist:item=3326135421&perks=1392496348,1431678320,4293542123,3824105627
dimwishlist:item=3326135421&perks=1392496348,1431678320,4293542123,95528736
dimwishlist:item=3326135421&perks=1392496348,1431678320,4293542123,3425386926
dimwishlist:item=3326135421&perks=1392496348,1431678320,2848615171,2890807135
dimwishlist:item=3326135421&perks=1392496348,1431678320,2848615171,3824105627
dimwishlist:item=3326135421&perks=1392496348,1431678320,2848615171,95528736
dimwishlist:item=3326135421&perks=1392496348,1431678320,2848615171,3425386926
dimwishlist:item=3326135421&perks=1392496348,1431678320,3017780555,2890807135
dimwishlist:item=3326135421&perks=1392496348,1431678320,3017780555,3824105627
dimwishlist:item=3326135421&perks=1392496348,1431678320,3017780555,95528736
dimwishlist:item=3326135421&perks=1392496348,1431678320,3017780555,3425386926
dimwishlist:item=3326135421&perks=1392496348,1431678320,2360347339,2890807135
dimwishlist:item=3326135421&perks=1392496348,1431678320,2360347339,3824105627
dimwishlist:item=3326135421&perks=1392496348,1431678320,2360347339,95528736
dimwishlist:item=3326135421&perks=1392496348,1431678320,2360347339,3425386926
dimwishlist:item=3326135421&perks=1392496348,3230963543,4293542123,2890807135
dimwishlist:item=3326135421&perks=1392496348,3230963543,4293542123,3824105627
dimwishlist:item=3326135421&perks=1392496348,3230963543,4293542123,95528736
dimwishlist:item=3326135421&perks=1392496348,3230963543,4293542123,3425386926
dimwishlist:item=3326135421&perks=1392496348,3230963543,2848615171,2890807135
dimwishlist:item=3326135421&perks=1392496348,3230963543,2848615171,3824105627
dimwishlist:item=3326135421&perks=1392496348,3230963543,2848615171,95528736
dimwishlist:item=3326135421&perks=1392496348,3230963543,2848615171,3425386926
dimwishlist:item=3326135421&perks=1392496348,3230963543,3017780555,2890807135
dimwishlist:item=3326135421&perks=1392496348,3230963543,3017780555,3824105627
dimwishlist:item=3326135421&perks=1392496348,3230963543,3017780555,95528736
dimwishlist:item=3326135421&perks=1392496348,3230963543,3017780555,3425386926
dimwishlist:item=3326135421&perks=1392496348,3230963543,2360347339,2890807135
dimwishlist:item=3326135421&perks=1392496348,3230963543,2360347339,3824105627
dimwishlist:item=3326135421&perks=1392496348,3230963543,2360347339,95528736
dimwishlist:item=3326135421&perks=1392496348,3230963543,2360347339,3425386926
dimwishlist:item=3326135421&perks=1392496348,679225683,4293542123,2890807135
dimwishlist:item=3326135421&perks=1392496348,679225683,4293542123,3824105627
dimwishlist:item=3326135421&perks=1392496348,679225683,4293542123,95528736
dimwishlist:item=3326135421&perks=1392496348,679225683,4293542123,3425386926
dimwishlist:item=3326135421&perks=1392496348,679225683,2848615171,2890807135
dimwishlist:item=3326135421&perks=1392496348,679225683,2848615171,3824105627
dimwishlist:item=3326135421&perks=1392496348,679225683,2848615171,95528736
dimwishlist:item=3326135421&perks=1392496348,679225683,2848615171,3425386926
dimwishlist:item=3326135421&perks=1392496348,679225683,3017780555,2890807135
dimwishlist:item=3326135421&perks=1392496348,679225683,3017780555,3824105627
dimwishlist:item=3326135421&perks=1392496348,679225683,3017780555,95528736
dimwishlist:item=3326135421&perks=1392496348,679225683,3017780555,3425386926
dimwishlist:item=3326135421&perks=1392496348,679225683,2360347339,2890807135
dimwishlist:item=3326135421&perks=1392496348,679225683,2360347339,3824105627
dimwishlist:item=3326135421&perks=1392496348,679225683,2360347339,95528736
dimwishlist:item=3326135421&perks=1392496348,679225683,2360347339,3425386926
dimwishlist:item=3326135421&perks=1392496348,106909392,4293542123,2890807135
dimwishlist:item=3326135421&perks=1392496348,106909392,4293542123,3824105627
dimwishlist:item=3326135421&perks=1392496348,106909392,4293542123,95528736
dimwishlist:item=3326135421&perks=1392496348,106909392,4293542123,3425386926
dimwishlist:item=3326135421&perks=1392496348,106909392,2848615171,2890807135
dimwishlist:item=3326135421&perks=1392496348,106909392,2848615171,3824105627
dimwishlist:item=3326135421&perks=1392496348,106909392,2848615171,95528736
dimwishlist:item=3326135421&perks=1392496348,106909392,2848615171,3425386926
dimwishlist:item=3326135421&perks=1392496348,106909392,3017780555,2890807135
dimwishlist:item=3326135421&perks=1392496348,106909392,3017780555,3824105627
dimwishlist:item=3326135421&perks=1392496348,106909392,3017780555,95528736
dimwishlist:item=3326135421&perks=1392496348,106909392,3017780555,3425386926
dimwishlist:item=3326135421&perks=1392496348,106909392,2360347339,2890807135
dimwishlist:item=3326135421&perks=1392496348,106909392,2360347339,3824105627
dimwishlist:item=3326135421&perks=1392496348,106909392,2360347339,95528736
dimwishlist:item=3326135421&perks=1392496348,106909392,2360347339,3425386926
dimwishlist:item=3326135421&perks=1482024992,1431678320,4293542123,2890807135
dimwishlist:item=3326135421&perks=1482024992,1431678320,4293542123,3824105627
dimwishlist:item=3326135421&perks=1482024992,1431678320,4293542123,95528736
dimwishlist:item=3326135421&perks=1482024992,1431678320,4293542123,3425386926
dimwishlist:item=3326135421&perks=1482024992,1431678320,2848615171,2890807135
dimwishlist:item=3326135421&perks=1482024992,1431678320,2848615171,3824105627
dimwishlist:item=3326135421&perks=1482024992,1431678320,2848615171,95528736
dimwishlist:item=3326135421&perks=1482024992,1431678320,2848615171,3425386926
dimwishlist:item=3326135421&perks=1482024992,1431678320,3017780555,2890807135
dimwishlist:item=3326135421&perks=1482024992,1431678320,3017780555,3824105627
dimwishlist:item=3326135421&perks=1482024992,1431678320,3017780555,95528736
dimwishlist:item=3326135421&perks=1482024992,1431678320,3017780555,3425386926
dimwishlist:item=3326135421&perks=1482024992,1431678320,2360347339,2890807135
dimwishlist:item=3326135421&perks=1482024992,1431678320,2360347339,3824105627
dimwishlist:item=3326135421&perks=1482024992,1431678320,2360347339,95528736
dimwishlist:item=3326135421&perks=1482024992,1431678320,2360347339,3425386926
dimwishlist:item=3326135421&perks=1482024992,3230963543,4293542123,2890807135
dimwishlist:item=3326135421&perks=1482024992,3230963543,4293542123,3824105627
dimwishlist:item=3326135421&perks=1482024992,3230963543,4293542123,95528736
dimwishlist:item=3326135421&perks=1482024992,3230963543,4293542123,3425386926
dimwishlist:item=3326135421&perks=1482024992,3230963543,2848615171,2890807135
dimwishlist:item=3326135421&perks=1482024992,3230963543,2848615171,3824105627
dimwishlist:item=3326135421&perks=1482024992,3230963543,2848615171,95528736
dimwishlist:item=3326135421&perks=1482024992,3230963543,2848615171,3425386926
dimwishlist:item=3326135421&perks=1482024992,3230963543,3017780555,2890807135
dimwishlist:item=3326135421&perks=1482024992,3230963543,3017780555,3824105627
dimwishlist:item=3326135421&perks=1482024992,3230963543,3017780555,95528736
dimwishlist:item=3326135421&perks=1482024992,3230963543,3017780555,3425386926
dimwishlist:item=3326135421&perks=1482024992,3230963543,2360347339,2890807135
dimwishlist:item=3326135421&perks=1482024992,3230963543,2360347339,3824105627
dimwishlist:item=3326135421&perks=1482024992,3230963543,2360347339,95528736
dimwishlist:item=3326135421&perks=1482024992,3230963543,2360347339,3425386926
dimwishlist:item=3326135421&perks=1482024992,679225683,4293542123,2890807135
dimwishlist:item=3326135421&perks=1482024992,679225683,4293542123,3824105627
dimwishlist:item=3326135421&perks=1482024992,679225683,4293542123,95528736
dimwishlist:item=3326135421&perks=1482024992,679225683,4293542123,3425386926
dimwishlist:item=3326135421&perks=1482024992,679225683,2848615171,2890807135
dimwishlist:item=3326135421&perks=1482024992,679225683,2848615171,3824105627
dimwishlist:item=3326135421&perks=1482024992,679225683,2848615171,95528736
dimwishlist:item=3326135421&perks=1482024992,679225683,2848615171,3425386926
dimwishlist:item=3326135421&perks=1482024992,679225683,3017780555,2890807135
dimwishlist:item=3326135421&perks=1482024992,679225683,3017780555,3824105627
dimwishlist:item=3326135421&perks=1482024992,679225683,3017780555,95528736
dimwishlist:item=3326135421&perks=1482024992,679225683,3017780555,3425386926
dimwishlist:item=3326135421&perks=1482024992,679225683,2360347339,2890807135
dimwishlist:item=3326135421&perks=1482024992,679225683,2360347339,3824105627
dimwishlist:item=3326135421&perks=1482024992,679225683,2360347339,95528736
dimwishlist:item=3326135421&perks=1482024992,679225683,2360347339,3425386926
dimwishlist:item=3326135421&perks=1482024992,106909392,4293542123,2890807135
dimwishlist:item=3326135421&perks=1482024992,106909392,4293542123,3824105627
dimwishlist:item=3326135421&perks=1482024992,106909392,4293542123,95528736
dimwishlist:item=3326135421&perks=1482024992,106909392,4293542123,3425386926
dimwishlist:item=3326135421&perks=1482024992,106909392,2848615171,2890807135
dimwishlist:item=3326135421&perks=1482024992,106909392,2848615171,3824105627
dimwishlist:item=3326135421&perks=1482024992,106909392,2848615171,95528736
dimwishlist:item=3326135421&perks=1482024992,106909392,2848615171,3425386926
dimwishlist:item=3326135421&perks=1482024992,106909392,3017780555,2890807135
dimwishlist:item=3326135421&perks=1482024992,106909392,3017780555,3824105627
dimwishlist:item=3326135421&perks=1482024992,106909392,3017780555,95528736
dimwishlist:item=3326135421&perks=1482024992,106909392,3017780555,3425386926
dimwishlist:item=3326135421&perks=1482024992,106909392,2360347339,2890807135
dimwishlist:item=3326135421&perks=1482024992,106909392,2360347339,3824105627
dimwishlist:item=3326135421&perks=1482024992,106909392,2360347339,95528736
dimwishlist:item=3326135421&perks=1482024992,106909392,2360347339,3425386926


// Scathelocke (god-pve)
//notes: tags:god-pve
dimwishlist:item=3332538050&perks=839105230,1431678320,243981275,3891536761
dimwishlist:item=3332538050&perks=839105230,1431678320,243981275,1202584452
dimwishlist:item=3332538050&perks=839105230,1431678320,3418782618,3891536761
dimwishlist:item=3332538050&perks=839105230,1431678320,3418782618,1202584452
dimwishlist:item=3332538050&perks=839105230,1431678320,3700496672,3891536761
dimwishlist:item=3332538050&perks=839105230,1431678320,3700496672,1202584452
dimwishlist:item=3332538050&perks=839105230,3230963543,243981275,3891536761
dimwishlist:item=3332538050&perks=839105230,3230963543,243981275,1202584452
dimwishlist:item=3332538050&perks=839105230,3230963543,3418782618,3891536761
dimwishlist:item=3332538050&perks=839105230,3230963543,3418782618,1202584452
dimwishlist:item=3332538050&perks=839105230,3230963543,3700496672,3891536761
dimwishlist:item=3332538050&perks=839105230,3230963543,3700496672,1202584452
dimwishlist:item=3332538050&perks=839105230,106909392,243981275,3891536761
dimwishlist:item=3332538050&perks=839105230,106909392,243981275,1202584452
dimwishlist:item=3332538050&perks=839105230,106909392,3418782618,3891536761
dimwishlist:item=3332538050&perks=839105230,106909392,3418782618,1202584452
dimwishlist:item=3332538050&perks=839105230,106909392,3700496672,3891536761
dimwishlist:item=3332538050&perks=839105230,106909392,3700496672,1202584452
dimwishlist:item=3332538050&perks=839105230,679225683,243981275,3891536761
dimwishlist:item=3332538050&perks=839105230,679225683,243981275,1202584452
dimwishlist:item=3332538050&perks=839105230,679225683,3418782618,3891536761
dimwishlist:item=3332538050&perks=839105230,679225683,3418782618,1202584452
dimwishlist:item=3332538050&perks=839105230,679225683,3700496672,3891536761
dimwishlist:item=3332538050&perks=839105230,679225683,3700496672,1202584452
dimwishlist:item=3332538050&perks=1840239774,1431678320,243981275,3891536761
dimwishlist:item=3332538050&perks=1840239774,1431678320,243981275,1202584452
dimwishlist:item=3332538050&perks=1840239774,1431678320,3418782618,3891536761
dimwishlist:item=3332538050&perks=1840239774,1431678320,3418782618,1202584452
dimwishlist:item=3332538050&perks=1840239774,1431678320,3700496672,3891536761
dimwishlist:item=3332538050&perks=1840239774,1431678320,3700496672,1202584452
dimwishlist:item=3332538050&perks=1840239774,3230963543,243981275,3891536761
dimwishlist:item=3332538050&perks=1840239774,3230963543,243981275,1202584452
dimwishlist:item=3332538050&perks=1840239774,3230963543,3418782618,3891536761
dimwishlist:item=3332538050&perks=1840239774,3230963543,3418782618,1202584452
dimwishlist:item=3332538050&perks=1840239774,3230963543,3700496672,3891536761
dimwishlist:item=3332538050&perks=1840239774,3230963543,3700496672,1202584452
dimwishlist:item=3332538050&perks=1840239774,106909392,243981275,3891536761
dimwishlist:item=3332538050&perks=1840239774,106909392,243981275,1202584452
dimwishlist:item=3332538050&perks=1840239774,106909392,3418782618,3891536761
dimwishlist:item=3332538050&perks=1840239774,106909392,3418782618,1202584452
dimwishlist:item=3332538050&perks=1840239774,106909392,3700496672,3891536761
dimwishlist:item=3332538050&perks=1840239774,106909392,3700496672,1202584452
dimwishlist:item=3332538050&perks=1840239774,679225683,243981275,3891536761
dimwishlist:item=3332538050&perks=1840239774,679225683,243981275,1202584452
dimwishlist:item=3332538050&perks=1840239774,679225683,3418782618,3891536761
dimwishlist:item=3332538050&perks=1840239774,679225683,3418782618,1202584452
dimwishlist:item=3332538050&perks=1840239774,679225683,3700496672,3891536761
dimwishlist:item=3332538050&perks=1840239774,679225683,3700496672,1202584452
dimwishlist:item=3332538050&perks=4090651448,1431678320,243981275,3891536761
dimwishlist:item=3332538050&perks=4090651448,1431678320,243981275,1202584452
dimwishlist:item=3332538050&perks=4090651448,1431678320,3418782618,3891536761
dimwishlist:item=3332538050&perks=4090651448,1431678320,3418782618,1202584452
dimwishlist:item=3332538050&perks=4090651448,1431678320,3700496672,3891536761
dimwishlist:item=3332538050&perks=4090651448,1431678320,3700496672,1202584452
dimwishlist:item=3332538050&perks=4090651448,3230963543,243981275,3891536761
dimwishlist:item=3332538050&perks=4090651448,3230963543,243981275,1202584452
dimwishlist:item=3332538050&perks=4090651448,3230963543,3418782618,3891536761
dimwishlist:item=3332538050&perks=4090651448,3230963543,3418782618,1202584452
dimwishlist:item=3332538050&perks=4090651448,3230963543,3700496672,3891536761
dimwishlist:item=3332538050&perks=4090651448,3230963543,3700496672,1202584452
dimwishlist:item=3332538050&perks=4090651448,106909392,243981275,3891536761
dimwishlist:item=3332538050&perks=4090651448,106909392,243981275,1202584452
dimwishlist:item=3332538050&perks=4090651448,106909392,3418782618,3891536761
dimwishlist:item=3332538050&perks=4090651448,106909392,3418782618,1202584452
dimwishlist:item=3332538050&perks=4090651448,106909392,3700496672,3891536761
dimwishlist:item=3332538050&perks=4090651448,106909392,3700496672,1202584452
dimwishlist:item=3332538050&perks=4090651448,679225683,243981275,3891536761
dimwishlist:item=3332538050&perks=4090651448,679225683,243981275,1202584452
dimwishlist:item=3332538050&perks=4090651448,679225683,3418782618,3891536761
dimwishlist:item=3332538050&perks=4090651448,679225683,3418782618,1202584452
dimwishlist:item=3332538050&perks=4090651448,679225683,3700496672,3891536761
dimwishlist:item=3332538050&perks=4090651448,679225683,3700496672,1202584452
dimwishlist:item=3332538050&perks=3250034553,1431678320,243981275,3891536761
dimwishlist:item=3332538050&perks=3250034553,1431678320,243981275,1202584452
dimwishlist:item=3332538050&perks=3250034553,1431678320,3418782618,3891536761
dimwishlist:item=3332538050&perks=3250034553,1431678320,3418782618,1202584452
dimwishlist:item=3332538050&perks=3250034553,1431678320,3700496672,3891536761
dimwishlist:item=3332538050&perks=3250034553,1431678320,3700496672,1202584452
dimwishlist:item=3332538050&perks=3250034553,3230963543,243981275,3891536761
dimwishlist:item=3332538050&perks=3250034553,3230963543,243981275,1202584452
dimwishlist:item=3332538050&perks=3250034553,3230963543,3418782618,3891536761
dimwishlist:item=3332538050&perks=3250034553,3230963543,3418782618,1202584452
dimwishlist:item=3332538050&perks=3250034553,3230963543,3700496672,3891536761
dimwishlist:item=3332538050&perks=3250034553,3230963543,3700496672,1202584452
dimwishlist:item=3332538050&perks=3250034553,106909392,243981275,3891536761
dimwishlist:item=3332538050&perks=3250034553,106909392,243981275,1202584452
dimwishlist:item=3332538050&perks=3250034553,106909392,3418782618,3891536761
dimwishlist:item=3332538050&perks=3250034553,106909392,3418782618,1202584452
dimwishlist:item=3332538050&perks=3250034553,106909392,3700496672,3891536761
dimwishlist:item=3332538050&perks=3250034553,106909392,3700496672,1202584452
dimwishlist:item=3332538050&perks=3250034553,679225683,243981275,3891536761
dimwishlist:item=3332538050&perks=3250034553,679225683,243981275,1202584452
dimwishlist:item=3332538050&perks=3250034553,679225683,3418782618,3891536761
dimwishlist:item=3332538050&perks=3250034553,679225683,3418782618,1202584452
dimwishlist:item=3332538050&perks=3250034553,679225683,3700496672,3891536761
dimwishlist:item=3332538050&perks=3250034553,679225683,3700496672,1202584452
dimwishlist:item=3332538050&perks=1392496348,1431678320,243981275,3891536761
dimwishlist:item=3332538050&perks=1392496348,1431678320,243981275,1202584452
dimwishlist:item=3332538050&perks=1392496348,1431678320,3418782618,3891536761
dimwishlist:item=3332538050&perks=1392496348,1431678320,3418782618,1202584452
dimwishlist:item=3332538050&perks=1392496348,1431678320,3700496672,3891536761
dimwishlist:item=3332538050&perks=1392496348,1431678320,3700496672,1202584452
dimwishlist:item=3332538050&perks=1392496348,3230963543,243981275,3891536761
dimwishlist:item=3332538050&perks=1392496348,3230963543,243981275,1202584452
dimwishlist:item=3332538050&perks=1392496348,3230963543,3418782618,3891536761
dimwishlist:item=3332538050&perks=1392496348,3230963543,3418782618,1202584452
dimwishlist:item=3332538050&perks=1392496348,3230963543,3700496672,3891536761
dimwishlist:item=3332538050&perks=1392496348,3230963543,3700496672,1202584452
dimwishlist:item=3332538050&perks=1392496348,106909392,243981275,3891536761
dimwishlist:item=3332538050&perks=1392496348,106909392,243981275,1202584452
dimwishlist:item=3332538050&perks=1392496348,106909392,3418782618,3891536761
dimwishlist:item=3332538050&perks=1392496348,106909392,3418782618,1202584452
dimwishlist:item=3332538050&perks=1392496348,106909392,3700496672,3891536761
dimwishlist:item=3332538050&perks=1392496348,106909392,3700496672,1202584452
dimwishlist:item=3332538050&perks=1392496348,679225683,243981275,3891536761
dimwishlist:item=3332538050&perks=1392496348,679225683,243981275,1202584452
dimwishlist:item=3332538050&perks=1392496348,679225683,3418782618,3891536761
dimwishlist:item=3332538050&perks=1392496348,679225683,3418782618,1202584452
dimwishlist:item=3332538050&perks=1392496348,679225683,3700496672,3891536761
dimwishlist:item=3332538050&perks=1392496348,679225683,3700496672,1202584452
dimwishlist:item=3332538050&perks=1482024992,1431678320,243981275,3891536761
dimwishlist:item=3332538050&perks=1482024992,1431678320,243981275,1202584452
dimwishlist:item=3332538050&perks=1482024992,1431678320,3418782618,3891536761
dimwishlist:item=3332538050&perks=1482024992,1431678320,3418782618,1202584452
dimwishlist:item=3332538050&perks=1482024992,1431678320,3700496672,3891536761
dimwishlist:item=3332538050&perks=1482024992,1431678320,3700496672,1202584452
dimwishlist:item=3332538050&perks=1482024992,3230963543,243981275,3891536761
dimwishlist:item=3332538050&perks=1482024992,3230963543,243981275,1202584452
dimwishlist:item=3332538050&perks=1482024992,3230963543,3418782618,3891536761
dimwishlist:item=3332538050&perks=1482024992,3230963543,3418782618,1202584452
dimwishlist:item=3332538050&perks=1482024992,3230963543,3700496672,3891536761
dimwishlist:item=3332538050&perks=1482024992,3230963543,3700496672,1202584452
dimwishlist:item=3332538050&perks=1482024992,106909392,243981275,3891536761
dimwishlist:item=3332538050&perks=1482024992,106909392,243981275,1202584452
dimwishlist:item=3332538050&perks=1482024992,106909392,3418782618,3891536761
dimwishlist:item=3332538050&perks=1482024992,106909392,3418782618,1202584452
dimwishlist:item=3332538050&perks=1482024992,106909392,3700496672,3891536761
dimwishlist:item=3332538050&perks=1482024992,106909392,3700496672,1202584452
dimwishlist:item=3332538050&perks=1482024992,679225683,243981275,3891536761
dimwishlist:item=3332538050&perks=1482024992,679225683,243981275,1202584452
dimwishlist:item=3332538050&perks=1482024992,679225683,3418782618,3891536761
dimwishlist:item=3332538050&perks=1482024992,679225683,3418782618,1202584452
dimwishlist:item=3332538050&perks=1482024992,679225683,3700496672,3891536761
dimwishlist:item=3332538050&perks=1482024992,679225683,3700496672,1202584452


// Tyranny of Heaven (god-pve)
//notes: tags:god-pve
dimwishlist:item=3388655311&perks=2890807135,4293542123
dimwishlist:item=3388655311&perks=2890807135,3414324643
dimwishlist:item=3388655311&perks=657025441,4293542123
dimwishlist:item=3388655311&perks=657025441,3414324643


// Rapid Growth (god-pve)
//notes: tags:god-pve
dimwishlist:item=3448712083&perks=839105230,3142289711,1354429876,3764420437
dimwishlist:item=3448712083&perks=839105230,3142289711,1354429876,654512643
dimwishlist:item=3448712083&perks=839105230,3142289711,1115162408,3764420437
dimwishlist:item=3448712083&perks=839105230,3142289711,1115162408,654512643
dimwishlist:item=3448712083&perks=839105230,1087426260,1354429876,3764420437
dimwishlist:item=3448712083&perks=839105230,1087426260,1354429876,654512643
dimwishlist:item=3448712083&perks=839105230,1087426260,1115162408,3764420437
dimwishlist:item=3448712083&perks=839105230,1087426260,1115162408,654512643
dimwishlist:item=3448712083&perks=839105230,106909392,1354429876,3764420437
dimwishlist:item=3448712083&perks=839105230,106909392,1354429876,654512643
dimwishlist:item=3448712083&perks=839105230,106909392,1115162408,3764420437
dimwishlist:item=3448712083&perks=839105230,106909392,1115162408,654512643
dimwishlist:item=3448712083&perks=839105230,1431678320,1354429876,3764420437
dimwishlist:item=3448712083&perks=839105230,1431678320,1354429876,654512643
dimwishlist:item=3448712083&perks=839105230,1431678320,1115162408,3764420437
dimwishlist:item=3448712083&perks=839105230,1431678320,1115162408,654512643
dimwishlist:item=3448712083&perks=839105230,3230963543,1354429876,3764420437
dimwishlist:item=3448712083&perks=839105230,3230963543,1354429876,654512643
dimwishlist:item=3448712083&perks=839105230,3230963543,1115162408,3764420437
dimwishlist:item=3448712083&perks=839105230,3230963543,1115162408,654512643
dimwishlist:item=3448712083&perks=4090651448,3142289711,1354429876,3764420437
dimwishlist:item=3448712083&perks=4090651448,3142289711,1354429876,654512643
dimwishlist:item=3448712083&perks=4090651448,3142289711,1115162408,3764420437
dimwishlist:item=3448712083&perks=4090651448,3142289711,1115162408,654512643
dimwishlist:item=3448712083&perks=4090651448,1087426260,1354429876,3764420437
dimwishlist:item=3448712083&perks=4090651448,1087426260,1354429876,654512643
dimwishlist:item=3448712083&perks=4090651448,1087426260,1115162408,3764420437
dimwishlist:item=3448712083&perks=4090651448,1087426260,1115162408,654512643
dimwishlist:item=3448712083&perks=4090651448,106909392,1354429876,3764420437
dimwishlist:item=3448712083&perks=4090651448,106909392,1354429876,654512643
dimwishlist:item=3448712083&perks=4090651448,106909392,1115162408,3764420437
dimwishlist:item=3448712083&perks=4090651448,106909392,1115162408,654512643
dimwishlist:item=3448712083&perks=4090651448,1431678320,1354429876,3764420437
dimwishlist:item=3448712083&perks=4090651448,1431678320,1354429876,654512643
dimwishlist:item=3448712083&perks=4090651448,1431678320,1115162408,3764420437
dimwishlist:item=3448712083&perks=4090651448,1431678320,1115162408,654512643
dimwishlist:item=3448712083&perks=4090651448,3230963543,1354429876,3764420437
dimwishlist:item=3448712083&perks=4090651448,3230963543,1354429876,654512643
dimwishlist:item=3448712083&perks=4090651448,3230963543,1115162408,3764420437
dimwishlist:item=3448712083&perks=4090651448,3230963543,1115162408,654512643
dimwishlist:item=3448712083&perks=1840239774,3142289711,1354429876,3764420437
dimwishlist:item=3448712083&perks=1840239774,3142289711,1354429876,654512643
dimwishlist:item=3448712083&perks=1840239774,3142289711,1115162408,3764420437
dimwishlist:item=3448712083&perks=1840239774,3142289711,1115162408,654512643
dimwishlist:item=3448712083&perks=1840239774,1087426260,1354429876,3764420437
dimwishlist:item=3448712083&perks=1840239774,1087426260,1354429876,654512643
dimwishlist:item=3448712083&perks=1840239774,1087426260,1115162408,3764420437
dimwishlist:item=3448712083&perks=1840239774,1087426260,1115162408,654512643
dimwishlist:item=3448712083&perks=1840239774,106909392,1354429876,3764420437
dimwishlist:item=3448712083&perks=1840239774,106909392,1354429876,654512643
dimwishlist:item=3448712083&perks=1840239774,106909392,1115162408,3764420437
dimwishlist:item=3448712083&perks=1840239774,106909392,1115162408,654512643
dimwishlist:item=3448712083&perks=1840239774,1431678320,1354429876,3764420437
dimwishlist:item=3448712083&perks=1840239774,1431678320,1354429876,654512643
dimwishlist:item=3448712083&perks=1840239774,1431678320,1115162408,3764420437
dimwishlist:item=3448712083&perks=1840239774,1431678320,1115162408,654512643
dimwishlist:item=3448712083&perks=1840239774,3230963543,1354429876,3764420437
dimwishlist:item=3448712083&perks=1840239774,3230963543,1354429876,654512643
dimwishlist:item=3448712083&perks=1840239774,3230963543,1115162408,3764420437
dimwishlist:item=3448712083&perks=1840239774,3230963543,1115162408,654512643
dimwishlist:item=3448712083&perks=3250034553,3142289711,1354429876,3764420437
dimwishlist:item=3448712083&perks=3250034553,3142289711,1354429876,654512643
dimwishlist:item=3448712083&perks=3250034553,3142289711,1115162408,3764420437
dimwishlist:item=3448712083&perks=3250034553,3142289711,1115162408,654512643
dimwishlist:item=3448712083&perks=3250034553,1087426260,1354429876,3764420437
dimwishlist:item=3448712083&perks=3250034553,1087426260,1354429876,654512643
dimwishlist:item=3448712083&perks=3250034553,1087426260,1115162408,3764420437
dimwishlist:item=3448712083&perks=3250034553,1087426260,1115162408,654512643
dimwishlist:item=3448712083&perks=3250034553,106909392,1354429876,3764420437
dimwishlist:item=3448712083&perks=3250034553,106909392,1354429876,654512643
dimwishlist:item=3448712083&perks=3250034553,106909392,1115162408,3764420437
dimwishlist:item=3448712083&perks=3250034553,106909392,1115162408,654512643
dimwishlist:item=3448712083&perks=3250034553,1431678320,1354429876,3764420437
dimwishlist:item=3448712083&perks=3250034553,1431678320,1354429876,654512643
dimwishlist:item=3448712083&perks=3250034553,1431678320,1115162408,3764420437
dimwishlist:item=3448712083&perks=3250034553,1431678320,1115162408,654512643
dimwishlist:item=3448712083&perks=3250034553,3230963543,1354429876,3764420437
dimwishlist:item=3448712083&perks=3250034553,3230963543,1354429876,654512643
dimwishlist:item=3448712083&perks=3250034553,3230963543,1115162408,3764420437
dimwishlist:item=3448712083&perks=3250034553,3230963543,1115162408,654512643
dimwishlist:item=3448712083&perks=1392496348,3142289711,1354429876,3764420437
dimwishlist:item=3448712083&perks=1392496348,3142289711,1354429876,654512643
dimwishlist:item=3448712083&perks=1392496348,3142289711,1115162408,3764420437
dimwishlist:item=3448712083&perks=1392496348,3142289711,1115162408,654512643
dimwishlist:item=3448712083&perks=1392496348,1087426260,1354429876,3764420437
dimwishlist:item=3448712083&perks=1392496348,1087426260,1354429876,654512643
dimwishlist:item=3448712083&perks=1392496348,1087426260,1115162408,3764420437
dimwishlist:item=3448712083&perks=1392496348,1087426260,1115162408,654512643
dimwishlist:item=3448712083&perks=1392496348,106909392,1354429876,3764420437
dimwishlist:item=3448712083&perks=1392496348,106909392,1354429876,654512643
dimwishlist:item=3448712083&perks=1392496348,106909392,1115162408,3764420437
dimwishlist:item=3448712083&perks=1392496348,106909392,1115162408,654512643
dimwishlist:item=3448712083&perks=1392496348,1431678320,1354429876,3764420437
dimwishlist:item=3448712083&perks=1392496348,1431678320,1354429876,654512643
dimwishlist:item=3448712083&perks=1392496348,1431678320,1115162408,3764420437
dimwishlist:item=3448712083&perks=1392496348,1431678320,1115162408,654512643
dimwishlist:item=3448712083&perks=1392496348,3230963543,1354429876,3764420437
dimwishlist:item=3448712083&perks=1392496348,3230963543,1354429876,654512643
dimwishlist:item=3448712083&perks=1392496348,3230963543,1115162408,3764420437
dimwishlist:item=3448712083&perks=1392496348,3230963543,1115162408,654512643
dimwishlist:item=3448712083&perks=1482024992,3142289711,1354429876,3764420437
dimwishlist:item=3448712083&perks=1482024992,3142289711,1354429876,654512643
dimwishlist:item=3448712083&perks=1482024992,3142289711,1115162408,3764420437
dimwishlist:item=3448712083&perks=1482024992,3142289711,1115162408,654512643
dimwishlist:item=3448712083&perks=1482024992,1087426260,1354429876,3764420437
dimwishlist:item=3448712083&perks=1482024992,1087426260,1354429876,654512643
dimwishlist:item=3448712083&perks=1482024992,1087426260,1115162408,3764420437
dimwishlist:item=3448712083&perks=1482024992,1087426260,1115162408,654512643
dimwishlist:item=3448712083&perks=1482024992,106909392,1354429876,3764420437
dimwishlist:item=3448712083&perks=1482024992,106909392,1354429876,654512643
dimwishlist:item=3448712083&perks=1482024992,106909392,1115162408,3764420437
dimwishlist:item=3448712083&perks=1482024992,106909392,1115162408,654512643
dimwishlist:item=3448712083&perks=1482024992,1431678320,1354429876,3764420437
dimwishlist:item=3448712083&perks=1482024992,1431678320,1354429876,654512643
dimwishlist:item=3448712083&perks=1482024992,1431678320,1115162408,3764420437
dimwishlist:item=3448712083&perks=1482024992,1431678320,1115162408,654512643
dimwishlist:item=3448712083&perks=1482024992,3230963543,1354429876,3764420437
dimwishlist:item=3448712083&perks=1482024992,3230963543,1354429876,654512643
dimwishlist:item=3448712083&perks=1482024992,3230963543,1115162408,3764420437
dimwishlist:item=3448712083&perks=1482024992,3230963543,1115162408,654512643


// Positive Outlook (god-pve)
//notes: tags:god-pve
dimwishlist:item=3625635456&perks=1840239774,1431678320,776531651,2048641572
dimwishlist:item=3625635456&perks=1840239774,1431678320,776531651,2305480722
dimwishlist:item=3625635456&perks=1840239774,1431678320,1134488199,2048641572
dimwishlist:item=3625635456&perks=1840239774,1431678320,1134488199,2305480722
dimwishlist:item=3625635456&perks=1840239774,3230963543,776531651,2048641572
dimwishlist:item=3625635456&perks=1840239774,3230963543,776531651,2305480722
dimwishlist:item=3625635456&perks=1840239774,3230963543,1134488199,2048641572
dimwishlist:item=3625635456&perks=1840239774,3230963543,1134488199,2305480722
dimwishlist:item=3625635456&perks=1840239774,679225683,776531651,2048641572
dimwishlist:item=3625635456&perks=1840239774,679225683,776531651,2305480722
dimwishlist:item=3625635456&perks=1840239774,679225683,1134488199,2048641572
dimwishlist:item=3625635456&perks=1840239774,679225683,1134488199,2305480722
dimwishlist:item=3625635456&perks=1840239774,106909392,776531651,2048641572
dimwishlist:item=3625635456&perks=1840239774,106909392,776531651,2305480722
dimwishlist:item=3625635456&perks=1840239774,106909392,1134488199,2048641572
dimwishlist:item=3625635456&perks=1840239774,106909392,1134488199,2305480722
dimwishlist:item=3625635456&perks=1840239774,1561002382,776531651,2048641572
dimwishlist:item=3625635456&perks=1840239774,1561002382,776531651,2305480722
dimwishlist:item=3625635456&perks=1840239774,1561002382,1134488199,2048641572
dimwishlist:item=3625635456&perks=1840239774,1561002382,1134488199,2305480722
dimwishlist:item=3625635456&perks=839105230,1431678320,776531651,2048641572
dimwishlist:item=3625635456&perks=839105230,1431678320,776531651,2305480722
dimwishlist:item=3625635456&perks=839105230,1431678320,1134488199,2048641572
dimwishlist:item=3625635456&perks=839105230,1431678320,1134488199,2305480722
dimwishlist:item=3625635456&perks=839105230,3230963543,776531651,2048641572
dimwishlist:item=3625635456&perks=839105230,3230963543,776531651,2305480722
dimwishlist:item=3625635456&perks=839105230,3230963543,1134488199,2048641572
dimwishlist:item=3625635456&perks=839105230,3230963543,1134488199,2305480722
dimwishlist:item=3625635456&perks=839105230,679225683,776531651,2048641572
dimwishlist:item=3625635456&perks=839105230,679225683,776531651,2305480722
dimwishlist:item=3625635456&perks=839105230,679225683,1134488199,2048641572
dimwishlist:item=3625635456&perks=839105230,679225683,1134488199,2305480722
dimwishlist:item=3625635456&perks=839105230,106909392,776531651,2048641572
dimwishlist:item=3625635456&perks=839105230,106909392,776531651,2305480722
dimwishlist:item=3625635456&perks=839105230,106909392,1134488199,2048641572
dimwishlist:item=3625635456&perks=839105230,106909392,1134488199,2305480722
dimwishlist:item=3625635456&perks=839105230,1561002382,776531651,2048641572
dimwishlist:item=3625635456&perks=839105230,1561002382,776531651,2305480722
dimwishlist:item=3625635456&perks=839105230,1561002382,1134488199,2048641572
dimwishlist:item=3625635456&perks=839105230,1561002382,1134488199,2305480722
dimwishlist:item=3625635456&perks=4090651448,1431678320,776531651,2048641572
dimwishlist:item=3625635456&perks=4090651448,1431678320,776531651,2305480722
dimwishlist:item=3625635456&perks=4090651448,1431678320,1134488199,2048641572
dimwishlist:item=3625635456&perks=4090651448,1431678320,1134488199,2305480722
dimwishlist:item=3625635456&perks=4090651448,3230963543,776531651,2048641572
dimwishlist:item=3625635456&perks=4090651448,3230963543,776531651,2305480722
dimwishlist:item=3625635456&perks=4090651448,3230963543,1134488199,2048641572
dimwishlist:item=3625635456&perks=4090651448,3230963543,1134488199,2305480722
dimwishlist:item=3625635456&perks=4090651448,679225683,776531651,2048641572
dimwishlist:item=3625635456&perks=4090651448,679225683,776531651,2305480722
dimwishlist:item=3625635456&perks=4090651448,679225683,1134488199,2048641572
dimwishlist:item=3625635456&perks=4090651448,679225683,1134488199,2305480722
dimwishlist:item=3625635456&perks=4090651448,106909392,776531651,2048641572
dimwishlist:item=3625635456&perks=4090651448,106909392,776531651,2305480722
dimwishlist:item=3625635456&perks=4090651448,106909392,1134488199,2048641572
dimwishlist:item=3625635456&perks=4090651448,106909392,1134488199,2305480722
dimwishlist:item=3625635456&perks=4090651448,1561002382,776531651,2048641572
dimwishlist:item=3625635456&perks=4090651448,1561002382,776531651,2305480722
dimwishlist:item=3625635456&perks=4090651448,1561002382,1134488199,2048641572
dimwishlist:item=3625635456&perks=4090651448,1561002382,1134488199,2305480722
dimwishlist:item=3625635456&perks=3250034553,1431678320,776531651,2048641572
dimwishlist:item=3625635456&perks=3250034553,1431678320,776531651,2305480722
dimwishlist:item=3625635456&perks=3250034553,1431678320,1134488199,2048641572
dimwishlist:item=3625635456&perks=3250034553,1431678320,1134488199,2305480722
dimwishlist:item=3625635456&perks=3250034553,3230963543,776531651,2048641572
dimwishlist:item=3625635456&perks=3250034553,3230963543,776531651,2305480722
dimwishlist:item=3625635456&perks=3250034553,3230963543,1134488199,2048641572
dimwishlist:item=3625635456&perks=3250034553,3230963543,1134488199,2305480722
dimwishlist:item=3625635456&perks=3250034553,679225683,776531651,2048641572
dimwishlist:item=3625635456&perks=3250034553,679225683,776531651,2305480722
dimwishlist:item=3625635456&perks=3250034553,679225683,1134488199,2048641572
dimwishlist:item=3625635456&perks=3250034553,679225683,1134488199,2305480722
dimwishlist:item=3625635456&perks=3250034553,106909392,776531651,2048641572
dimwishlist:item=3625635456&perks=3250034553,106909392,776531651,2305480722
dimwishlist:item=3625635456&perks=3250034553,106909392,1134488199,2048641572
dimwishlist:item=3625635456&perks=3250034553,106909392,1134488199,2305480722
dimwishlist:item=3625635456&perks=3250034553,1561002382,776531651,2048641572
dimwishlist:item=3625635456&perks=3250034553,1561002382,776531651,2305480722
dimwishlist:item=3625635456&perks=3250034553,1561002382,1134488199,2048641572
dimwishlist:item=3625635456&perks=3250034553,1561002382,1134488199,2305480722
dimwishlist:item=3625635456&perks=1392496348,1431678320,776531651,2048641572
dimwishlist:item=3625635456&perks=1392496348,1431678320,776531651,2305480722
dimwishlist:item=3625635456&perks=1392496348,1431678320,1134488199,2048641572
dimwishlist:item=3625635456&perks=1392496348,1431678320,1134488199,2305480722
dimwishlist:item=3625635456&perks=1392496348,3230963543,776531651,2048641572
dimwishlist:item=3625635456&perks=1392496348,3230963543,776531651,2305480722
dimwishlist:item=3625635456&perks=1392496348,3230963543,1134488199,2048641572
dimwishlist:item=3625635456&perks=1392496348,3230963543,1134488199,2305480722
dimwishlist:item=3625635456&perks=1392496348,679225683,776531651,2048641572
dimwishlist:item=3625635456&perks=1392496348,679225683,776531651,2305480722
dimwishlist:item=3625635456&perks=1392496348,679225683,1134488199,2048641572
dimwishlist:item=3625635456&perks=1392496348,679225683,1134488199,2305480722
dimwishlist:item=3625635456&perks=1392496348,106909392,776531651,2048641572
dimwishlist:item=3625635456&perks=1392496348,106909392,776531651,2305480722
dimwishlist:item=3625635456&perks=1392496348,106909392,1134488199,2048641572
dimwishlist:item=3625635456&perks=1392496348,106909392,1134488199,2305480722
dimwishlist:item=3625635456&perks=1392496348,1561002382,776531651,2048641572
dimwishlist:item=3625635456&perks=1392496348,1561002382,776531651,2305480722
dimwishlist:item=3625635456&perks=1392496348,1561002382,1134488199,2048641572
dimwishlist:item=3625635456&perks=1392496348,1561002382,1134488199,2305480722
dimwishlist:item=3625635456&perks=1482024992,1431678320,776531651,2048641572
dimwishlist:item=3625635456&perks=1482024992,1431678320,776531651,2305480722
dimwishlist:item=3625635456&perks=1482024992,1431678320,1134488199,2048641572
dimwishlist:item=3625635456&perks=1482024992,1431678320,1134488199,2305480722
dimwishlist:item=3625635456&perks=1482024992,3230963543,776531651,2048641572
dimwishlist:item=3625635456&perks=1482024992,3230963543,776531651,2305480722
dimwishlist:item=3625635456&perks=1482024992,3230963543,1134488199,2048641572
dimwishlist:item=3625635456&perks=1482024992,3230963543,1134488199,2305480722
dimwishlist:item=3625635456&perks=1482024992,679225683,776531651,2048641572
dimwishlist:item=3625635456&perks=1482024992,679225683,776531651,2305480722
dimwishlist:item=3625635456&perks=1482024992,679225683,1134488199,2048641572
dimwishlist:item=3625635456&perks=1482024992,679225683,1134488199,2305480722
dimwishlist:item=3625635456&perks=1482024992,106909392,776531651,2048641572
dimwishlist:item=3625635456&perks=1482024992,106909392,776531651,2305480722
dimwishlist:item=3625635456&perks=1482024992,106909392,1134488199,2048641572
dimwishlist:item=3625635456&perks=1482024992,106909392,1134488199,2305480722
dimwishlist:item=3625635456&perks=1482024992,1561002382,776531651,2048641572
dimwishlist:item=3625635456&perks=1482024992,1561002382,776531651,2305480722
dimwishlist:item=3625635456&perks=1482024992,1561002382,1134488199,2048641572
dimwishlist:item=3625635456&perks=1482024992,1561002382,1134488199,2305480722


// Hush (god-pve)
//notes: tags:god-pve
dimwishlist:item=3638723317&perks=2890807135,4293542123
dimwishlist:item=3638723317&perks=2890807135,3414324643
dimwishlist:item=3638723317&perks=2890807135,657025441
dimwishlist:item=3638723317&perks=3824105627,4293542123
dimwishlist:item=3638723317&perks=3824105627,3414324643
dimwishlist:item=3638723317&perks=3824105627,657025441


// Zaouli's Bane (god-pve)
//notes: tags:god-pve
dimwishlist:item=3647341740&perks=839105230,3142289711,3038247973,4293542123
dimwishlist:item=3647341740&perks=839105230,3142289711,3038247973,657025441
dimwishlist:item=3647341740&perks=839105230,3142289711,3038247973,3640170453
dimwishlist:item=3647341740&perks=839105230,3142289711,3824105627,4293542123
dimwishlist:item=3647341740&perks=839105230,3142289711,3824105627,657025441
dimwishlist:item=3647341740&perks=839105230,3142289711,3824105627,3640170453
dimwishlist:item=3647341740&perks=839105230,3142289711,2890807135,4293542123
dimwishlist:item=3647341740&perks=839105230,3142289711,2890807135,657025441
dimwishlist:item=3647341740&perks=839105230,3142289711,2890807135,3640170453
dimwishlist:item=3647341740&perks=839105230,1087426260,3038247973,4293542123
dimwishlist:item=3647341740&perks=839105230,1087426260,3038247973,657025441
dimwishlist:item=3647341740&perks=839105230,1087426260,3038247973,3640170453
dimwishlist:item=3647341740&perks=839105230,1087426260,3824105627,4293542123
dimwishlist:item=3647341740&perks=839105230,1087426260,3824105627,657025441
dimwishlist:item=3647341740&perks=839105230,1087426260,3824105627,3640170453
dimwishlist:item=3647341740&perks=839105230,1087426260,2890807135,4293542123
dimwishlist:item=3647341740&perks=839105230,1087426260,2890807135,657025441
dimwishlist:item=3647341740&perks=839105230,1087426260,2890807135,3640170453
dimwishlist:item=3647341740&perks=839105230,106909392,3038247973,4293542123
dimwishlist:item=3647341740&perks=839105230,106909392,3038247973,657025441
dimwishlist:item=3647341740&perks=839105230,106909392,3038247973,3640170453
dimwishlist:item=3647341740&perks=839105230,106909392,3824105627,4293542123
dimwishlist:item=3647341740&perks=839105230,106909392,3824105627,657025441
dimwishlist:item=3647341740&perks=839105230,106909392,3824105627,3640170453
dimwishlist:item=3647341740&perks=839105230,106909392,2890807135,4293542123
dimwishlist:item=3647341740&perks=839105230,106909392,2890807135,657025441
dimwishlist:item=3647341740&perks=839105230,106909392,2890807135,3640170453
dimwishlist:item=3647341740&perks=839105230,1431678320,3038247973,4293542123
dimwishlist:item=3647341740&perks=839105230,1431678320,3038247973,657025441
dimwishlist:item=3647341740&perks=839105230,1431678320,3038247973,3640170453
dimwishlist:item=3647341740&perks=839105230,1431678320,3824105627,4293542123
dimwishlist:item=3647341740&perks=839105230,1431678320,3824105627,657025441
dimwishlist:item=3647341740&perks=839105230,1431678320,3824105627,3640170453
dimwishlist:item=3647341740&perks=839105230,1431678320,2890807135,4293542123
dimwishlist:item=3647341740&perks=839105230,1431678320,2890807135,657025441
dimwishlist:item=3647341740&perks=839105230,1431678320,2890807135,3640170453
dimwishlist:item=3647341740&perks=839105230,3230963543,3038247973,4293542123
dimwishlist:item=3647341740&perks=839105230,3230963543,3038247973,657025441
dimwishlist:item=3647341740&perks=839105230,3230963543,3038247973,3640170453
dimwishlist:item=3647341740&perks=839105230,3230963543,3824105627,4293542123
dimwishlist:item=3647341740&perks=839105230,3230963543,3824105627,657025441
dimwishlist:item=3647341740&perks=839105230,3230963543,3824105627,3640170453
dimwishlist:item=3647341740&perks=839105230,3230963543,2890807135,4293542123
dimwishlist:item=3647341740&perks=839105230,3230963543,2890807135,657025441
dimwishlist:item=3647341740&perks=839105230,3230963543,2890807135,3640170453
dimwishlist:item=3647341740&perks=839105230,1885400500,3038247973,4293542123
dimwishlist:item=3647341740&perks=839105230,1885400500,3038247973,657025441
dimwishlist:item=3647341740&perks=839105230,1885400500,3038247973,3640170453
dimwishlist:item=3647341740&perks=839105230,1885400500,3824105627,4293542123
dimwishlist:item=3647341740&perks=839105230,1885400500,3824105627,657025441
dimwishlist:item=3647341740&perks=839105230,1885400500,3824105627,3640170453
dimwishlist:item=3647341740&perks=839105230,1885400500,2890807135,4293542123
dimwishlist:item=3647341740&perks=839105230,1885400500,2890807135,657025441
dimwishlist:item=3647341740&perks=839105230,1885400500,2890807135,3640170453
dimwishlist:item=3647341740&perks=839105230,679225683,3038247973,4293542123
dimwishlist:item=3647341740&perks=839105230,679225683,3038247973,657025441
dimwishlist:item=3647341740&perks=839105230,679225683,3038247973,3640170453
dimwishlist:item=3647341740&perks=839105230,679225683,3824105627,4293542123
dimwishlist:item=3647341740&perks=839105230,679225683,3824105627,657025441
dimwishlist:item=3647341740&perks=839105230,679225683,3824105627,3640170453
dimwishlist:item=3647341740&perks=839105230,679225683,2890807135,4293542123
dimwishlist:item=3647341740&perks=839105230,679225683,2890807135,657025441
dimwishlist:item=3647341740&perks=839105230,679225683,2890807135,3640170453
dimwishlist:item=3647341740&perks=839105230,1968497646,3038247973,4293542123
dimwishlist:item=3647341740&perks=839105230,1968497646,3038247973,657025441
dimwishlist:item=3647341740&perks=839105230,1968497646,3038247973,3640170453
dimwishlist:item=3647341740&perks=839105230,1968497646,3824105627,4293542123
dimwishlist:item=3647341740&perks=839105230,1968497646,3824105627,657025441
dimwishlist:item=3647341740&perks=839105230,1968497646,3824105627,3640170453
dimwishlist:item=3647341740&perks=839105230,1968497646,2890807135,4293542123
dimwishlist:item=3647341740&perks=839105230,1968497646,2890807135,657025441
dimwishlist:item=3647341740&perks=839105230,1968497646,2890807135,3640170453
dimwishlist:item=3647341740&perks=839105230,1561002382,3038247973,4293542123
dimwishlist:item=3647341740&perks=839105230,1561002382,3038247973,657025441
dimwishlist:item=3647341740&perks=839105230,1561002382,3038247973,3640170453
dimwishlist:item=3647341740&perks=839105230,1561002382,3824105627,4293542123
dimwishlist:item=3647341740&perks=839105230,1561002382,3824105627,657025441
dimwishlist:item=3647341740&perks=839105230,1561002382,3824105627,3640170453
dimwishlist:item=3647341740&perks=839105230,1561002382,2890807135,4293542123
dimwishlist:item=3647341740&perks=839105230,1561002382,2890807135,657025441
dimwishlist:item=3647341740&perks=839105230,1561002382,2890807135,3640170453
dimwishlist:item=3647341740&perks=4090651448,3142289711,3038247973,4293542123
dimwishlist:item=3647341740&perks=4090651448,3142289711,3038247973,657025441
dimwishlist:item=3647341740&perks=4090651448,3142289711,3038247973,3640170453
dimwishlist:item=3647341740&perks=4090651448,3142289711,3824105627,4293542123
dimwishlist:item=3647341740&perks=4090651448,3142289711,3824105627,657025441
dimwishlist:item=3647341740&perks=4090651448,3142289711,3824105627,3640170453
dimwishlist:item=3647341740&perks=4090651448,3142289711,2890807135,4293542123
dimwishlist:item=3647341740&perks=4090651448,3142289711,2890807135,657025441
dimwishlist:item=3647341740&perks=4090651448,3142289711,2890807135,3640170453
dimwishlist:item=3647341740&perks=4090651448,1087426260,3038247973,4293542123
dimwishlist:item=3647341740&perks=4090651448,1087426260,3038247973,657025441
dimwishlist:item=3647341740&perks=4090651448,1087426260,3038247973,3640170453
dimwishlist:item=3647341740&perks=4090651448,1087426260,3824105627,4293542123
dimwishlist:item=3647341740&perks=4090651448,1087426260,3824105627,657025441
dimwishlist:item=3647341740&perks=4090651448,1087426260,3824105627,3640170453
dimwishlist:item=3647341740&perks=4090651448,1087426260,2890807135,4293542123
dimwishlist:item=3647341740&perks=4090651448,1087426260,2890807135,657025441
dimwishlist:item=3647341740&perks=4090651448,1087426260,2890807135,3640170453
dimwishlist:item=3647341740&perks=4090651448,106909392,3038247973,4293542123
dimwishlist:item=3647341740&perks=4090651448,106909392,3038247973,657025441
dimwishlist:item=3647341740&perks=4090651448,106909392,3038247973,3640170453
dimwishlist:item=3647341740&perks=4090651448,106909392,3824105627,4293542123
dimwishlist:item=3647341740&perks=4090651448,106909392,3824105627,657025441
dimwishlist:item=3647341740&perks=4090651448,106909392,3824105627,3640170453
dimwishlist:item=3647341740&perks=4090651448,106909392,2890807135,4293542123
dimwishlist:item=3647341740&perks=4090651448,106909392,2890807135,657025441
dimwishlist:item=3647341740&perks=4090651448,106909392,2890807135,3640170453
dimwishlist:item=3647341740&perks=4090651448,1431678320,3038247973,4293542123
dimwishlist:item=3647341740&perks=4090651448,1431678320,3038247973,657025441
dimwishlist:item=3647341740&perks=4090651448,1431678320,3038247973,3640170453
dimwishlist:item=3647341740&perks=4090651448,1431678320,3824105627,4293542123
dimwishlist:item=3647341740&perks=4090651448,1431678320,3824105627,657025441
dimwishlist:item=3647341740&perks=4090651448,1431678320,3824105627,3640170453
dimwishlist:item=3647341740&perks=4090651448,1431678320,2890807135,4293542123
dimwishlist:item=3647341740&perks=4090651448,1431678320,2890807135,657025441
dimwishlist:item=3647341740&perks=4090651448,1431678320,2890807135,3640170453
dimwishlist:item=3647341740&perks=4090651448,3230963543,3038247973,4293542123
dimwishlist:item=3647341740&perks=4090651448,3230963543,3038247973,657025441
dimwishlist:item=3647341740&perks=4090651448,3230963543,3038247973,3640170453
dimwishlist:item=3647341740&perks=4090651448,3230963543,3824105627,4293542123
dimwishlist:item=3647341740&perks=4090651448,3230963543,3824105627,657025441
dimwishlist:item=3647341740&perks=4090651448,3230963543,3824105627,3640170453
dimwishlist:item=3647341740&perks=4090651448,3230963543,2890807135,4293542123
dimwishlist:item=3647341740&perks=4090651448,3230963543,2890807135,657025441
dimwishlist:item=3647341740&perks=4090651448,3230963543,2890807135,3640170453
dimwishlist:item=3647341740&perks=4090651448,1885400500,3038247973,4293542123
dimwishlist:item=3647341740&perks=4090651448,1885400500,3038247973,657025441
dimwishlist:item=3647341740&perks=4090651448,1885400500,3038247973,3640170453
dimwishlist:item=3647341740&perks=4090651448,1885400500,3824105627,4293542123
dimwishlist:item=3647341740&perks=4090651448,1885400500,3824105627,657025441
dimwishlist:item=3647341740&perks=4090651448,1885400500,3824105627,3640170453
dimwishlist:item=3647341740&perks=4090651448,1885400500,2890807135,4293542123
dimwishlist:item=3647341740&perks=4090651448,1885400500,2890807135,657025441
dimwishlist:item=3647341740&perks=4090651448,1885400500,2890807135,3640170453
dimwishlist:item=3647341740&perks=4090651448,679225683,3038247973,4293542123
dimwishlist:item=3647341740&perks=4090651448,679225683,3038247973,657025441
dimwishlist:item=3647341740&perks=4090651448,679225683,3038247973,3640170453
dimwishlist:item=3647341740&perks=4090651448,679225683,3824105627,4293542123
dimwishlist:item=3647341740&perks=4090651448,679225683,3824105627,657025441
dimwishlist:item=3647341740&perks=4090651448,679225683,3824105627,3640170453
dimwishlist:item=3647341740&perks=4090651448,679225683,2890807135,4293542123
dimwishlist:item=3647341740&perks=4090651448,679225683,2890807135,657025441
dimwishlist:item=3647341740&perks=4090651448,679225683,2890807135,3640170453
dimwishlist:item=3647341740&perks=4090651448,1968497646,3038247973,4293542123
dimwishlist:item=3647341740&perks=4090651448,1968497646,3038247973,657025441
dimwishlist:item=3647341740&perks=4090651448,1968497646,3038247973,3640170453
dimwishlist:item=3647341740&perks=4090651448,1968497646,3824105627,4293542123
dimwishlist:item=3647341740&perks=4090651448,1968497646,3824105627,657025441
dimwishlist:item=3647341740&perks=4090651448,1968497646,3824105627,3640170453
dimwishlist:item=3647341740&perks=4090651448,1968497646,2890807135,4293542123
dimwishlist:item=3647341740&perks=4090651448,1968497646,2890807135,657025441
dimwishlist:item=3647341740&perks=4090651448,1968497646,2890807135,3640170453
dimwishlist:item=3647341740&perks=4090651448,1561002382,3038247973,4293542123
dimwishlist:item=3647341740&perks=4090651448,1561002382,3038247973,657025441
dimwishlist:item=3647341740&perks=4090651448,1561002382,3038247973,3640170453
dimwishlist:item=3647341740&perks=4090651448,1561002382,3824105627,4293542123
dimwishlist:item=3647341740&perks=4090651448,1561002382,3824105627,657025441
dimwishlist:item=3647341740&perks=4090651448,1561002382,3824105627,3640170453
dimwishlist:item=3647341740&perks=4090651448,1561002382,2890807135,4293542123
dimwishlist:item=3647341740&perks=4090651448,1561002382,2890807135,657025441
dimwishlist:item=3647341740&perks=4090651448,1561002382,2890807135,3640170453
dimwishlist:item=3647341740&perks=1840239774,3142289711,3038247973,4293542123
dimwishlist:item=3647341740&perks=1840239774,3142289711,3038247973,657025441
dimwishlist:item=3647341740&perks=1840239774,3142289711,3038247973,3640170453
dimwishlist:item=3647341740&perks=1840239774,3142289711,3824105627,4293542123
dimwishlist:item=3647341740&perks=1840239774,3142289711,3824105627,657025441
dimwishlist:item=3647341740&perks=1840239774,3142289711,3824105627,3640170453
dimwishlist:item=3647341740&perks=1840239774,3142289711,2890807135,4293542123
dimwishlist:item=3647341740&perks=1840239774,3142289711,2890807135,657025441
dimwishlist:item=3647341740&perks=1840239774,3142289711,2890807135,3640170453
dimwishlist:item=3647341740&perks=1840239774,1087426260,3038247973,4293542123
dimwishlist:item=3647341740&perks=1840239774,1087426260,3038247973,657025441
dimwishlist:item=3647341740&perks=1840239774,1087426260,3038247973,3640170453
dimwishlist:item=3647341740&perks=1840239774,1087426260,3824105627,4293542123
dimwishlist:item=3647341740&perks=1840239774,1087426260,3824105627,657025441
dimwishlist:item=3647341740&perks=1840239774,1087426260,3824105627,3640170453
dimwishlist:item=3647341740&perks=1840239774,1087426260,2890807135,4293542123
dimwishlist:item=3647341740&perks=1840239774,1087426260,2890807135,657025441
dimwishlist:item=3647341740&perks=1840239774,1087426260,2890807135,3640170453
dimwishlist:item=3647341740&perks=1840239774,106909392,3038247973,4293542123
dimwishlist:item=3647341740&perks=1840239774,106909392,3038247973,657025441
dimwishlist:item=3647341740&perks=1840239774,106909392,3038247973,3640170453
dimwishlist:item=3647341740&perks=1840239774,106909392,3824105627,4293542123
dimwishlist:item=3647341740&perks=1840239774,106909392,3824105627,657025441
dimwishlist:item=3647341740&perks=1840239774,106909392,3824105627,3640170453
dimwishlist:item=3647341740&perks=1840239774,106909392,2890807135,4293542123
dimwishlist:item=3647341740&perks=1840239774,106909392,2890807135,657025441
dimwishlist:item=3647341740&perks=1840239774,106909392,2890807135,3640170453
dimwishlist:item=3647341740&perks=1840239774,1431678320,3038247973,4293542123
dimwishlist:item=3647341740&perks=1840239774,1431678320,3038247973,657025441
dimwishlist:item=3647341740&perks=1840239774,1431678320,3038247973,3640170453
dimwishlist:item=3647341740&perks=1840239774,1431678320,3824105627,4293542123
dimwishlist:item=3647341740&perks=1840239774,1431678320,3824105627,657025441
dimwishlist:item=3647341740&perks=1840239774,1431678320,3824105627,3640170453
dimwishlist:item=3647341740&perks=1840239774,1431678320,2890807135,4293542123
dimwishlist:item=3647341740&perks=1840239774,1431678320,2890807135,657025441
dimwishlist:item=3647341740&perks=1840239774,1431678320,2890807135,3640170453
dimwishlist:item=3647341740&perks=1840239774,3230963543,3038247973,4293542123
dimwishlist:item=3647341740&perks=1840239774,3230963543,3038247973,657025441
dimwishlist:item=3647341740&perks=1840239774,3230963543,3038247973,3640170453
dimwishlist:item=3647341740&perks=1840239774,3230963543,3824105627,4293542123
dimwishlist:item=3647341740&perks=1840239774,3230963543,3824105627,657025441
dimwishlist:item=3647341740&perks=1840239774,3230963543,3824105627,3640170453
dimwishlist:item=3647341740&perks=1840239774,3230963543,2890807135,4293542123
dimwishlist:item=3647341740&perks=1840239774,3230963543,2890807135,657025441
dimwishlist:item=3647341740&perks=1840239774,3230963543,2890807135,3640170453
dimwishlist:item=3647341740&perks=1840239774,1885400500,3038247973,4293542123
dimwishlist:item=3647341740&perks=1840239774,1885400500,3038247973,657025441
dimwishlist:item=3647341740&perks=1840239774,1885400500,3038247973,3640170453
dimwishlist:item=3647341740&perks=1840239774,1885400500,3824105627,4293542123
dimwishlist:item=3647341740&perks=1840239774,1885400500,3824105627,657025441
dimwishlist:item=3647341740&perks=1840239774,1885400500,3824105627,3640170453
dimwishlist:item=3647341740&perks=1840239774,1885400500,2890807135,4293542123
dimwishlist:item=3647341740&perks=1840239774,1885400500,2890807135,657025441
dimwishlist:item=3647341740&perks=1840239774,1885400500,2890807135,3640170453
dimwishlist:item=3647341740&perks=1840239774,679225683,3038247973,4293542123
dimwishlist:item=3647341740&perks=1840239774,679225683,3038247973,657025441
dimwishlist:item=3647341740&perks=1840239774,679225683,3038247973,3640170453
dimwishlist:item=3647341740&perks=1840239774,679225683,3824105627,4293542123
dimwishlist:item=3647341740&perks=1840239774,679225683,3824105627,657025441
dimwishlist:item=3647341740&perks=1840239774,679225683,3824105627,3640170453
dimwishlist:item=3647341740&perks=1840239774,679225683,2890807135,4293542123
dimwishlist:item=3647341740&perks=1840239774,679225683,2890807135,657025441
dimwishlist:item=3647341740&perks=1840239774,679225683,2890807135,3640170453
dimwishlist:item=3647341740&perks=1840239774,1968497646,3038247973,4293542123
dimwishlist:item=3647341740&perks=1840239774,1968497646,3038247973,657025441
dimwishlist:item=3647341740&perks=1840239774,1968497646,3038247973,3640170453
dimwishlist:item=3647341740&perks=1840239774,1968497646,3824105627,4293542123
dimwishlist:item=3647341740&perks=1840239774,1968497646,3824105627,657025441
dimwishlist:item=3647341740&perks=1840239774,1968497646,3824105627,3640170453
dimwishlist:item=3647341740&perks=1840239774,1968497646,2890807135,4293542123
dimwishlist:item=3647341740&perks=1840239774,1968497646,2890807135,657025441
dimwishlist:item=3647341740&perks=1840239774,1968497646,2890807135,3640170453
dimwishlist:item=3647341740&perks=1840239774,1561002382,3038247973,4293542123
dimwishlist:item=3647341740&perks=1840239774,1561002382,3038247973,657025441
dimwishlist:item=3647341740&perks=1840239774,1561002382,3038247973,3640170453
dimwishlist:item=3647341740&perks=1840239774,1561002382,3824105627,4293542123
dimwishlist:item=3647341740&perks=1840239774,1561002382,3824105627,657025441
dimwishlist:item=3647341740&perks=1840239774,1561002382,3824105627,3640170453
dimwishlist:item=3647341740&perks=1840239774,1561002382,2890807135,4293542123
dimwishlist:item=3647341740&perks=1840239774,1561002382,2890807135,657025441
dimwishlist:item=3647341740&perks=1840239774,1561002382,2890807135,3640170453
dimwishlist:item=3647341740&perks=3250034553,3142289711,3038247973,4293542123
dimwishlist:item=3647341740&perks=3250034553,3142289711,3038247973,657025441
dimwishlist:item=3647341740&perks=3250034553,3142289711,3038247973,3640170453
dimwishlist:item=3647341740&perks=3250034553,3142289711,3824105627,4293542123
dimwishlist:item=3647341740&perks=3250034553,3142289711,3824105627,657025441
dimwishlist:item=3647341740&perks=3250034553,3142289711,3824105627,3640170453
dimwishlist:item=3647341740&perks=3250034553,3142289711,2890807135,4293542123
dimwishlist:item=3647341740&perks=3250034553,3142289711,2890807135,657025441
dimwishlist:item=3647341740&perks=3250034553,3142289711,2890807135,3640170453
dimwishlist:item=3647341740&perks=3250034553,1087426260,3038247973,4293542123
dimwishlist:item=3647341740&perks=3250034553,1087426260,3038247973,657025441
dimwishlist:item=3647341740&perks=3250034553,1087426260,3038247973,3640170453
dimwishlist:item=3647341740&perks=3250034553,1087426260,3824105627,4293542123
dimwishlist:item=3647341740&perks=3250034553,1087426260,3824105627,657025441
dimwishlist:item=3647341740&perks=3250034553,1087426260,3824105627,3640170453
dimwishlist:item=3647341740&perks=3250034553,1087426260,2890807135,4293542123
dimwishlist:item=3647341740&perks=3250034553,1087426260,2890807135,657025441
dimwishlist:item=3647341740&perks=3250034553,1087426260,2890807135,3640170453
dimwishlist:item=3647341740&perks=3250034553,106909392,3038247973,4293542123
dimwishlist:item=3647341740&perks=3250034553,106909392,3038247973,657025441
dimwishlist:item=3647341740&perks=3250034553,106909392,3038247973,3640170453
dimwishlist:item=3647341740&perks=3250034553,106909392,3824105627,4293542123
dimwishlist:item=3647341740&perks=3250034553,106909392,3824105627,657025441
dimwishlist:item=3647341740&perks=3250034553,106909392,3824105627,3640170453
dimwishlist:item=3647341740&perks=3250034553,106909392,2890807135,4293542123
dimwishlist:item=3647341740&perks=3250034553,106909392,2890807135,657025441
dimwishlist:item=3647341740&perks=3250034553,106909392,2890807135,3640170453
dimwishlist:item=3647341740&perks=3250034553,1431678320,3038247973,4293542123
dimwishlist:item=3647341740&perks=3250034553,1431678320,3038247973,657025441
dimwishlist:item=3647341740&perks=3250034553,1431678320,3038247973,3640170453
dimwishlist:item=3647341740&perks=3250034553,1431678320,3824105627,4293542123
dimwishlist:item=3647341740&perks=3250034553,1431678320,3824105627,657025441
dimwishlist:item=3647341740&perks=3250034553,1431678320,3824105627,3640170453
dimwishlist:item=3647341740&perks=3250034553,1431678320,2890807135,4293542123
dimwishlist:item=3647341740&perks=3250034553,1431678320,2890807135,657025441
dimwishlist:item=3647341740&perks=3250034553,1431678320,2890807135,3640170453
dimwishlist:item=3647341740&perks=3250034553,3230963543,3038247973,4293542123
dimwishlist:item=3647341740&perks=3250034553,3230963543,3038247973,657025441
dimwishlist:item=3647341740&perks=3250034553,3230963543,3038247973,3640170453
dimwishlist:item=3647341740&perks=3250034553,3230963543,3824105627,4293542123
dimwishlist:item=3647341740&perks=3250034553,3230963543,3824105627,657025441
dimwishlist:item=3647341740&perks=3250034553,3230963543,3824105627,3640170453
dimwishlist:item=3647341740&perks=3250034553,3230963543,2890807135,4293542123
dimwishlist:item=3647341740&perks=3250034553,3230963543,2890807135,657025441
dimwishlist:item=3647341740&perks=3250034553,3230963543,2890807135,3640170453
dimwishlist:item=3647341740&perks=3250034553,1885400500,3038247973,4293542123
dimwishlist:item=3647341740&perks=3250034553,1885400500,3038247973,657025441
dimwishlist:item=3647341740&perks=3250034553,1885400500,3038247973,3640170453
dimwishlist:item=3647341740&perks=3250034553,1885400500,3824105627,4293542123
dimwishlist:item=3647341740&perks=3250034553,1885400500,3824105627,657025441
dimwishlist:item=3647341740&perks=3250034553,1885400500,3824105627,3640170453
dimwishlist:item=3647341740&perks=3250034553,1885400500,2890807135,4293542123
dimwishlist:item=3647341740&perks=3250034553,1885400500,2890807135,657025441
dimwishlist:item=3647341740&perks=3250034553,1885400500,2890807135,3640170453
dimwishlist:item=3647341740&perks=3250034553,679225683,3038247973,4293542123
dimwishlist:item=3647341740&perks=3250034553,679225683,3038247973,657025441
dimwishlist:item=3647341740&perks=3250034553,679225683,3038247973,3640170453
dimwishlist:item=3647341740&perks=3250034553,679225683,3824105627,4293542123
dimwishlist:item=3647341740&perks=3250034553,679225683,3824105627,657025441
dimwishlist:item=3647341740&perks=3250034553,679225683,3824105627,3640170453
dimwishlist:item=3647341740&perks=3250034553,679225683,2890807135,4293542123
dimwishlist:item=3647341740&perks=3250034553,679225683,2890807135,657025441
dimwishlist:item=3647341740&perks=3250034553,679225683,2890807135,3640170453
dimwishlist:item=3647341740&perks=3250034553,1968497646,3038247973,4293542123
dimwishlist:item=3647341740&perks=3250034553,1968497646,3038247973,657025441
dimwishlist:item=3647341740&perks=3250034553,1968497646,3038247973,3640170453
dimwishlist:item=3647341740&perks=3250034553,1968497646,3824105627,4293542123
dimwishlist:item=3647341740&perks=3250034553,1968497646,3824105627,657025441
dimwishlist:item=3647341740&perks=3250034553,1968497646,3824105627,3640170453
dimwishlist:item=3647341740&perks=3250034553,1968497646,2890807135,4293542123
dimwishlist:item=3647341740&perks=3250034553,1968497646,2890807135,657025441
dimwishlist:item=3647341740&perks=3250034553,1968497646,2890807135,3640170453
dimwishlist:item=3647341740&perks=3250034553,1561002382,3038247973,4293542123
dimwishlist:item=3647341740&perks=3250034553,1561002382,3038247973,657025441
dimwishlist:item=3647341740&perks=3250034553,1561002382,3038247973,3640170453
dimwishlist:item=3647341740&perks=3250034553,1561002382,3824105627,4293542123
dimwishlist:item=3647341740&perks=3250034553,1561002382,3824105627,657025441
dimwishlist:item=3647341740&perks=3250034553,1561002382,3824105627,3640170453
dimwishlist:item=3647341740&perks=3250034553,1561002382,2890807135,4293542123
dimwishlist:item=3647341740&perks=3250034553,1561002382,2890807135,657025441
dimwishlist:item=3647341740&perks=3250034553,1561002382,2890807135,3640170453
dimwishlist:item=3647341740&perks=1392496348,3142289711,3038247973,4293542123
dimwishlist:item=3647341740&perks=1392496348,3142289711,3038247973,657025441
dimwishlist:item=3647341740&perks=1392496348,3142289711,3038247973,3640170453
dimwishlist:item=3647341740&perks=1392496348,3142289711,3824105627,4293542123
dimwishlist:item=3647341740&perks=1392496348,3142289711,3824105627,657025441
dimwishlist:item=3647341740&perks=1392496348,3142289711,3824105627,3640170453
dimwishlist:item=3647341740&perks=1392496348,3142289711,2890807135,4293542123
dimwishlist:item=3647341740&perks=1392496348,3142289711,2890807135,657025441
dimwishlist:item=3647341740&perks=1392496348,3142289711,2890807135,3640170453
dimwishlist:item=3647341740&perks=1392496348,1087426260,3038247973,4293542123
dimwishlist:item=3647341740&perks=1392496348,1087426260,3038247973,657025441
dimwishlist:item=3647341740&perks=1392496348,1087426260,3038247973,3640170453
dimwishlist:item=3647341740&perks=1392496348,1087426260,3824105627,4293542123
dimwishlist:item=3647341740&perks=1392496348,1087426260,3824105627,657025441
dimwishlist:item=3647341740&perks=1392496348,1087426260,3824105627,3640170453
dimwishlist:item=3647341740&perks=1392496348,1087426260,2890807135,4293542123
dimwishlist:item=3647341740&perks=1392496348,1087426260,2890807135,657025441
dimwishlist:item=3647341740&perks=1392496348,1087426260,2890807135,3640170453
dimwishlist:item=3647341740&perks=1392496348,106909392,3038247973,4293542123
dimwishlist:item=3647341740&perks=1392496348,106909392,3038247973,657025441
dimwishlist:item=3647341740&perks=1392496348,106909392,3038247973,3640170453
dimwishlist:item=3647341740&perks=1392496348,106909392,3824105627,4293542123
dimwishlist:item=3647341740&perks=1392496348,106909392,3824105627,657025441
dimwishlist:item=3647341740&perks=1392496348,106909392,3824105627,3640170453
dimwishlist:item=3647341740&perks=1392496348,106909392,2890807135,4293542123
dimwishlist:item=3647341740&perks=1392496348,106909392,2890807135,657025441
dimwishlist:item=3647341740&perks=1392496348,106909392,2890807135,3640170453
dimwishlist:item=3647341740&perks=1392496348,1431678320,3038247973,4293542123
dimwishlist:item=3647341740&perks=1392496348,1431678320,3038247973,657025441
dimwishlist:item=3647341740&perks=1392496348,1431678320,3038247973,3640170453
dimwishlist:item=3647341740&perks=1392496348,1431678320,3824105627,4293542123
dimwishlist:item=3647341740&perks=1392496348,1431678320,3824105627,657025441
dimwishlist:item=3647341740&perks=1392496348,1431678320,3824105627,3640170453
dimwishlist:item=3647341740&perks=1392496348,1431678320,2890807135,4293542123
dimwishlist:item=3647341740&perks=1392496348,1431678320,2890807135,657025441
dimwishlist:item=3647341740&perks=1392496348,1431678320,2890807135,3640170453
dimwishlist:item=3647341740&perks=1392496348,3230963543,3038247973,4293542123
dimwishlist:item=3647341740&perks=1392496348,3230963543,3038247973,657025441
dimwishlist:item=3647341740&perks=1392496348,3230963543,3038247973,3640170453
dimwishlist:item=3647341740&perks=1392496348,3230963543,3824105627,4293542123
dimwishlist:item=3647341740&perks=1392496348,3230963543,3824105627,657025441
dimwishlist:item=3647341740&perks=1392496348,3230963543,3824105627,3640170453
dimwishlist:item=3647341740&perks=1392496348,3230963543,2890807135,4293542123
dimwishlist:item=3647341740&perks=1392496348,3230963543,2890807135,657025441
dimwishlist:item=3647341740&perks=1392496348,3230963543,2890807135,3640170453
dimwishlist:item=3647341740&perks=1392496348,1885400500,3038247973,4293542123
dimwishlist:item=3647341740&perks=1392496348,1885400500,3038247973,657025441
dimwishlist:item=3647341740&perks=1392496348,1885400500,3038247973,3640170453
dimwishlist:item=3647341740&perks=1392496348,1885400500,3824105627,4293542123
dimwishlist:item=3647341740&perks=1392496348,1885400500,3824105627,657025441
dimwishlist:item=3647341740&perks=1392496348,1885400500,3824105627,3640170453
dimwishlist:item=3647341740&perks=1392496348,1885400500,2890807135,4293542123
dimwishlist:item=3647341740&perks=1392496348,1885400500,2890807135,657025441
dimwishlist:item=3647341740&perks=1392496348,1885400500,2890807135,3640170453
dimwishlist:item=3647341740&perks=1392496348,679225683,3038247973,4293542123
dimwishlist:item=3647341740&perks=1392496348,679225683,3038247973,657025441
dimwishlist:item=3647341740&perks=1392496348,679225683,3038247973,3640170453
dimwishlist:item=3647341740&perks=1392496348,679225683,3824105627,4293542123
dimwishlist:item=3647341740&perks=1392496348,679225683,3824105627,657025441
dimwishlist:item=3647341740&perks=1392496348,679225683,3824105627,3640170453
dimwishlist:item=3647341740&perks=1392496348,679225683,2890807135,4293542123
dimwishlist:item=3647341740&perks=1392496348,679225683,2890807135,657025441
dimwishlist:item=3647341740&perks=1392496348,679225683,2890807135,3640170453
dimwishlist:item=3647341740&perks=1392496348,1968497646,3038247973,4293542123
dimwishlist:item=3647341740&perks=1392496348,1968497646,3038247973,657025441
dimwishlist:item=3647341740&perks=1392496348,1968497646,3038247973,3640170453
dimwishlist:item=3647341740&perks=1392496348,1968497646,3824105627,4293542123
dimwishlist:item=3647341740&perks=1392496348,1968497646,3824105627,657025441
dimwishlist:item=3647341740&perks=1392496348,1968497646,3824105627,3640170453
dimwishlist:item=3647341740&perks=1392496348,1968497646,2890807135,4293542123
dimwishlist:item=3647341740&perks=1392496348,1968497646,2890807135,657025441
dimwishlist:item=3647341740&perks=1392496348,1968497646,2890807135,3640170453
dimwishlist:item=3647341740&perks=1392496348,1561002382,3038247973,4293542123
dimwishlist:item=3647341740&perks=1392496348,1561002382,3038247973,657025441
dimwishlist:item=3647341740&perks=1392496348,1561002382,3038247973,3640170453
dimwishlist:item=3647341740&perks=1392496348,1561002382,3824105627,4293542123
dimwishlist:item=3647341740&perks=1392496348,1561002382,3824105627,657025441
dimwishlist:item=3647341740&perks=1392496348,1561002382,3824105627,3640170453
dimwishlist:item=3647341740&perks=1392496348,1561002382,2890807135,4293542123
dimwishlist:item=3647341740&perks=1392496348,1561002382,2890807135,657025441
dimwishlist:item=3647341740&perks=1392496348,1561002382,2890807135,3640170453
dimwishlist:item=3647341740&perks=1482024992,3142289711,3038247973,4293542123
dimwishlist:item=3647341740&perks=1482024992,3142289711,3038247973,657025441
dimwishlist:item=3647341740&perks=1482024992,3142289711,3038247973,3640170453
dimwishlist:item=3647341740&perks=1482024992,3142289711,3824105627,4293542123
dimwishlist:item=3647341740&perks=1482024992,3142289711,3824105627,657025441
dimwishlist:item=3647341740&perks=1482024992,3142289711,3824105627,3640170453
dimwishlist:item=3647341740&perks=1482024992,3142289711,2890807135,4293542123
dimwishlist:item=3647341740&perks=1482024992,3142289711,2890807135,657025441
dimwishlist:item=3647341740&perks=1482024992,3142289711,2890807135,3640170453
dimwishlist:item=3647341740&perks=1482024992,1087426260,3038247973,4293542123
dimwishlist:item=3647341740&perks=1482024992,1087426260,3038247973,657025441
dimwishlist:item=3647341740&perks=1482024992,1087426260,3038247973,3640170453
dimwishlist:item=3647341740&perks=1482024992,1087426260,3824105627,4293542123
dimwishlist:item=3647341740&perks=1482024992,1087426260,3824105627,657025441
dimwishlist:item=3647341740&perks=1482024992,1087426260,3824105627,3640170453
dimwishlist:item=3647341740&perks=1482024992,1087426260,2890807135,4293542123
dimwishlist:item=3647341740&perks=1482024992,1087426260,2890807135,657025441
dimwishlist:item=3647341740&perks=1482024992,1087426260,2890807135,3640170453
dimwishlist:item=3647341740&perks=1482024992,106909392,3038247973,4293542123
dimwishlist:item=3647341740&perks=1482024992,106909392,3038247973,657025441
dimwishlist:item=3647341740&perks=1482024992,106909392,3038247973,3640170453
dimwishlist:item=3647341740&perks=1482024992,106909392,3824105627,4293542123
dimwishlist:item=3647341740&perks=1482024992,106909392,3824105627,657025441
dimwishlist:item=3647341740&perks=1482024992,106909392,3824105627,3640170453
dimwishlist:item=3647341740&perks=1482024992,106909392,2890807135,4293542123
dimwishlist:item=3647341740&perks=1482024992,106909392,2890807135,657025441
dimwishlist:item=3647341740&perks=1482024992,106909392,2890807135,3640170453
dimwishlist:item=3647341740&perks=1482024992,1431678320,3038247973,4293542123
dimwishlist:item=3647341740&perks=1482024992,1431678320,3038247973,657025441
dimwishlist:item=3647341740&perks=1482024992,1431678320,3038247973,3640170453
dimwishlist:item=3647341740&perks=1482024992,1431678320,3824105627,4293542123
dimwishlist:item=3647341740&perks=1482024992,1431678320,3824105627,657025441
dimwishlist:item=3647341740&perks=1482024992,1431678320,3824105627,3640170453
dimwishlist:item=3647341740&perks=1482024992,1431678320,2890807135,4293542123
dimwishlist:item=3647341740&perks=1482024992,1431678320,2890807135,657025441
dimwishlist:item=3647341740&perks=1482024992,1431678320,2890807135,3640170453
dimwishlist:item=3647341740&perks=1482024992,3230963543,3038247973,4293542123
dimwishlist:item=3647341740&perks=1482024992,3230963543,3038247973,657025441
dimwishlist:item=3647341740&perks=1482024992,3230963543,3038247973,3640170453
dimwishlist:item=3647341740&perks=1482024992,3230963543,3824105627,4293542123
dimwishlist:item=3647341740&perks=1482024992,3230963543,3824105627,657025441
dimwishlist:item=3647341740&perks=1482024992,3230963543,3824105627,3640170453
dimwishlist:item=3647341740&perks=1482024992,3230963543,2890807135,4293542123
dimwishlist:item=3647341740&perks=1482024992,3230963543,2890807135,657025441
dimwishlist:item=3647341740&perks=1482024992,3230963543,2890807135,3640170453
dimwishlist:item=3647341740&perks=1482024992,1885400500,3038247973,4293542123
dimwishlist:item=3647341740&perks=1482024992,1885400500,3038247973,657025441
dimwishlist:item=3647341740&perks=1482024992,1885400500,3038247973,3640170453
dimwishlist:item=3647341740&perks=1482024992,1885400500,3824105627,4293542123
dimwishlist:item=3647341740&perks=1482024992,1885400500,3824105627,657025441
dimwishlist:item=3647341740&perks=1482024992,1885400500,3824105627,3640170453
dimwishlist:item=3647341740&perks=1482024992,1885400500,2890807135,4293542123
dimwishlist:item=3647341740&perks=1482024992,1885400500,2890807135,657025441
dimwishlist:item=3647341740&perks=1482024992,1885400500,2890807135,3640170453
dimwishlist:item=3647341740&perks=1482024992,679225683,3038247973,4293542123
dimwishlist:item=3647341740&perks=1482024992,679225683,3038247973,657025441
dimwishlist:item=3647341740&perks=1482024992,679225683,3038247973,3640170453
dimwishlist:item=3647341740&perks=1482024992,679225683,3824105627,4293542123
dimwishlist:item=3647341740&perks=1482024992,679225683,3824105627,657025441
dimwishlist:item=3647341740&perks=1482024992,679225683,3824105627,3640170453
dimwishlist:item=3647341740&perks=1482024992,679225683,2890807135,4293542123
dimwishlist:item=3647341740&perks=1482024992,679225683,2890807135,657025441
dimwishlist:item=3647341740&perks=1482024992,679225683,2890807135,3640170453
dimwishlist:item=3647341740&perks=1482024992,1968497646,3038247973,4293542123
dimwishlist:item=3647341740&perks=1482024992,1968497646,3038247973,657025441
dimwishlist:item=3647341740&perks=1482024992,1968497646,3038247973,3640170453
dimwishlist:item=3647341740&perks=1482024992,1968497646,3824105627,4293542123
dimwishlist:item=3647341740&perks=1482024992,1968497646,3824105627,657025441
dimwishlist:item=3647341740&perks=1482024992,1968497646,3824105627,3640170453
dimwishlist:item=3647341740&perks=1482024992,1968497646,2890807135,4293542123
dimwishlist:item=3647341740&perks=1482024992,1968497646,2890807135,657025441
dimwishlist:item=3647341740&perks=1482024992,1968497646,2890807135,3640170453
dimwishlist:item=3647341740&perks=1482024992,1561002382,3038247973,4293542123
dimwishlist:item=3647341740&perks=1482024992,1561002382,3038247973,657025441
dimwishlist:item=3647341740&perks=1482024992,1561002382,3038247973,3640170453
dimwishlist:item=3647341740&perks=1482024992,1561002382,3824105627,4293542123
dimwishlist:item=3647341740&perks=1482024992,1561002382,3824105627,657025441
dimwishlist:item=3647341740&perks=1482024992,1561002382,3824105627,3640170453
dimwishlist:item=3647341740&perks=1482024992,1561002382,2890807135,4293542123
dimwishlist:item=3647341740&perks=1482024992,1561002382,2890807135,657025441
dimwishlist:item=3647341740&perks=1482024992,1561002382,2890807135,3640170453


// Bane of Sorrow (god-pve)
//notes: tags:god-pve
dimwishlist:item=3779290676&perks=839105230,1431678320,2048641572,2305480722
dimwishlist:item=3779290676&perks=839105230,1431678320,2048641572,557221067
dimwishlist:item=3779290676&perks=839105230,1431678320,2048641572,657025441
dimwishlist:item=3779290676&perks=839105230,1431678320,1464081238,2305480722
dimwishlist:item=3779290676&perks=839105230,1431678320,1464081238,557221067
dimwishlist:item=3779290676&perks=839105230,1431678320,1464081238,657025441
dimwishlist:item=3779290676&perks=839105230,1431678320,3182497402,2305480722
dimwishlist:item=3779290676&perks=839105230,1431678320,3182497402,557221067
dimwishlist:item=3779290676&perks=839105230,1431678320,3182497402,657025441
dimwishlist:item=3779290676&perks=839105230,1087426260,2048641572,2305480722
dimwishlist:item=3779290676&perks=839105230,1087426260,2048641572,557221067
dimwishlist:item=3779290676&perks=839105230,1087426260,2048641572,657025441
dimwishlist:item=3779290676&perks=839105230,1087426260,1464081238,2305480722
dimwishlist:item=3779290676&perks=839105230,1087426260,1464081238,557221067
dimwishlist:item=3779290676&perks=839105230,1087426260,1464081238,657025441
dimwishlist:item=3779290676&perks=839105230,1087426260,3182497402,2305480722
dimwishlist:item=3779290676&perks=839105230,1087426260,3182497402,557221067
dimwishlist:item=3779290676&perks=839105230,1087426260,3182497402,657025441
dimwishlist:item=3779290676&perks=839105230,1561002382,2048641572,2305480722
dimwishlist:item=3779290676&perks=839105230,1561002382,2048641572,557221067
dimwishlist:item=3779290676&perks=839105230,1561002382,2048641572,657025441
dimwishlist:item=3779290676&perks=839105230,1561002382,1464081238,2305480722
dimwishlist:item=3779290676&perks=839105230,1561002382,1464081238,557221067
dimwishlist:item=3779290676&perks=839105230,1561002382,1464081238,657025441
dimwishlist:item=3779290676&perks=839105230,1561002382,3182497402,2305480722
dimwishlist:item=3779290676&perks=839105230,1561002382,3182497402,557221067
dimwishlist:item=3779290676&perks=839105230,1561002382,3182497402,657025441
dimwishlist:item=3779290676&perks=839105230,3230963543,2048641572,2305480722
dimwishlist:item=3779290676&perks=839105230,3230963543,2048641572,557221067
dimwishlist:item=3779290676&perks=839105230,3230963543,2048641572,657025441
dimwishlist:item=3779290676&perks=839105230,3230963543,1464081238,2305480722
dimwishlist:item=3779290676&perks=839105230,3230963543,1464081238,557221067
dimwishlist:item=3779290676&perks=839105230,3230963543,1464081238,657025441
dimwishlist:item=3779290676&perks=839105230,3230963543,3182497402,2305480722
dimwishlist:item=3779290676&perks=839105230,3230963543,3182497402,557221067
dimwishlist:item=3779290676&perks=839105230,3230963543,3182497402,657025441
dimwishlist:item=3779290676&perks=839105230,679225683,2048641572,2305480722
dimwishlist:item=3779290676&perks=839105230,679225683,2048641572,557221067
dimwishlist:item=3779290676&perks=839105230,679225683,2048641572,657025441
dimwishlist:item=3779290676&perks=839105230,679225683,1464081238,2305480722
dimwishlist:item=3779290676&perks=839105230,679225683,1464081238,557221067
dimwishlist:item=3779290676&perks=839105230,679225683,1464081238,657025441
dimwishlist:item=3779290676&perks=839105230,679225683,3182497402,2305480722
dimwishlist:item=3779290676&perks=839105230,679225683,3182497402,557221067
dimwishlist:item=3779290676&perks=839105230,679225683,3182497402,657025441
dimwishlist:item=3779290676&perks=839105230,106909392,2048641572,2305480722
dimwishlist:item=3779290676&perks=839105230,106909392,2048641572,557221067
dimwishlist:item=3779290676&perks=839105230,106909392,2048641572,657025441
dimwishlist:item=3779290676&perks=839105230,106909392,1464081238,2305480722
dimwishlist:item=3779290676&perks=839105230,106909392,1464081238,557221067
dimwishlist:item=3779290676&perks=839105230,106909392,1464081238,657025441
dimwishlist:item=3779290676&perks=839105230,106909392,3182497402,2305480722
dimwishlist:item=3779290676&perks=839105230,106909392,3182497402,557221067
dimwishlist:item=3779290676&perks=839105230,106909392,3182497402,657025441
dimwishlist:item=3779290676&perks=4090651448,1431678320,2048641572,2305480722
dimwishlist:item=3779290676&perks=4090651448,1431678320,2048641572,557221067
dimwishlist:item=3779290676&perks=4090651448,1431678320,2048641572,657025441
dimwishlist:item=3779290676&perks=4090651448,1431678320,1464081238,2305480722
dimwishlist:item=3779290676&perks=4090651448,1431678320,1464081238,557221067
dimwishlist:item=3779290676&perks=4090651448,1431678320,1464081238,657025441
dimwishlist:item=3779290676&perks=4090651448,1431678320,3182497402,2305480722
dimwishlist:item=3779290676&perks=4090651448,1431678320,3182497402,557221067
dimwishlist:item=3779290676&perks=4090651448,1431678320,3182497402,657025441
dimwishlist:item=3779290676&perks=4090651448,1087426260,2048641572,2305480722
dimwishlist:item=3779290676&perks=4090651448,1087426260,2048641572,557221067
dimwishlist:item=3779290676&perks=4090651448,1087426260,2048641572,657025441
dimwishlist:item=3779290676&perks=4090651448,1087426260,1464081238,2305480722
dimwishlist:item=3779290676&perks=4090651448,1087426260,1464081238,557221067
dimwishlist:item=3779290676&perks=4090651448,1087426260,1464081238,657025441
dimwishlist:item=3779290676&perks=4090651448,1087426260,3182497402,2305480722
dimwishlist:item=3779290676&perks=4090651448,1087426260,3182497402,557221067
dimwishlist:item=3779290676&perks=4090651448,1087426260,3182497402,657025441
dimwishlist:item=3779290676&perks=4090651448,1561002382,2048641572,2305480722
dimwishlist:item=3779290676&perks=4090651448,1561002382,2048641572,557221067
dimwishlist:item=3779290676&perks=4090651448,1561002382,2048641572,657025441
dimwishlist:item=3779290676&perks=4090651448,1561002382,1464081238,2305480722
dimwishlist:item=3779290676&perks=4090651448,1561002382,1464081238,557221067
dimwishlist:item=3779290676&perks=4090651448,1561002382,1464081238,657025441
dimwishlist:item=3779290676&perks=4090651448,1561002382,3182497402,2305480722
dimwishlist:item=3779290676&perks=4090651448,1561002382,3182497402,557221067
dimwishlist:item=3779290676&perks=4090651448,1561002382,3182497402,657025441
dimwishlist:item=3779290676&perks=4090651448,3230963543,2048641572,2305480722
dimwishlist:item=3779290676&perks=4090651448,3230963543,2048641572,557221067
dimwishlist:item=3779290676&perks=4090651448,3230963543,2048641572,657025441
dimwishlist:item=3779290676&perks=4090651448,3230963543,1464081238,2305480722
dimwishlist:item=3779290676&perks=4090651448,3230963543,1464081238,557221067
dimwishlist:item=3779290676&perks=4090651448,3230963543,1464081238,657025441
dimwishlist:item=3779290676&perks=4090651448,3230963543,3182497402,2305480722
dimwishlist:item=3779290676&perks=4090651448,3230963543,3182497402,557221067
dimwishlist:item=3779290676&perks=4090651448,3230963543,3182497402,657025441
dimwishlist:item=3779290676&perks=4090651448,679225683,2048641572,2305480722
dimwishlist:item=3779290676&perks=4090651448,679225683,2048641572,557221067
dimwishlist:item=3779290676&perks=4090651448,679225683,2048641572,657025441
dimwishlist:item=3779290676&perks=4090651448,679225683,1464081238,2305480722
dimwishlist:item=3779290676&perks=4090651448,679225683,1464081238,557221067
dimwishlist:item=3779290676&perks=4090651448,679225683,1464081238,657025441
dimwishlist:item=3779290676&perks=4090651448,679225683,3182497402,2305480722
dimwishlist:item=3779290676&perks=4090651448,679225683,3182497402,557221067
dimwishlist:item=3779290676&perks=4090651448,679225683,3182497402,657025441
dimwishlist:item=3779290676&perks=4090651448,106909392,2048641572,2305480722
dimwishlist:item=3779290676&perks=4090651448,106909392,2048641572,557221067
dimwishlist:item=3779290676&perks=4090651448,106909392,2048641572,657025441
dimwishlist:item=3779290676&perks=4090651448,106909392,1464081238,2305480722
dimwishlist:item=3779290676&perks=4090651448,106909392,1464081238,557221067
dimwishlist:item=3779290676&perks=4090651448,106909392,1464081238,657025441
dimwishlist:item=3779290676&perks=4090651448,106909392,3182497402,2305480722
dimwishlist:item=3779290676&perks=4090651448,106909392,3182497402,557221067
dimwishlist:item=3779290676&perks=4090651448,106909392,3182497402,657025441
dimwishlist:item=3779290676&perks=1840239774,1431678320,2048641572,2305480722
dimwishlist:item=3779290676&perks=1840239774,1431678320,2048641572,557221067
dimwishlist:item=3779290676&perks=1840239774,1431678320,2048641572,657025441
dimwishlist:item=3779290676&perks=1840239774,1431678320,1464081238,2305480722
dimwishlist:item=3779290676&perks=1840239774,1431678320,1464081238,557221067
dimwishlist:item=3779290676&perks=1840239774,1431678320,1464081238,657025441
dimwishlist:item=3779290676&perks=1840239774,1431678320,3182497402,2305480722
dimwishlist:item=3779290676&perks=1840239774,1431678320,3182497402,557221067
dimwishlist:item=3779290676&perks=1840239774,1431678320,3182497402,657025441
dimwishlist:item=3779290676&perks=1840239774,1087426260,2048641572,2305480722
dimwishlist:item=3779290676&perks=1840239774,1087426260,2048641572,557221067
dimwishlist:item=3779290676&perks=1840239774,1087426260,2048641572,657025441
dimwishlist:item=3779290676&perks=1840239774,1087426260,1464081238,2305480722
dimwishlist:item=3779290676&perks=1840239774,1087426260,1464081238,557221067
dimwishlist:item=3779290676&perks=1840239774,1087426260,1464081238,657025441
dimwishlist:item=3779290676&perks=1840239774,1087426260,3182497402,2305480722
dimwishlist:item=3779290676&perks=1840239774,1087426260,3182497402,557221067
dimwishlist:item=3779290676&perks=1840239774,1087426260,3182497402,657025441
dimwishlist:item=3779290676&perks=1840239774,1561002382,2048641572,2305480722
dimwishlist:item=3779290676&perks=1840239774,1561002382,2048641572,557221067
dimwishlist:item=3779290676&perks=1840239774,1561002382,2048641572,657025441
dimwishlist:item=3779290676&perks=1840239774,1561002382,1464081238,2305480722
dimwishlist:item=3779290676&perks=1840239774,1561002382,1464081238,557221067
dimwishlist:item=3779290676&perks=1840239774,1561002382,1464081238,657025441
dimwishlist:item=3779290676&perks=1840239774,1561002382,3182497402,2305480722
dimwishlist:item=3779290676&perks=1840239774,1561002382,3182497402,557221067
dimwishlist:item=3779290676&perks=1840239774,1561002382,3182497402,657025441
dimwishlist:item=3779290676&perks=1840239774,3230963543,2048641572,2305480722
dimwishlist:item=3779290676&perks=1840239774,3230963543,2048641572,557221067
dimwishlist:item=3779290676&perks=1840239774,3230963543,2048641572,657025441
dimwishlist:item=3779290676&perks=1840239774,3230963543,1464081238,2305480722
dimwishlist:item=3779290676&perks=1840239774,3230963543,1464081238,557221067
dimwishlist:item=3779290676&perks=1840239774,3230963543,1464081238,657025441
dimwishlist:item=3779290676&perks=1840239774,3230963543,3182497402,2305480722
dimwishlist:item=3779290676&perks=1840239774,3230963543,3182497402,557221067
dimwishlist:item=3779290676&perks=1840239774,3230963543,3182497402,657025441
dimwishlist:item=3779290676&perks=1840239774,679225683,2048641572,2305480722
dimwishlist:item=3779290676&perks=1840239774,679225683,2048641572,557221067
dimwishlist:item=3779290676&perks=1840239774,679225683,2048641572,657025441
dimwishlist:item=3779290676&perks=1840239774,679225683,1464081238,2305480722
dimwishlist:item=3779290676&perks=1840239774,679225683,1464081238,557221067
dimwishlist:item=3779290676&perks=1840239774,679225683,1464081238,657025441
dimwishlist:item=3779290676&perks=1840239774,679225683,3182497402,2305480722
dimwishlist:item=3779290676&perks=1840239774,679225683,3182497402,557221067
dimwishlist:item=3779290676&perks=1840239774,679225683,3182497402,657025441
dimwishlist:item=3779290676&perks=1840239774,106909392,2048641572,2305480722
dimwishlist:item=3779290676&perks=1840239774,106909392,2048641572,557221067
dimwishlist:item=3779290676&perks=1840239774,106909392,2048641572,657025441
dimwishlist:item=3779290676&perks=1840239774,106909392,1464081238,2305480722
dimwishlist:item=3779290676&perks=1840239774,106909392,1464081238,557221067
dimwishlist:item=3779290676&perks=1840239774,106909392,1464081238,657025441
dimwishlist:item=3779290676&perks=1840239774,106909392,3182497402,2305480722
dimwishlist:item=3779290676&perks=1840239774,106909392,3182497402,557221067
dimwishlist:item=3779290676&perks=1840239774,106909392,3182497402,657025441
dimwishlist:item=3779290676&perks=3250034553,1431678320,2048641572,2305480722
dimwishlist:item=3779290676&perks=3250034553,1431678320,2048641572,557221067
dimwishlist:item=3779290676&perks=3250034553,1431678320,2048641572,657025441
dimwishlist:item=3779290676&perks=3250034553,1431678320,1464081238,2305480722
dimwishlist:item=3779290676&perks=3250034553,1431678320,1464081238,557221067
dimwishlist:item=3779290676&perks=3250034553,1431678320,1464081238,657025441
dimwishlist:item=3779290676&perks=3250034553,1431678320,3182497402,2305480722
dimwishlist:item=3779290676&perks=3250034553,1431678320,3182497402,557221067
dimwishlist:item=3779290676&perks=3250034553,1431678320,3182497402,657025441
dimwishlist:item=3779290676&perks=3250034553,1087426260,2048641572,2305480722
dimwishlist:item=3779290676&perks=3250034553,1087426260,2048641572,557221067
dimwishlist:item=3779290676&perks=3250034553,1087426260,2048641572,657025441
dimwishlist:item=3779290676&perks=3250034553,1087426260,1464081238,2305480722
dimwishlist:item=3779290676&perks=3250034553,1087426260,1464081238,557221067
dimwishlist:item=3779290676&perks=3250034553,1087426260,1464081238,657025441
dimwishlist:item=3779290676&perks=3250034553,1087426260,3182497402,2305480722
dimwishlist:item=3779290676&perks=3250034553,1087426260,3182497402,557221067
dimwishlist:item=3779290676&perks=3250034553,1087426260,3182497402,657025441
dimwishlist:item=3779290676&perks=3250034553,1561002382,2048641572,2305480722
dimwishlist:item=3779290676&perks=3250034553,1561002382,2048641572,557221067
dimwishlist:item=3779290676&perks=3250034553,1561002382,2048641572,657025441
dimwishlist:item=3779290676&perks=3250034553,1561002382,1464081238,2305480722
dimwishlist:item=3779290676&perks=3250034553,1561002382,1464081238,557221067
dimwishlist:item=3779290676&perks=3250034553,1561002382,1464081238,657025441
dimwishlist:item=3779290676&perks=3250034553,1561002382,3182497402,2305480722
dimwishlist:item=3779290676&perks=3250034553,1561002382,3182497402,557221067
dimwishlist:item=3779290676&perks=3250034553,1561002382,3182497402,657025441
dimwishlist:item=3779290676&perks=3250034553,3230963543,2048641572,2305480722
dimwishlist:item=3779290676&perks=3250034553,3230963543,2048641572,557221067
dimwishlist:item=3779290676&perks=3250034553,3230963543,2048641572,657025441
dimwishlist:item=3779290676&perks=3250034553,3230963543,1464081238,2305480722
dimwishlist:item=3779290676&perks=3250034553,3230963543,1464081238,557221067
dimwishlist:item=3779290676&perks=3250034553,3230963543,1464081238,657025441
dimwishlist:item=3779290676&perks=3250034553,3230963543,3182497402,2305480722
dimwishlist:item=3779290676&perks=3250034553,3230963543,3182497402,557221067
dimwishlist:item=3779290676&perks=3250034553,3230963543,3182497402,657025441
dimwishlist:item=3779290676&perks=3250034553,679225683,2048641572,2305480722
dimwishlist:item=3779290676&perks=3250034553,679225683,2048641572,557221067
dimwishlist:item=3779290676&perks=3250034553,679225683,2048641572,657025441
dimwishlist:item=3779290676&perks=3250034553,679225683,1464081238,2305480722
dimwishlist:item=3779290676&perks=3250034553,679225683,1464081238,557221067
dimwishlist:item=3779290676&perks=3250034553,679225683,1464081238,657025441
dimwishlist:item=3779290676&perks=3250034553,679225683,3182497402,2305480722
dimwishlist:item=3779290676&perks=3250034553,679225683,3182497402,557221067
dimwishlist:item=3779290676&perks=3250034553,679225683,3182497402,657025441
dimwishlist:item=3779290676&perks=3250034553,106909392,2048641572,2305480722
dimwishlist:item=3779290676&perks=3250034553,106909392,2048641572,557221067
dimwishlist:item=3779290676&perks=3250034553,106909392,2048641572,657025441
dimwishlist:item=3779290676&perks=3250034553,106909392,1464081238,2305480722
dimwishlist:item=3779290676&perks=3250034553,106909392,1464081238,557221067
dimwishlist:item=3779290676&perks=3250034553,106909392,1464081238,657025441
dimwishlist:item=3779290676&perks=3250034553,106909392,3182497402,2305480722
dimwishlist:item=3779290676&perks=3250034553,106909392,3182497402,557221067
dimwishlist:item=3779290676&perks=3250034553,106909392,3182497402,657025441
dimwishlist:item=3779290676&perks=1392496348,1431678320,2048641572,2305480722
dimwishlist:item=3779290676&perks=1392496348,1431678320,2048641572,557221067
dimwishlist:item=3779290676&perks=1392496348,1431678320,2048641572,657025441
dimwishlist:item=3779290676&perks=1392496348,1431678320,1464081238,2305480722
dimwishlist:item=3779290676&perks=1392496348,1431678320,1464081238,557221067
dimwishlist:item=3779290676&perks=1392496348,1431678320,1464081238,657025441
dimwishlist:item=3779290676&perks=1392496348,1431678320,3182497402,2305480722
dimwishlist:item=3779290676&perks=1392496348,1431678320,3182497402,557221067
dimwishlist:item=3779290676&perks=1392496348,1431678320,3182497402,657025441
dimwishlist:item=3779290676&perks=1392496348,1087426260,2048641572,2305480722
dimwishlist:item=3779290676&perks=1392496348,1087426260,2048641572,557221067
dimwishlist:item=3779290676&perks=1392496348,1087426260,2048641572,657025441
dimwishlist:item=3779290676&perks=1392496348,1087426260,1464081238,2305480722
dimwishlist:item=3779290676&perks=1392496348,1087426260,1464081238,557221067
dimwishlist:item=3779290676&perks=1392496348,1087426260,1464081238,657025441
dimwishlist:item=3779290676&perks=1392496348,1087426260,3182497402,2305480722
dimwishlist:item=3779290676&perks=1392496348,1087426260,3182497402,557221067
dimwishlist:item=3779290676&perks=1392496348,1087426260,3182497402,657025441
dimwishlist:item=3779290676&perks=1392496348,1561002382,2048641572,2305480722
dimwishlist:item=3779290676&perks=1392496348,1561002382,2048641572,557221067
dimwishlist:item=3779290676&perks=1392496348,1561002382,2048641572,657025441
dimwishlist:item=3779290676&perks=1392496348,1561002382,1464081238,2305480722
dimwishlist:item=3779290676&perks=1392496348,1561002382,1464081238,557221067
dimwishlist:item=3779290676&perks=1392496348,1561002382,1464081238,657025441
dimwishlist:item=3779290676&perks=1392496348,1561002382,3182497402,2305480722
dimwishlist:item=3779290676&perks=1392496348,1561002382,3182497402,557221067
dimwishlist:item=3779290676&perks=1392496348,1561002382,3182497402,657025441
dimwishlist:item=3779290676&perks=1392496348,3230963543,2048641572,2305480722
dimwishlist:item=3779290676&perks=1392496348,3230963543,2048641572,557221067
dimwishlist:item=3779290676&perks=1392496348,3230963543,2048641572,657025441
dimwishlist:item=3779290676&perks=1392496348,3230963543,1464081238,2305480722
dimwishlist:item=3779290676&perks=1392496348,3230963543,1464081238,557221067
dimwishlist:item=3779290676&perks=1392496348,3230963543,1464081238,657025441
dimwishlist:item=3779290676&perks=1392496348,3230963543,3182497402,2305480722
dimwishlist:item=3779290676&perks=1392496348,3230963543,3182497402,557221067
dimwishlist:item=3779290676&perks=1392496348,3230963543,3182497402,657025441
dimwishlist:item=3779290676&perks=1392496348,679225683,2048641572,2305480722
dimwishlist:item=3779290676&perks=1392496348,679225683,2048641572,557221067
dimwishlist:item=3779290676&perks=1392496348,679225683,2048641572,657025441
dimwishlist:item=3779290676&perks=1392496348,679225683,1464081238,2305480722
dimwishlist:item=3779290676&perks=1392496348,679225683,1464081238,557221067
dimwishlist:item=3779290676&perks=1392496348,679225683,1464081238,657025441
dimwishlist:item=3779290676&perks=1392496348,679225683,3182497402,2305480722
dimwishlist:item=3779290676&perks=1392496348,679225683,3182497402,557221067
dimwishlist:item=3779290676&perks=1392496348,679225683,3182497402,657025441
dimwishlist:item=3779290676&perks=1392496348,106909392,2048641572,2305480722
dimwishlist:item=3779290676&perks=1392496348,106909392,2048641572,557221067
dimwishlist:item=3779290676&perks=1392496348,106909392,2048641572,657025441
dimwishlist:item=3779290676&perks=1392496348,106909392,1464081238,2305480722
dimwishlist:item=3779290676&perks=1392496348,106909392,1464081238,557221067
dimwishlist:item=3779290676&perks=1392496348,106909392,1464081238,657025441
dimwishlist:item=3779290676&perks=1392496348,106909392,3182497402,2305480722
dimwishlist:item=3779290676&perks=1392496348,106909392,3182497402,557221067
dimwishlist:item=3779290676&perks=1392496348,106909392,3182497402,657025441
dimwishlist:item=3779290676&perks=1482024992,1431678320,2048641572,2305480722
dimwishlist:item=3779290676&perks=1482024992,1431678320,2048641572,557221067
dimwishlist:item=3779290676&perks=1482024992,1431678320,2048641572,657025441
dimwishlist:item=3779290676&perks=1482024992,1431678320,1464081238,2305480722
dimwishlist:item=3779290676&perks=1482024992,1431678320,1464081238,557221067
dimwishlist:item=3779290676&perks=1482024992,1431678320,1464081238,657025441
dimwishlist:item=3779290676&perks=1482024992,1431678320,3182497402,2305480722
dimwishlist:item=3779290676&perks=1482024992,1431678320,3182497402,557221067
dimwishlist:item=3779290676&perks=1482024992,1431678320,3182497402,657025441
dimwishlist:item=3779290676&perks=1482024992,1087426260,2048641572,2305480722
dimwishlist:item=3779290676&perks=1482024992,1087426260,2048641572,557221067
dimwishlist:item=3779290676&perks=1482024992,1087426260,2048641572,657025441
dimwishlist:item=3779290676&perks=1482024992,1087426260,1464081238,2305480722
dimwishlist:item=3779290676&perks=1482024992,1087426260,1464081238,557221067
dimwishlist:item=3779290676&perks=1482024992,1087426260,1464081238,657025441
dimwishlist:item=3779290676&perks=1482024992,1087426260,3182497402,2305480722
dimwishlist:item=3779290676&perks=1482024992,1087426260,3182497402,557221067
dimwishlist:item=3779290676&perks=1482024992,1087426260,3182497402,657025441
dimwishlist:item=3779290676&perks=1482024992,1561002382,2048641572,2305480722
dimwishlist:item=3779290676&perks=1482024992,1561002382,2048641572,557221067
dimwishlist:item=3779290676&perks=1482024992,1561002382,2048641572,657025441
dimwishlist:item=3779290676&perks=1482024992,1561002382,1464081238,2305480722
dimwishlist:item=3779290676&perks=1482024992,1561002382,1464081238,557221067
dimwishlist:item=3779290676&perks=1482024992,1561002382,1464081238,657025441
dimwishlist:item=3779290676&perks=1482024992,1561002382,3182497402,2305480722
dimwishlist:item=3779290676&perks=1482024992,1561002382,3182497402,557221067
dimwishlist:item=3779290676&perks=1482024992,1561002382,3182497402,657025441
dimwishlist:item=3779290676&perks=1482024992,3230963543,2048641572,2305480722
dimwishlist:item=3779290676&perks=1482024992,3230963543,2048641572,557221067
dimwishlist:item=3779290676&perks=1482024992,3230963543,2048641572,657025441
dimwishlist:item=3779290676&perks=1482024992,3230963543,1464081238,2305480722
dimwishlist:item=3779290676&perks=1482024992,3230963543,1464081238,557221067
dimwishlist:item=3779290676&perks=1482024992,3230963543,1464081238,657025441
dimwishlist:item=3779290676&perks=1482024992,3230963543,3182497402,2305480722
dimwishlist:item=3779290676&perks=1482024992,3230963543,3182497402,557221067
dimwishlist:item=3779290676&perks=1482024992,3230963543,3182497402,657025441
dimwishlist:item=3779290676&perks=1482024992,679225683,2048641572,2305480722
dimwishlist:item=3779290676&perks=1482024992,679225683,2048641572,557221067
dimwishlist:item=3779290676&perks=1482024992,679225683,2048641572,657025441
dimwishlist:item=3779290676&perks=1482024992,679225683,1464081238,2305480722
dimwishlist:item=3779290676&perks=1482024992,679225683,1464081238,557221067
dimwishlist:item=3779290676&perks=1482024992,679225683,1464081238,657025441
dimwishlist:item=3779290676&perks=1482024992,679225683,3182497402,2305480722
dimwishlist:item=3779290676&perks=1482024992,679225683,3182497402,557221067
dimwishlist:item=3779290676&perks=1482024992,679225683,3182497402,657025441
dimwishlist:item=3779290676&perks=1482024992,106909392,2048641572,2305480722
dimwishlist:item=3779290676&perks=1482024992,106909392,2048641572,557221067
dimwishlist:item=3779290676&perks=1482024992,106909392,2048641572,657025441
dimwishlist:item=3779290676&perks=1482024992,106909392,1464081238,2305480722
dimwishlist:item=3779290676&perks=1482024992,106909392,1464081238,557221067
dimwishlist:item=3779290676&perks=1482024992,106909392,1464081238,657025441
dimwishlist:item=3779290676&perks=1482024992,106909392,3182497402,2305480722
dimwishlist:item=3779290676&perks=1482024992,106909392,3182497402,557221067
dimwishlist:item=3779290676&perks=1482024992,106909392,3182497402,657025441


// Service Revolver ()
dimwishlist:item=3796682229&perks=839105230,3142289711,3700496672,3038247973
dimwishlist:item=3796682229&perks=839105230,3142289711,3700496672,3891536761
dimwishlist:item=3796682229&perks=839105230,3142289711,1517798362,3038247973
dimwishlist:item=3796682229&perks=839105230,3142289711,1517798362,3891536761
dimwishlist:item=3796682229&perks=839105230,1087426260,3700496672,3038247973
dimwishlist:item=3796682229&perks=839105230,1087426260,3700496672,3891536761
dimwishlist:item=3796682229&perks=839105230,1087426260,1517798362,3038247973
dimwishlist:item=3796682229&perks=839105230,1087426260,1517798362,3891536761
dimwishlist:item=3796682229&perks=839105230,106909392,3700496672,3038247973
dimwishlist:item=3796682229&perks=839105230,106909392,3700496672,3891536761
dimwishlist:item=3796682229&perks=839105230,106909392,1517798362,3038247973
dimwishlist:item=3796682229&perks=839105230,106909392,1517798362,3891536761
dimwishlist:item=3796682229&perks=839105230,1431678320,3700496672,3038247973
dimwishlist:item=3796682229&perks=839105230,1431678320,3700496672,3891536761
dimwishlist:item=3796682229&perks=839105230,1431678320,1517798362,3038247973
dimwishlist:item=3796682229&perks=839105230,1431678320,1517798362,3891536761
dimwishlist:item=3796682229&perks=839105230,3230963543,3700496672,3038247973
dimwishlist:item=3796682229&perks=839105230,3230963543,3700496672,3891536761
dimwishlist:item=3796682229&perks=839105230,3230963543,1517798362,3038247973
dimwishlist:item=3796682229&perks=839105230,3230963543,1517798362,3891536761
dimwishlist:item=3796682229&perks=839105230,1968497646,3700496672,3038247973
dimwishlist:item=3796682229&perks=839105230,1968497646,3700496672,3891536761
dimwishlist:item=3796682229&perks=839105230,1968497646,1517798362,3038247973
dimwishlist:item=3796682229&perks=839105230,1968497646,1517798362,3891536761
dimwishlist:item=3796682229&perks=839105230,4134353779,3700496672,3038247973
dimwishlist:item=3796682229&perks=839105230,4134353779,3700496672,3891536761
dimwishlist:item=3796682229&perks=839105230,4134353779,1517798362,3038247973
dimwishlist:item=3796682229&perks=839105230,4134353779,1517798362,3891536761
dimwishlist:item=3796682229&perks=839105230,1561002382,3700496672,3038247973
dimwishlist:item=3796682229&perks=839105230,1561002382,3700496672,3891536761
dimwishlist:item=3796682229&perks=839105230,1561002382,1517798362,3038247973
dimwishlist:item=3796682229&perks=839105230,1561002382,1517798362,3891536761
dimwishlist:item=3796682229&perks=4090651448,3142289711,3700496672,3038247973
dimwishlist:item=3796682229&perks=4090651448,3142289711,3700496672,3891536761
dimwishlist:item=3796682229&perks=4090651448,3142289711,1517798362,3038247973
dimwishlist:item=3796682229&perks=4090651448,3142289711,1517798362,3891536761
dimwishlist:item=3796682229&perks=4090651448,1087426260,3700496672,3038247973
dimwishlist:item=3796682229&perks=4090651448,1087426260,3700496672,3891536761
dimwishlist:item=3796682229&perks=4090651448,1087426260,1517798362,3038247973
dimwishlist:item=3796682229&perks=4090651448,1087426260,1517798362,3891536761
dimwishlist:item=3796682229&perks=4090651448,106909392,3700496672,3038247973
dimwishlist:item=3796682229&perks=4090651448,106909392,3700496672,3891536761
dimwishlist:item=3796682229&perks=4090651448,106909392,1517798362,3038247973
dimwishlist:item=3796682229&perks=4090651448,106909392,1517798362,3891536761
dimwishlist:item=3796682229&perks=4090651448,1431678320,3700496672,3038247973
dimwishlist:item=3796682229&perks=4090651448,1431678320,3700496672,3891536761
dimwishlist:item=3796682229&perks=4090651448,1431678320,1517798362,3038247973
dimwishlist:item=3796682229&perks=4090651448,1431678320,1517798362,3891536761
dimwishlist:item=3796682229&perks=4090651448,3230963543,3700496672,3038247973
dimwishlist:item=3796682229&perks=4090651448,3230963543,3700496672,3891536761
dimwishlist:item=3796682229&perks=4090651448,3230963543,1517798362,3038247973
dimwishlist:item=3796682229&perks=4090651448,3230963543,1517798362,3891536761
dimwishlist:item=3796682229&perks=4090651448,1968497646,3700496672,3038247973
dimwishlist:item=3796682229&perks=4090651448,1968497646,3700496672,3891536761
dimwishlist:item=3796682229&perks=4090651448,1968497646,1517798362,3038247973
dimwishlist:item=3796682229&perks=4090651448,1968497646,1517798362,3891536761
dimwishlist:item=3796682229&perks=4090651448,4134353779,3700496672,3038247973
dimwishlist:item=3796682229&perks=4090651448,4134353779,3700496672,3891536761
dimwishlist:item=3796682229&perks=4090651448,4134353779,1517798362,3038247973
dimwishlist:item=3796682229&perks=4090651448,4134353779,1517798362,3891536761
dimwishlist:item=3796682229&perks=4090651448,1561002382,3700496672,3038247973
dimwishlist:item=3796682229&perks=4090651448,1561002382,3700496672,3891536761
dimwishlist:item=3796682229&perks=4090651448,1561002382,1517798362,3038247973
dimwishlist:item=3796682229&perks=4090651448,1561002382,1517798362,3891536761
dimwishlist:item=3796682229&perks=1840239774,3142289711,3700496672,3038247973
dimwishlist:item=3796682229&perks=1840239774,3142289711,3700496672,3891536761
dimwishlist:item=3796682229&perks=1840239774,3142289711,1517798362,3038247973
dimwishlist:item=3796682229&perks=1840239774,3142289711,1517798362,3891536761
dimwishlist:item=3796682229&perks=1840239774,1087426260,3700496672,3038247973
dimwishlist:item=3796682229&perks=1840239774,1087426260,3700496672,3891536761
dimwishlist:item=3796682229&perks=1840239774,1087426260,1517798362,3038247973
dimwishlist:item=3796682229&perks=1840239774,1087426260,1517798362,3891536761
dimwishlist:item=3796682229&perks=1840239774,106909392,3700496672,3038247973
dimwishlist:item=3796682229&perks=1840239774,106909392,3700496672,3891536761
dimwishlist:item=3796682229&perks=1840239774,106909392,1517798362,3038247973
dimwishlist:item=3796682229&perks=1840239774,106909392,1517798362,3891536761
dimwishlist:item=3796682229&perks=1840239774,1431678320,3700496672,3038247973
dimwishlist:item=3796682229&perks=1840239774,1431678320,3700496672,3891536761
dimwishlist:item=3796682229&perks=1840239774,1431678320,1517798362,3038247973
dimwishlist:item=3796682229&perks=1840239774,1431678320,1517798362,3891536761
dimwishlist:item=3796682229&perks=1840239774,3230963543,3700496672,3038247973
dimwishlist:item=3796682229&perks=1840239774,3230963543,3700496672,3891536761
dimwishlist:item=3796682229&perks=1840239774,3230963543,1517798362,3038247973
dimwishlist:item=3796682229&perks=1840239774,3230963543,1517798362,3891536761
dimwishlist:item=3796682229&perks=1840239774,1968497646,3700496672,3038247973
dimwishlist:item=3796682229&perks=1840239774,1968497646,3700496672,3891536761
dimwishlist:item=3796682229&perks=1840239774,1968497646,1517798362,3038247973
dimwishlist:item=3796682229&perks=1840239774,1968497646,1517798362,3891536761
dimwishlist:item=3796682229&perks=1840239774,4134353779,3700496672,3038247973
dimwishlist:item=3796682229&perks=1840239774,4134353779,3700496672,3891536761
dimwishlist:item=3796682229&perks=1840239774,4134353779,1517798362,3038247973
dimwishlist:item=3796682229&perks=1840239774,4134353779,1517798362,3891536761
dimwishlist:item=3796682229&perks=1840239774,1561002382,3700496672,3038247973
dimwishlist:item=3796682229&perks=1840239774,1561002382,3700496672,3891536761
dimwishlist:item=3796682229&perks=1840239774,1561002382,1517798362,3038247973
dimwishlist:item=3796682229&perks=1840239774,1561002382,1517798362,3891536761
dimwishlist:item=3796682229&perks=3250034553,3142289711,3700496672,3038247973
dimwishlist:item=3796682229&perks=3250034553,3142289711,3700496672,3891536761
dimwishlist:item=3796682229&perks=3250034553,3142289711,1517798362,3038247973
dimwishlist:item=3796682229&perks=3250034553,3142289711,1517798362,3891536761
dimwishlist:item=3796682229&perks=3250034553,1087426260,3700496672,3038247973
dimwishlist:item=3796682229&perks=3250034553,1087426260,3700496672,3891536761
dimwishlist:item=3796682229&perks=3250034553,1087426260,1517798362,3038247973
dimwishlist:item=3796682229&perks=3250034553,1087426260,1517798362,3891536761
dimwishlist:item=3796682229&perks=3250034553,106909392,3700496672,3038247973
dimwishlist:item=3796682229&perks=3250034553,106909392,3700496672,3891536761
dimwishlist:item=3796682229&perks=3250034553,106909392,1517798362,3038247973
dimwishlist:item=3796682229&perks=3250034553,106909392,1517798362,3891536761
dimwishlist:item=3796682229&perks=3250034553,1431678320,3700496672,3038247973
dimwishlist:item=3796682229&perks=3250034553,1431678320,3700496672,3891536761
dimwishlist:item=3796682229&perks=3250034553,1431678320,1517798362,3038247973
dimwishlist:item=3796682229&perks=3250034553,1431678320,1517798362,3891536761
dimwishlist:item=3796682229&perks=3250034553,3230963543,3700496672,3038247973
dimwishlist:item=3796682229&perks=3250034553,3230963543,3700496672,3891536761
dimwishlist:item=3796682229&perks=3250034553,3230963543,1517798362,3038247973
dimwishlist:item=3796682229&perks=3250034553,3230963543,1517798362,3891536761
dimwishlist:item=3796682229&perks=3250034553,1968497646,3700496672,3038247973
dimwishlist:item=3796682229&perks=3250034553,1968497646,3700496672,3891536761
dimwishlist:item=3796682229&perks=3250034553,1968497646,1517798362,3038247973
dimwishlist:item=3796682229&perks=3250034553,1968497646,1517798362,3891536761
dimwishlist:item=3796682229&perks=3250034553,4134353779,3700496672,3038247973
dimwishlist:item=3796682229&perks=3250034553,4134353779,3700496672,3891536761
dimwishlist:item=3796682229&perks=3250034553,4134353779,1517798362,3038247973
dimwishlist:item=3796682229&perks=3250034553,4134353779,1517798362,3891536761
dimwishlist:item=3796682229&perks=3250034553,1561002382,3700496672,3038247973
dimwishlist:item=3796682229&perks=3250034553,1561002382,3700496672,3891536761
dimwishlist:item=3796682229&perks=3250034553,1561002382,1517798362,3038247973
dimwishlist:item=3796682229&perks=3250034553,1561002382,1517798362,3891536761
dimwishlist:item=3796682229&perks=1392496348,3142289711,3700496672,3038247973
dimwishlist:item=3796682229&perks=1392496348,3142289711,3700496672,3891536761
dimwishlist:item=3796682229&perks=1392496348,3142289711,1517798362,3038247973
dimwishlist:item=3796682229&perks=1392496348,3142289711,1517798362,3891536761
dimwishlist:item=3796682229&perks=1392496348,1087426260,3700496672,3038247973
dimwishlist:item=3796682229&perks=1392496348,1087426260,3700496672,3891536761
dimwishlist:item=3796682229&perks=1392496348,1087426260,1517798362,3038247973
dimwishlist:item=3796682229&perks=1392496348,1087426260,1517798362,3891536761
dimwishlist:item=3796682229&perks=1392496348,106909392,3700496672,3038247973
dimwishlist:item=3796682229&perks=1392496348,106909392,3700496672,3891536761
dimwishlist:item=3796682229&perks=1392496348,106909392,1517798362,3038247973
dimwishlist:item=3796682229&perks=1392496348,106909392,1517798362,3891536761
dimwishlist:item=3796682229&perks=1392496348,1431678320,3700496672,3038247973
dimwishlist:item=3796682229&perks=1392496348,1431678320,3700496672,3891536761
dimwishlist:item=3796682229&perks=1392496348,1431678320,1517798362,3038247973
dimwishlist:item=3796682229&perks=1392496348,1431678320,1517798362,3891536761
dimwishlist:item=3796682229&perks=1392496348,3230963543,3700496672,3038247973
dimwishlist:item=3796682229&perks=1392496348,3230963543,3700496672,3891536761
dimwishlist:item=3796682229&perks=1392496348,3230963543,1517798362,3038247973
dimwishlist:item=3796682229&perks=1392496348,3230963543,1517798362,3891536761
dimwishlist:item=3796682229&perks=1392496348,1968497646,3700496672,3038247973
dimwishlist:item=3796682229&perks=1392496348,1968497646,3700496672,3891536761
dimwishlist:item=3796682229&perks=1392496348,1968497646,1517798362,3038247973
dimwishlist:item=3796682229&perks=1392496348,1968497646,1517798362,3891536761
dimwishlist:item=3796682229&perks=1392496348,4134353779,3700496672,3038247973
dimwishlist:item=3796682229&perks=1392496348,4134353779,3700496672,3891536761
dimwishlist:item=3796682229&perks=1392496348,4134353779,1517798362,3038247973
dimwishlist:item=3796682229&perks=1392496348,4134353779,1517798362,3891536761
dimwishlist:item=3796682229&perks=1392496348,1561002382,3700496672,3038247973
dimwishlist:item=3796682229&perks=1392496348,1561002382,3700496672,3891536761
dimwishlist:item=3796682229&perks=1392496348,1561002382,1517798362,3038247973
dimwishlist:item=3796682229&perks=1392496348,1561002382,1517798362,3891536761
dimwishlist:item=3796682229&perks=1482024992,3142289711,3700496672,3038247973
dimwishlist:item=3796682229&perks=1482024992,3142289711,3700496672,3891536761
dimwishlist:item=3796682229&perks=1482024992,3142289711,1517798362,3038247973
dimwishlist:item=3796682229&perks=1482024992,3142289711,1517798362,3891536761
dimwishlist:item=3796682229&perks=1482024992,1087426260,3700496672,3038247973
dimwishlist:item=3796682229&perks=1482024992,1087426260,3700496672,3891536761
dimwishlist:item=3796682229&perks=1482024992,1087426260,1517798362,3038247973
dimwishlist:item=3796682229&perks=1482024992,1087426260,1517798362,3891536761
dimwishlist:item=3796682229&perks=1482024992,106909392,3700496672,3038247973
dimwishlist:item=3796682229&perks=1482024992,106909392,3700496672,3891536761
dimwishlist:item=3796682229&perks=1482024992,106909392,1517798362,3038247973
dimwishlist:item=3796682229&perks=1482024992,106909392,1517798362,3891536761
dimwishlist:item=3796682229&perks=1482024992,1431678320,3700496672,3038247973
dimwishlist:item=3796682229&perks=1482024992,1431678320,3700496672,3891536761
dimwishlist:item=3796682229&perks=1482024992,1431678320,1517798362,3038247973
dimwishlist:item=3796682229&perks=1482024992,1431678320,1517798362,3891536761
dimwishlist:item=3796682229&perks=1482024992,3230963543,3700496672,3038247973
dimwishlist:item=3796682229&perks=1482024992,3230963543,3700496672,3891536761
dimwishlist:item=3796682229&perks=1482024992,3230963543,1517798362,3038247973
dimwishlist:item=3796682229&perks=1482024992,3230963543,1517798362,3891536761
dimwishlist:item=3796682229&perks=1482024992,1968497646,3700496672,3038247973
dimwishlist:item=3796682229&perks=1482024992,1968497646,3700496672,3891536761
dimwishlist:item=3796682229&perks=1482024992,1968497646,1517798362,3038247973
dimwishlist:item=3796682229&perks=1482024992,1968497646,1517798362,3891536761
dimwishlist:item=3796682229&perks=1482024992,4134353779,3700496672,3038247973
dimwishlist:item=3796682229&perks=1482024992,4134353779,3700496672,3891536761
dimwishlist:item=3796682229&perks=1482024992,4134353779,1517798362,3038247973
dimwishlist:item=3796682229&perks=1482024992,4134353779,1517798362,3891536761
dimwishlist:item=3796682229&perks=1482024992,1561002382,3700496672,3038247973
dimwishlist:item=3796682229&perks=1482024992,1561002382,3700496672,3891536761
dimwishlist:item=3796682229&perks=1482024992,1561002382,1517798362,3038247973
dimwishlist:item=3796682229&perks=1482024992,1561002382,1517798362,3891536761


// Epochal Integration (god-pve)
//notes: tags:god-pve
dimwishlist:item=3851394887&perks=839105230,106909392,3038247973,657025441
dimwishlist:item=3851394887&perks=839105230,106909392,3038247973,4293542123
dimwishlist:item=3851394887&perks=839105230,106909392,3038247973,3640170453
dimwishlist:item=3851394887&perks=839105230,106909392,3017780555,657025441
dimwishlist:item=3851394887&perks=839105230,106909392,3017780555,4293542123
dimwishlist:item=3851394887&perks=839105230,106909392,3017780555,3640170453
dimwishlist:item=3851394887&perks=839105230,1431678320,3038247973,657025441
dimwishlist:item=3851394887&perks=839105230,1431678320,3038247973,4293542123
dimwishlist:item=3851394887&perks=839105230,1431678320,3038247973,3640170453
dimwishlist:item=3851394887&perks=839105230,1431678320,3017780555,657025441
dimwishlist:item=3851394887&perks=839105230,1431678320,3017780555,4293542123
dimwishlist:item=3851394887&perks=839105230,1431678320,3017780555,3640170453
dimwishlist:item=3851394887&perks=839105230,3230963543,3038247973,657025441
dimwishlist:item=3851394887&perks=839105230,3230963543,3038247973,4293542123
dimwishlist:item=3851394887&perks=839105230,3230963543,3038247973,3640170453
dimwishlist:item=3851394887&perks=839105230,3230963543,3017780555,657025441
dimwishlist:item=3851394887&perks=839105230,3230963543,3017780555,4293542123
dimwishlist:item=3851394887&perks=839105230,3230963543,3017780555,3640170453
dimwishlist:item=3851394887&perks=839105230,679225683,3038247973,657025441
dimwishlist:item=3851394887&perks=839105230,679225683,3038247973,4293542123
dimwishlist:item=3851394887&perks=839105230,679225683,3038247973,3640170453
dimwishlist:item=3851394887&perks=839105230,679225683,3017780555,657025441
dimwishlist:item=3851394887&perks=839105230,679225683,3017780555,4293542123
dimwishlist:item=3851394887&perks=839105230,679225683,3017780555,3640170453
dimwishlist:item=3851394887&perks=839105230,1885400500,3038247973,657025441
dimwishlist:item=3851394887&perks=839105230,1885400500,3038247973,4293542123
dimwishlist:item=3851394887&perks=839105230,1885400500,3038247973,3640170453
dimwishlist:item=3851394887&perks=839105230,1885400500,3017780555,657025441
dimwishlist:item=3851394887&perks=839105230,1885400500,3017780555,4293542123
dimwishlist:item=3851394887&perks=839105230,1885400500,3017780555,3640170453
dimwishlist:item=3851394887&perks=839105230,1087426260,3038247973,657025441
dimwishlist:item=3851394887&perks=839105230,1087426260,3038247973,4293542123
dimwishlist:item=3851394887&perks=839105230,1087426260,3038247973,3640170453
dimwishlist:item=3851394887&perks=839105230,1087426260,3017780555,657025441
dimwishlist:item=3851394887&perks=839105230,1087426260,3017780555,4293542123
dimwishlist:item=3851394887&perks=839105230,1087426260,3017780555,3640170453
dimwishlist:item=3851394887&perks=4090651448,106909392,3038247973,657025441
dimwishlist:item=3851394887&perks=4090651448,106909392,3038247973,4293542123
dimwishlist:item=3851394887&perks=4090651448,106909392,3038247973,3640170453
dimwishlist:item=3851394887&perks=4090651448,106909392,3017780555,657025441
dimwishlist:item=3851394887&perks=4090651448,106909392,3017780555,4293542123
dimwishlist:item=3851394887&perks=4090651448,106909392,3017780555,3640170453
dimwishlist:item=3851394887&perks=4090651448,1431678320,3038247973,657025441
dimwishlist:item=3851394887&perks=4090651448,1431678320,3038247973,4293542123
dimwishlist:item=3851394887&perks=4090651448,1431678320,3038247973,3640170453
dimwishlist:item=3851394887&perks=4090651448,1431678320,3017780555,657025441
dimwishlist:item=3851394887&perks=4090651448,1431678320,3017780555,4293542123
dimwishlist:item=3851394887&perks=4090651448,1431678320,3017780555,3640170453
dimwishlist:item=3851394887&perks=4090651448,3230963543,3038247973,657025441
dimwishlist:item=3851394887&perks=4090651448,3230963543,3038247973,4293542123
dimwishlist:item=3851394887&perks=4090651448,3230963543,3038247973,3640170453
dimwishlist:item=3851394887&perks=4090651448,3230963543,3017780555,657025441
dimwishlist:item=3851394887&perks=4090651448,3230963543,3017780555,4293542123
dimwishlist:item=3851394887&perks=4090651448,3230963543,3017780555,3640170453
dimwishlist:item=3851394887&perks=4090651448,679225683,3038247973,657025441
dimwishlist:item=3851394887&perks=4090651448,679225683,3038247973,4293542123
dimwishlist:item=3851394887&perks=4090651448,679225683,3038247973,3640170453
dimwishlist:item=3851394887&perks=4090651448,679225683,3017780555,657025441
dimwishlist:item=3851394887&perks=4090651448,679225683,3017780555,4293542123
dimwishlist:item=3851394887&perks=4090651448,679225683,3017780555,3640170453
dimwishlist:item=3851394887&perks=4090651448,1885400500,3038247973,657025441
dimwishlist:item=3851394887&perks=4090651448,1885400500,3038247973,4293542123
dimwishlist:item=3851394887&perks=4090651448,1885400500,3038247973,3640170453
dimwishlist:item=3851394887&perks=4090651448,1885400500,3017780555,657025441
dimwishlist:item=3851394887&perks=4090651448,1885400500,3017780555,4293542123
dimwishlist:item=3851394887&perks=4090651448,1885400500,3017780555,3640170453
dimwishlist:item=3851394887&perks=4090651448,1087426260,3038247973,657025441
dimwishlist:item=3851394887&perks=4090651448,1087426260,3038247973,4293542123
dimwishlist:item=3851394887&perks=4090651448,1087426260,3038247973,3640170453
dimwishlist:item=3851394887&perks=4090651448,1087426260,3017780555,657025441
dimwishlist:item=3851394887&perks=4090651448,1087426260,3017780555,4293542123
dimwishlist:item=3851394887&perks=4090651448,1087426260,3017780555,3640170453
dimwishlist:item=3851394887&perks=1840239774,106909392,3038247973,657025441
dimwishlist:item=3851394887&perks=1840239774,106909392,3038247973,4293542123
dimwishlist:item=3851394887&perks=1840239774,106909392,3038247973,3640170453
dimwishlist:item=3851394887&perks=1840239774,106909392,3017780555,657025441
dimwishlist:item=3851394887&perks=1840239774,106909392,3017780555,4293542123
dimwishlist:item=3851394887&perks=1840239774,106909392,3017780555,3640170453
dimwishlist:item=3851394887&perks=1840239774,1431678320,3038247973,657025441
dimwishlist:item=3851394887&perks=1840239774,1431678320,3038247973,4293542123
dimwishlist:item=3851394887&perks=1840239774,1431678320,3038247973,3640170453
dimwishlist:item=3851394887&perks=1840239774,1431678320,3017780555,657025441
dimwishlist:item=3851394887&perks=1840239774,1431678320,3017780555,4293542123
dimwishlist:item=3851394887&perks=1840239774,1431678320,3017780555,3640170453
dimwishlist:item=3851394887&perks=1840239774,3230963543,3038247973,657025441
dimwishlist:item=3851394887&perks=1840239774,3230963543,3038247973,4293542123
dimwishlist:item=3851394887&perks=1840239774,3230963543,3038247973,3640170453
dimwishlist:item=3851394887&perks=1840239774,3230963543,3017780555,657025441
dimwishlist:item=3851394887&perks=1840239774,3230963543,3017780555,4293542123
dimwishlist:item=3851394887&perks=1840239774,3230963543,3017780555,3640170453
dimwishlist:item=3851394887&perks=1840239774,679225683,3038247973,657025441
dimwishlist:item=3851394887&perks=1840239774,679225683,3038247973,4293542123
dimwishlist:item=3851394887&perks=1840239774,679225683,3038247973,3640170453
dimwishlist:item=3851394887&perks=1840239774,679225683,3017780555,657025441
dimwishlist:item=3851394887&perks=1840239774,679225683,3017780555,4293542123
dimwishlist:item=3851394887&perks=1840239774,679225683,3017780555,3640170453
dimwishlist:item=3851394887&perks=1840239774,1885400500,3038247973,657025441
dimwishlist:item=3851394887&perks=1840239774,1885400500,3038247973,4293542123
dimwishlist:item=3851394887&perks=1840239774,1885400500,3038247973,3640170453
dimwishlist:item=3851394887&perks=1840239774,1885400500,3017780555,657025441
dimwishlist:item=3851394887&perks=1840239774,1885400500,3017780555,4293542123
dimwishlist:item=3851394887&perks=1840239774,1885400500,3017780555,3640170453
dimwishlist:item=3851394887&perks=1840239774,1087426260,3038247973,657025441
dimwishlist:item=3851394887&perks=1840239774,1087426260,3038247973,4293542123
dimwishlist:item=3851394887&perks=1840239774,1087426260,3038247973,3640170453
dimwishlist:item=3851394887&perks=1840239774,1087426260,3017780555,657025441
dimwishlist:item=3851394887&perks=1840239774,1087426260,3017780555,4293542123
dimwishlist:item=3851394887&perks=1840239774,1087426260,3017780555,3640170453
dimwishlist:item=3851394887&perks=3250034553,106909392,3038247973,657025441
dimwishlist:item=3851394887&perks=3250034553,106909392,3038247973,4293542123
dimwishlist:item=3851394887&perks=3250034553,106909392,3038247973,3640170453
dimwishlist:item=3851394887&perks=3250034553,106909392,3017780555,657025441
dimwishlist:item=3851394887&perks=3250034553,106909392,3017780555,4293542123
dimwishlist:item=3851394887&perks=3250034553,106909392,3017780555,3640170453
dimwishlist:item=3851394887&perks=3250034553,1431678320,3038247973,657025441
dimwishlist:item=3851394887&perks=3250034553,1431678320,3038247973,4293542123
dimwishlist:item=3851394887&perks=3250034553,1431678320,3038247973,3640170453
dimwishlist:item=3851394887&perks=3250034553,1431678320,3017780555,657025441
dimwishlist:item=3851394887&perks=3250034553,1431678320,3017780555,4293542123
dimwishlist:item=3851394887&perks=3250034553,1431678320,3017780555,3640170453
dimwishlist:item=3851394887&perks=3250034553,3230963543,3038247973,657025441
dimwishlist:item=3851394887&perks=3250034553,3230963543,3038247973,4293542123
dimwishlist:item=3851394887&perks=3250034553,3230963543,3038247973,3640170453
dimwishlist:item=3851394887&perks=3250034553,3230963543,3017780555,657025441
dimwishlist:item=3851394887&perks=3250034553,3230963543,3017780555,4293542123
dimwishlist:item=3851394887&perks=3250034553,3230963543,3017780555,3640170453
dimwishlist:item=3851394887&perks=3250034553,679225683,3038247973,657025441
dimwishlist:item=3851394887&perks=3250034553,679225683,3038247973,4293542123
dimwishlist:item=3851394887&perks=3250034553,679225683,3038247973,3640170453
dimwishlist:item=3851394887&perks=3250034553,679225683,3017780555,657025441
dimwishlist:item=3851394887&perks=3250034553,679225683,3017780555,4293542123
dimwishlist:item=3851394887&perks=3250034553,679225683,3017780555,3640170453
dimwishlist:item=3851394887&perks=3250034553,1885400500,3038247973,657025441
dimwishlist:item=3851394887&perks=3250034553,1885400500,3038247973,4293542123
dimwishlist:item=3851394887&perks=3250034553,1885400500,3038247973,3640170453
dimwishlist:item=3851394887&perks=3250034553,1885400500,3017780555,657025441
dimwishlist:item=3851394887&perks=3250034553,1885400500,3017780555,4293542123
dimwishlist:item=3851394887&perks=3250034553,1885400500,3017780555,3640170453
dimwishlist:item=3851394887&perks=3250034553,1087426260,3038247973,657025441
dimwishlist:item=3851394887&perks=3250034553,1087426260,3038247973,4293542123
dimwishlist:item=3851394887&perks=3250034553,1087426260,3038247973,3640170453
dimwishlist:item=3851394887&perks=3250034553,1087426260,3017780555,657025441
dimwishlist:item=3851394887&perks=3250034553,1087426260,3017780555,4293542123
dimwishlist:item=3851394887&perks=3250034553,1087426260,3017780555,3640170453
dimwishlist:item=3851394887&perks=1392496348,106909392,3038247973,657025441
dimwishlist:item=3851394887&perks=1392496348,106909392,3038247973,4293542123
dimwishlist:item=3851394887&perks=1392496348,106909392,3038247973,3640170453
dimwishlist:item=3851394887&perks=1392496348,106909392,3017780555,657025441
dimwishlist:item=3851394887&perks=1392496348,106909392,3017780555,4293542123
dimwishlist:item=3851394887&perks=1392496348,106909392,3017780555,3640170453
dimwishlist:item=3851394887&perks=1392496348,1431678320,3038247973,657025441
dimwishlist:item=3851394887&perks=1392496348,1431678320,3038247973,4293542123
dimwishlist:item=3851394887&perks=1392496348,1431678320,3038247973,3640170453
dimwishlist:item=3851394887&perks=1392496348,1431678320,3017780555,657025441
dimwishlist:item=3851394887&perks=1392496348,1431678320,3017780555,4293542123
dimwishlist:item=3851394887&perks=1392496348,1431678320,3017780555,3640170453
dimwishlist:item=3851394887&perks=1392496348,3230963543,3038247973,657025441
dimwishlist:item=3851394887&perks=1392496348,3230963543,3038247973,4293542123
dimwishlist:item=3851394887&perks=1392496348,3230963543,3038247973,3640170453
dimwishlist:item=3851394887&perks=1392496348,3230963543,3017780555,657025441
dimwishlist:item=3851394887&perks=1392496348,3230963543,3017780555,4293542123
dimwishlist:item=3851394887&perks=1392496348,3230963543,3017780555,3640170453
dimwishlist:item=3851394887&perks=1392496348,679225683,3038247973,657025441
dimwishlist:item=3851394887&perks=1392496348,679225683,3038247973,4293542123
dimwishlist:item=3851394887&perks=1392496348,679225683,3038247973,3640170453
dimwishlist:item=3851394887&perks=1392496348,679225683,3017780555,657025441
dimwishlist:item=3851394887&perks=1392496348,679225683,3017780555,4293542123
dimwishlist:item=3851394887&perks=1392496348,679225683,3017780555,3640170453
dimwishlist:item=3851394887&perks=1392496348,1885400500,3038247973,657025441
dimwishlist:item=3851394887&perks=1392496348,1885400500,3038247973,4293542123
dimwishlist:item=3851394887&perks=1392496348,1885400500,3038247973,3640170453
dimwishlist:item=3851394887&perks=1392496348,1885400500,3017780555,657025441
dimwishlist:item=3851394887&perks=1392496348,1885400500,3017780555,4293542123
dimwishlist:item=3851394887&perks=1392496348,1885400500,3017780555,3640170453
dimwishlist:item=3851394887&perks=1392496348,1087426260,3038247973,657025441
dimwishlist:item=3851394887&perks=1392496348,1087426260,3038247973,4293542123
dimwishlist:item=3851394887&perks=1392496348,1087426260,3038247973,3640170453
dimwishlist:item=3851394887&perks=1392496348,1087426260,3017780555,657025441
dimwishlist:item=3851394887&perks=1392496348,1087426260,3017780555,4293542123
dimwishlist:item=3851394887&perks=1392496348,1087426260,3017780555,3640170453
dimwishlist:item=3851394887&perks=1482024992,106909392,3038247973,657025441
dimwishlist:item=3851394887&perks=1482024992,106909392,3038247973,4293542123
dimwishlist:item=3851394887&perks=1482024992,106909392,3038247973,3640170453
dimwishlist:item=3851394887&perks=1482024992,106909392,3017780555,657025441
dimwishlist:item=3851394887&perks=1482024992,106909392,3017780555,4293542123
dimwishlist:item=3851394887&perks=1482024992,106909392,3017780555,3640170453
dimwishlist:item=3851394887&perks=1482024992,1431678320,3038247973,657025441
dimwishlist:item=3851394887&perks=1482024992,1431678320,3038247973,4293542123
dimwishlist:item=3851394887&perks=1482024992,1431678320,3038247973,3640170453
dimwishlist:item=3851394887&perks=1482024992,1431678320,3017780555,657025441
dimwishlist:item=3851394887&perks=1482024992,1431678320,3017780555,4293542123
dimwishlist:item=3851394887&perks=1482024992,1431678320,3017780555,3640170453
dimwishlist:item=3851394887&perks=1482024992,3230963543,3038247973,657025441
dimwishlist:item=3851394887&perks=1482024992,3230963543,3038247973,4293542123
dimwishlist:item=3851394887&perks=1482024992,3230963543,3038247973,3640170453
dimwishlist:item=3851394887&perks=1482024992,3230963543,3017780555,657025441
dimwishlist:item=3851394887&perks=1482024992,3230963543,3017780555,4293542123
dimwishlist:item=3851394887&perks=1482024992,3230963543,3017780555,3640170453
dimwishlist:item=3851394887&perks=1482024992,679225683,3038247973,657025441
dimwishlist:item=3851394887&perks=1482024992,679225683,3038247973,4293542123
dimwishlist:item=3851394887&perks=1482024992,679225683,3038247973,3640170453
dimwishlist:item=3851394887&perks=1482024992,679225683,3017780555,657025441
dimwishlist:item=3851394887&perks=1482024992,679225683,3017780555,4293542123
dimwishlist:item=3851394887&perks=1482024992,679225683,3017780555,3640170453
dimwishlist:item=3851394887&perks=1482024992,1885400500,3038247973,657025441
dimwishlist:item=3851394887&perks=1482024992,1885400500,3038247973,4293542123
dimwishlist:item=3851394887&perks=1482024992,1885400500,3038247973,3640170453
dimwishlist:item=3851394887&perks=1482024992,1885400500,3017780555,657025441
dimwishlist:item=3851394887&perks=1482024992,1885400500,3017780555,4293542123
dimwishlist:item=3851394887&perks=1482024992,1885400500,3017780555,3640170453
dimwishlist:item=3851394887&perks=1482024992,1087426260,3038247973,657025441
dimwishlist:item=3851394887&perks=1482024992,1087426260,3038247973,4293542123
dimwishlist:item=3851394887&perks=1482024992,1087426260,3038247973,3640170453
dimwishlist:item=3851394887&perks=1482024992,1087426260,3017780555,657025441
dimwishlist:item=3851394887&perks=1482024992,1087426260,3017780555,4293542123
dimwishlist:item=3851394887&perks=1482024992,1087426260,3017780555,3640170453


// Rapid Growth (god-pve)
//notes: tags:god-pve
dimwishlist:item=3856342856&perks=839105230,3142289711,1354429876,3764420437
dimwishlist:item=3856342856&perks=839105230,3142289711,1354429876,654512643
dimwishlist:item=3856342856&perks=839105230,3142289711,1115162408,3764420437
dimwishlist:item=3856342856&perks=839105230,3142289711,1115162408,654512643
dimwishlist:item=3856342856&perks=839105230,1087426260,1354429876,3764420437
dimwishlist:item=3856342856&perks=839105230,1087426260,1354429876,654512643
dimwishlist:item=3856342856&perks=839105230,1087426260,1115162408,3764420437
dimwishlist:item=3856342856&perks=839105230,1087426260,1115162408,654512643
dimwishlist:item=3856342856&perks=839105230,106909392,1354429876,3764420437
dimwishlist:item=3856342856&perks=839105230,106909392,1354429876,654512643
dimwishlist:item=3856342856&perks=839105230,106909392,1115162408,3764420437
dimwishlist:item=3856342856&perks=839105230,106909392,1115162408,654512643
dimwishlist:item=3856342856&perks=839105230,1431678320,1354429876,3764420437
dimwishlist:item=3856342856&perks=839105230,1431678320,1354429876,654512643
dimwishlist:item=3856342856&perks=839105230,1431678320,1115162408,3764420437
dimwishlist:item=3856342856&perks=839105230,1431678320,1115162408,654512643
dimwishlist:item=3856342856&perks=839105230,3230963543,1354429876,3764420437
dimwishlist:item=3856342856&perks=839105230,3230963543,1354429876,654512643
dimwishlist:item=3856342856&perks=839105230,3230963543,1115162408,3764420437
dimwishlist:item=3856342856&perks=839105230,3230963543,1115162408,654512643
dimwishlist:item=3856342856&perks=4090651448,3142289711,1354429876,3764420437
dimwishlist:item=3856342856&perks=4090651448,3142289711,1354429876,654512643
dimwishlist:item=3856342856&perks=4090651448,3142289711,1115162408,3764420437
dimwishlist:item=3856342856&perks=4090651448,3142289711,1115162408,654512643
dimwishlist:item=3856342856&perks=4090651448,1087426260,1354429876,3764420437
dimwishlist:item=3856342856&perks=4090651448,1087426260,1354429876,654512643
dimwishlist:item=3856342856&perks=4090651448,1087426260,1115162408,3764420437
dimwishlist:item=3856342856&perks=4090651448,1087426260,1115162408,654512643
dimwishlist:item=3856342856&perks=4090651448,106909392,1354429876,3764420437
dimwishlist:item=3856342856&perks=4090651448,106909392,1354429876,654512643
dimwishlist:item=3856342856&perks=4090651448,106909392,1115162408,3764420437
dimwishlist:item=3856342856&perks=4090651448,106909392,1115162408,654512643
dimwishlist:item=3856342856&perks=4090651448,1431678320,1354429876,3764420437
dimwishlist:item=3856342856&perks=4090651448,1431678320,1354429876,654512643
dimwishlist:item=3856342856&perks=4090651448,1431678320,1115162408,3764420437
dimwishlist:item=3856342856&perks=4090651448,1431678320,1115162408,654512643
dimwishlist:item=3856342856&perks=4090651448,3230963543,1354429876,3764420437
dimwishlist:item=3856342856&perks=4090651448,3230963543,1354429876,654512643
dimwishlist:item=3856342856&perks=4090651448,3230963543,1115162408,3764420437
dimwishlist:item=3856342856&perks=4090651448,3230963543,1115162408,654512643
dimwishlist:item=3856342856&perks=1840239774,3142289711,1354429876,3764420437
dimwishlist:item=3856342856&perks=1840239774,3142289711,1354429876,654512643
dimwishlist:item=3856342856&perks=1840239774,3142289711,1115162408,3764420437
dimwishlist:item=3856342856&perks=1840239774,3142289711,1115162408,654512643
dimwishlist:item=3856342856&perks=1840239774,1087426260,1354429876,3764420437
dimwishlist:item=3856342856&perks=1840239774,1087426260,1354429876,654512643
dimwishlist:item=3856342856&perks=1840239774,1087426260,1115162408,3764420437
dimwishlist:item=3856342856&perks=1840239774,1087426260,1115162408,654512643
dimwishlist:item=3856342856&perks=1840239774,106909392,1354429876,3764420437
dimwishlist:item=3856342856&perks=1840239774,106909392,1354429876,654512643
dimwishlist:item=3856342856&perks=1840239774,106909392,1115162408,3764420437
dimwishlist:item=3856342856&perks=1840239774,106909392,1115162408,654512643
dimwishlist:item=3856342856&perks=1840239774,1431678320,1354429876,3764420437
dimwishlist:item=3856342856&perks=1840239774,1431678320,1354429876,654512643
dimwishlist:item=3856342856&perks=1840239774,1431678320,1115162408,3764420437
dimwishlist:item=3856342856&perks=1840239774,1431678320,1115162408,654512643
dimwishlist:item=3856342856&perks=1840239774,3230963543,1354429876,3764420437
dimwishlist:item=3856342856&perks=1840239774,3230963543,1354429876,654512643
dimwishlist:item=3856342856&perks=1840239774,3230963543,1115162408,3764420437
dimwishlist:item=3856342856&perks=1840239774,3230963543,1115162408,654512643
dimwishlist:item=3856342856&perks=3250034553,3142289711,1354429876,3764420437
dimwishlist:item=3856342856&perks=3250034553,3142289711,1354429876,654512643
dimwishlist:item=3856342856&perks=3250034553,3142289711,1115162408,3764420437
dimwishlist:item=3856342856&perks=3250034553,3142289711,1115162408,654512643
dimwishlist:item=3856342856&perks=3250034553,1087426260,1354429876,3764420437
dimwishlist:item=3856342856&perks=3250034553,1087426260,1354429876,654512643
dimwishlist:item=3856342856&perks=3250034553,1087426260,1115162408,3764420437
dimwishlist:item=3856342856&perks=3250034553,1087426260,1115162408,654512643
dimwishlist:item=3856342856&perks=3250034553,106909392,1354429876,3764420437
dimwishlist:item=3856342856&perks=3250034553,106909392,1354429876,654512643
dimwishlist:item=3856342856&perks=3250034553,106909392,1115162408,3764420437
dimwishlist:item=3856342856&perks=3250034553,106909392,1115162408,654512643
dimwishlist:item=3856342856&perks=3250034553,1431678320,1354429876,3764420437
dimwishlist:item=3856342856&perks=3250034553,1431678320,1354429876,654512643
dimwishlist:item=3856342856&perks=3250034553,1431678320,1115162408,3764420437
dimwishlist:item=3856342856&perks=3250034553,1431678320,1115162408,654512643
dimwishlist:item=3856342856&perks=3250034553,3230963543,1354429876,3764420437
dimwishlist:item=3856342856&perks=3250034553,3230963543,1354429876,654512643
dimwishlist:item=3856342856&perks=3250034553,3230963543,1115162408,3764420437
dimwishlist:item=3856342856&perks=3250034553,3230963543,1115162408,654512643
dimwishlist:item=3856342856&perks=1392496348,3142289711,1354429876,3764420437
dimwishlist:item=3856342856&perks=1392496348,3142289711,1354429876,654512643
dimwishlist:item=3856342856&perks=1392496348,3142289711,1115162408,3764420437
dimwishlist:item=3856342856&perks=1392496348,3142289711,1115162408,654512643
dimwishlist:item=3856342856&perks=1392496348,1087426260,1354429876,3764420437
dimwishlist:item=3856342856&perks=1392496348,1087426260,1354429876,654512643
dimwishlist:item=3856342856&perks=1392496348,1087426260,1115162408,3764420437
dimwishlist:item=3856342856&perks=1392496348,1087426260,1115162408,654512643
dimwishlist:item=3856342856&perks=1392496348,106909392,1354429876,3764420437
dimwishlist:item=3856342856&perks=1392496348,106909392,1354429876,654512643
dimwishlist:item=3856342856&perks=1392496348,106909392,1115162408,3764420437
dimwishlist:item=3856342856&perks=1392496348,106909392,1115162408,654512643
dimwishlist:item=3856342856&perks=1392496348,1431678320,1354429876,3764420437
dimwishlist:item=3856342856&perks=1392496348,1431678320,1354429876,654512643
dimwishlist:item=3856342856&perks=1392496348,1431678320,1115162408,3764420437
dimwishlist:item=3856342856&perks=1392496348,1431678320,1115162408,654512643
dimwishlist:item=3856342856&perks=1392496348,3230963543,1354429876,3764420437
dimwishlist:item=3856342856&perks=1392496348,3230963543,1354429876,654512643
dimwishlist:item=3856342856&perks=1392496348,3230963543,1115162408,3764420437
dimwishlist:item=3856342856&perks=1392496348,3230963543,1115162408,654512643
dimwishlist:item=3856342856&perks=1482024992,3142289711,1354429876,3764420437
dimwishlist:item=3856342856&perks=1482024992,3142289711,1354429876,654512643
dimwishlist:item=3856342856&perks=1482024992,3142289711,1115162408,3764420437
dimwishlist:item=3856342856&perks=1482024992,3142289711,1115162408,654512643
dimwishlist:item=3856342856&perks=1482024992,1087426260,1354429876,3764420437
dimwishlist:item=3856342856&perks=1482024992,1087426260,1354429876,654512643
dimwishlist:item=3856342856&perks=1482024992,1087426260,1115162408,3764420437
dimwishlist:item=3856342856&perks=1482024992,1087426260,1115162408,654512643
dimwishlist:item=3856342856&perks=1482024992,106909392,1354429876,3764420437
dimwishlist:item=3856342856&perks=1482024992,106909392,1354429876,654512643
dimwishlist:item=3856342856&perks=1482024992,106909392,1115162408,3764420437
dimwishlist:item=3856342856&perks=1482024992,106909392,1115162408,654512643
dimwishlist:item=3856342856&perks=1482024992,1431678320,1354429876,3764420437
dimwishlist:item=3856342856&perks=1482024992,1431678320,1354429876,654512643
dimwishlist:item=3856342856&perks=1482024992,1431678320,1115162408,3764420437
dimwishlist:item=3856342856&perks=1482024992,1431678320,1115162408,654512643
dimwishlist:item=3856342856&perks=1482024992,3230963543,1354429876,3764420437
dimwishlist:item=3856342856&perks=1482024992,3230963543,1354429876,654512643
dimwishlist:item=3856342856&perks=1482024992,3230963543,1115162408,3764420437
dimwishlist:item=3856342856&perks=1482024992,3230963543,1115162408,654512643


// Kindled Orchid (god-pve)
//notes: tags:god-pve
dimwishlist:item=3961462214&perks=839105230,106909392,776531651,2048641572
dimwishlist:item=3961462214&perks=839105230,106909392,776531651,1464081238
dimwishlist:item=3961462214&perks=839105230,106909392,776531651,3038247973
dimwishlist:item=3961462214&perks=839105230,106909392,776531651,3425386926
dimwishlist:item=3961462214&perks=839105230,106909392,776531651,3081867624
dimwishlist:item=3961462214&perks=839105230,106909392,776531651,2720533289
dimwishlist:item=3961462214&perks=839105230,106909392,3700496672,2048641572
dimwishlist:item=3961462214&perks=839105230,106909392,3700496672,1464081238
dimwishlist:item=3961462214&perks=839105230,106909392,3700496672,3038247973
dimwishlist:item=3961462214&perks=839105230,106909392,3700496672,3425386926
dimwishlist:item=3961462214&perks=839105230,106909392,3700496672,3081867624
dimwishlist:item=3961462214&perks=839105230,106909392,3700496672,2720533289
dimwishlist:item=3961462214&perks=839105230,106909392,1015611457,2048641572
dimwishlist:item=3961462214&perks=839105230,106909392,1015611457,1464081238
dimwishlist:item=3961462214&perks=839105230,106909392,1015611457,3038247973
dimwishlist:item=3961462214&perks=839105230,106909392,1015611457,3425386926
dimwishlist:item=3961462214&perks=839105230,106909392,1015611457,3081867624
dimwishlist:item=3961462214&perks=839105230,106909392,1015611457,2720533289
dimwishlist:item=3961462214&perks=839105230,1431678320,776531651,2048641572
dimwishlist:item=3961462214&perks=839105230,1431678320,776531651,1464081238
dimwishlist:item=3961462214&perks=839105230,1431678320,776531651,3038247973
dimwishlist:item=3961462214&perks=839105230,1431678320,776531651,3425386926
dimwishlist:item=3961462214&perks=839105230,1431678320,776531651,3081867624
dimwishlist:item=3961462214&perks=839105230,1431678320,776531651,2720533289
dimwishlist:item=3961462214&perks=839105230,1431678320,3700496672,2048641572
dimwishlist:item=3961462214&perks=839105230,1431678320,3700496672,1464081238
dimwishlist:item=3961462214&perks=839105230,1431678320,3700496672,3038247973
dimwishlist:item=3961462214&perks=839105230,1431678320,3700496672,3425386926
dimwishlist:item=3961462214&perks=839105230,1431678320,3700496672,3081867624
dimwishlist:item=3961462214&perks=839105230,1431678320,3700496672,2720533289
dimwishlist:item=3961462214&perks=839105230,1431678320,1015611457,2048641572
dimwishlist:item=3961462214&perks=839105230,1431678320,1015611457,1464081238
dimwishlist:item=3961462214&perks=839105230,1431678320,1015611457,3038247973
dimwishlist:item=3961462214&perks=839105230,1431678320,1015611457,3425386926
dimwishlist:item=3961462214&perks=839105230,1431678320,1015611457,3081867624
dimwishlist:item=3961462214&perks=839105230,1431678320,1015611457,2720533289
dimwishlist:item=3961462214&perks=839105230,3230963543,776531651,2048641572
dimwishlist:item=3961462214&perks=839105230,3230963543,776531651,1464081238
dimwishlist:item=3961462214&perks=839105230,3230963543,776531651,3038247973
dimwishlist:item=3961462214&perks=839105230,3230963543,776531651,3425386926
dimwishlist:item=3961462214&perks=839105230,3230963543,776531651,3081867624
dimwishlist:item=3961462214&perks=839105230,3230963543,776531651,2720533289
dimwishlist:item=3961462214&perks=839105230,3230963543,3700496672,2048641572
dimwishlist:item=3961462214&perks=839105230,3230963543,3700496672,1464081238
dimwishlist:item=3961462214&perks=839105230,3230963543,3700496672,3038247973
dimwishlist:item=3961462214&perks=839105230,3230963543,3700496672,3425386926
dimwishlist:item=3961462214&perks=839105230,3230963543,3700496672,3081867624
dimwishlist:item=3961462214&perks=839105230,3230963543,3700496672,2720533289
dimwishlist:item=3961462214&perks=839105230,3230963543,1015611457,2048641572
dimwishlist:item=3961462214&perks=839105230,3230963543,1015611457,1464081238
dimwishlist:item=3961462214&perks=839105230,3230963543,1015611457,3038247973
dimwishlist:item=3961462214&perks=839105230,3230963543,1015611457,3425386926
dimwishlist:item=3961462214&perks=839105230,3230963543,1015611457,3081867624
dimwishlist:item=3961462214&perks=839105230,3230963543,1015611457,2720533289
dimwishlist:item=3961462214&perks=839105230,679225683,776531651,2048641572
dimwishlist:item=3961462214&perks=839105230,679225683,776531651,1464081238
dimwishlist:item=3961462214&perks=839105230,679225683,776531651,3038247973
dimwishlist:item=3961462214&perks=839105230,679225683,776531651,3425386926
dimwishlist:item=3961462214&perks=839105230,679225683,776531651,3081867624
dimwishlist:item=3961462214&perks=839105230,679225683,776531651,2720533289
dimwishlist:item=3961462214&perks=839105230,679225683,3700496672,2048641572
dimwishlist:item=3961462214&perks=839105230,679225683,3700496672,1464081238
dimwishlist:item=3961462214&perks=839105230,679225683,3700496672,3038247973
dimwishlist:item=3961462214&perks=839105230,679225683,3700496672,3425386926
dimwishlist:item=3961462214&perks=839105230,679225683,3700496672,3081867624
dimwishlist:item=3961462214&perks=839105230,679225683,3700496672,2720533289
dimwishlist:item=3961462214&perks=839105230,679225683,1015611457,2048641572
dimwishlist:item=3961462214&perks=839105230,679225683,1015611457,1464081238
dimwishlist:item=3961462214&perks=839105230,679225683,1015611457,3038247973
dimwishlist:item=3961462214&perks=839105230,679225683,1015611457,3425386926
dimwishlist:item=3961462214&perks=839105230,679225683,1015611457,3081867624
dimwishlist:item=3961462214&perks=839105230,679225683,1015611457,2720533289
dimwishlist:item=3961462214&perks=4090651448,106909392,776531651,2048641572
dimwishlist:item=3961462214&perks=4090651448,106909392,776531651,1464081238
dimwishlist:item=3961462214&perks=4090651448,106909392,776531651,3038247973
dimwishlist:item=3961462214&perks=4090651448,106909392,776531651,3425386926
dimwishlist:item=3961462214&perks=4090651448,106909392,776531651,3081867624
dimwishlist:item=3961462214&perks=4090651448,106909392,776531651,2720533289
dimwishlist:item=3961462214&perks=4090651448,106909392,3700496672,2048641572
dimwishlist:item=3961462214&perks=4090651448,106909392,3700496672,1464081238
dimwishlist:item=3961462214&perks=4090651448,106909392,3700496672,3038247973
dimwishlist:item=3961462214&perks=4090651448,106909392,3700496672,3425386926
dimwishlist:item=3961462214&perks=4090651448,106909392,3700496672,3081867624
dimwishlist:item=3961462214&perks=4090651448,106909392,3700496672,2720533289
dimwishlist:item=3961462214&perks=4090651448,106909392,1015611457,2048641572
dimwishlist:item=3961462214&perks=4090651448,106909392,1015611457,1464081238
dimwishlist:item=3961462214&perks=4090651448,106909392,1015611457,3038247973
dimwishlist:item=3961462214&perks=4090651448,106909392,1015611457,3425386926
dimwishlist:item=3961462214&perks=4090651448,106909392,1015611457,3081867624
dimwishlist:item=3961462214&perks=4090651448,106909392,1015611457,2720533289
dimwishlist:item=3961462214&perks=4090651448,1431678320,776531651,2048641572
dimwishlist:item=3961462214&perks=4090651448,1431678320,776531651,1464081238
dimwishlist:item=3961462214&perks=4090651448,1431678320,776531651,3038247973
dimwishlist:item=3961462214&perks=4090651448,1431678320,776531651,3425386926
dimwishlist:item=3961462214&perks=4090651448,1431678320,776531651,3081867624
dimwishlist:item=3961462214&perks=4090651448,1431678320,776531651,2720533289
dimwishlist:item=3961462214&perks=4090651448,1431678320,3700496672,2048641572
dimwishlist:item=3961462214&perks=4090651448,1431678320,3700496672,1464081238
dimwishlist:item=3961462214&perks=4090651448,1431678320,3700496672,3038247973
dimwishlist:item=3961462214&perks=4090651448,1431678320,3700496672,3425386926
dimwishlist:item=3961462214&perks=4090651448,1431678320,3700496672,3081867624
dimwishlist:item=3961462214&perks=4090651448,1431678320,3700496672,2720533289
dimwishlist:item=3961462214&perks=4090651448,1431678320,1015611457,2048641572
dimwishlist:item=3961462214&perks=4090651448,1431678320,1015611457,1464081238
dimwishlist:item=3961462214&perks=4090651448,1431678320,1015611457,3038247973
dimwishlist:item=3961462214&perks=4090651448,1431678320,1015611457,3425386926
dimwishlist:item=3961462214&perks=4090651448,1431678320,1015611457,3081867624
dimwishlist:item=3961462214&perks=4090651448,1431678320,1015611457,2720533289
dimwishlist:item=3961462214&perks=4090651448,3230963543,776531651,2048641572
dimwishlist:item=3961462214&perks=4090651448,3230963543,776531651,1464081238
dimwishlist:item=3961462214&perks=4090651448,3230963543,776531651,3038247973
dimwishlist:item=3961462214&perks=4090651448,3230963543,776531651,3425386926
dimwishlist:item=3961462214&perks=4090651448,3230963543,776531651,3081867624
dimwishlist:item=3961462214&perks=4090651448,3230963543,776531651,2720533289
dimwishlist:item=3961462214&perks=4090651448,3230963543,3700496672,2048641572
dimwishlist:item=3961462214&perks=4090651448,3230963543,3700496672,1464081238
dimwishlist:item=3961462214&perks=4090651448,3230963543,3700496672,3038247973
dimwishlist:item=3961462214&perks=4090651448,3230963543,3700496672,3425386926
dimwishlist:item=3961462214&perks=4090651448,3230963543,3700496672,3081867624
dimwishlist:item=3961462214&perks=4090651448,3230963543,3700496672,2720533289
dimwishlist:item=3961462214&perks=4090651448,3230963543,1015611457,2048641572
dimwishlist:item=3961462214&perks=4090651448,3230963543,1015611457,1464081238
dimwishlist:item=3961462214&perks=4090651448,3230963543,1015611457,3038247973
dimwishlist:item=3961462214&perks=4090651448,3230963543,1015611457,3425386926
dimwishlist:item=3961462214&perks=4090651448,3230963543,1015611457,3081867624
dimwishlist:item=3961462214&perks=4090651448,3230963543,1015611457,2720533289
dimwishlist:item=3961462214&perks=4090651448,679225683,776531651,2048641572
dimwishlist:item=3961462214&perks=4090651448,679225683,776531651,1464081238
dimwishlist:item=3961462214&perks=4090651448,679225683,776531651,3038247973
dimwishlist:item=3961462214&perks=4090651448,679225683,776531651,3425386926
dimwishlist:item=3961462214&perks=4090651448,679225683,776531651,3081867624
dimwishlist:item=3961462214&perks=4090651448,679225683,776531651,2720533289
dimwishlist:item=3961462214&perks=4090651448,679225683,3700496672,2048641572
dimwishlist:item=3961462214&perks=4090651448,679225683,3700496672,1464081238
dimwishlist:item=3961462214&perks=4090651448,679225683,3700496672,3038247973
dimwishlist:item=3961462214&perks=4090651448,679225683,3700496672,3425386926
dimwishlist:item=3961462214&perks=4090651448,679225683,3700496672,3081867624
dimwishlist:item=3961462214&perks=4090651448,679225683,3700496672,2720533289
dimwishlist:item=3961462214&perks=4090651448,679225683,1015611457,2048641572
dimwishlist:item=3961462214&perks=4090651448,679225683,1015611457,1464081238
dimwishlist:item=3961462214&perks=4090651448,679225683,1015611457,3038247973
dimwishlist:item=3961462214&perks=4090651448,679225683,1015611457,3425386926
dimwishlist:item=3961462214&perks=4090651448,679225683,1015611457,3081867624
dimwishlist:item=3961462214&perks=4090651448,679225683,1015611457,2720533289
dimwishlist:item=3961462214&perks=1840239774,106909392,776531651,2048641572
dimwishlist:item=3961462214&perks=1840239774,106909392,776531651,1464081238
dimwishlist:item=3961462214&perks=1840239774,106909392,776531651,3038247973
dimwishlist:item=3961462214&perks=1840239774,106909392,776531651,3425386926
dimwishlist:item=3961462214&perks=1840239774,106909392,776531651,3081867624
dimwishlist:item=3961462214&perks=1840239774,106909392,776531651,2720533289
dimwishlist:item=3961462214&perks=1840239774,106909392,3700496672,2048641572
dimwishlist:item=3961462214&perks=1840239774,106909392,3700496672,1464081238
dimwishlist:item=3961462214&perks=1840239774,106909392,3700496672,3038247973
dimwishlist:item=3961462214&perks=1840239774,106909392,3700496672,3425386926
dimwishlist:item=3961462214&perks=1840239774,106909392,3700496672,3081867624
dimwishlist:item=3961462214&perks=1840239774,106909392,3700496672,2720533289
dimwishlist:item=3961462214&perks=1840239774,106909392,1015611457,2048641572
dimwishlist:item=3961462214&perks=1840239774,106909392,1015611457,1464081238
dimwishlist:item=3961462214&perks=1840239774,106909392,1015611457,3038247973
dimwishlist:item=3961462214&perks=1840239774,106909392,1015611457,3425386926
dimwishlist:item=3961462214&perks=1840239774,106909392,1015611457,3081867624
dimwishlist:item=3961462214&perks=1840239774,106909392,1015611457,2720533289
dimwishlist:item=3961462214&perks=1840239774,1431678320,776531651,2048641572
dimwishlist:item=3961462214&perks=1840239774,1431678320,776531651,1464081238
dimwishlist:item=3961462214&perks=1840239774,1431678320,776531651,3038247973
dimwishlist:item=3961462214&perks=1840239774,1431678320,776531651,3425386926
dimwishlist:item=3961462214&perks=1840239774,1431678320,776531651,3081867624
dimwishlist:item=3961462214&perks=1840239774,1431678320,776531651,2720533289
dimwishlist:item=3961462214&perks=1840239774,1431678320,3700496672,2048641572
dimwishlist:item=3961462214&perks=1840239774,1431678320,3700496672,1464081238
dimwishlist:item=3961462214&perks=1840239774,1431678320,3700496672,3038247973
dimwishlist:item=3961462214&perks=1840239774,1431678320,3700496672,3425386926
dimwishlist:item=3961462214&perks=1840239774,1431678320,3700496672,3081867624
dimwishlist:item=3961462214&perks=1840239774,1431678320,3700496672,2720533289
dimwishlist:item=3961462214&perks=1840239774,1431678320,1015611457,2048641572
dimwishlist:item=3961462214&perks=1840239774,1431678320,1015611457,1464081238
dimwishlist:item=3961462214&perks=1840239774,1431678320,1015611457,3038247973
dimwishlist:item=3961462214&perks=1840239774,1431678320,1015611457,3425386926
dimwishlist:item=3961462214&perks=1840239774,1431678320,1015611457,3081867624
dimwishlist:item=3961462214&perks=1840239774,1431678320,1015611457,2720533289
dimwishlist:item=3961462214&perks=1840239774,3230963543,776531651,2048641572
dimwishlist:item=3961462214&perks=1840239774,3230963543,776531651,1464081238
dimwishlist:item=3961462214&perks=1840239774,3230963543,776531651,3038247973
dimwishlist:item=3961462214&perks=1840239774,3230963543,776531651,3425386926
dimwishlist:item=3961462214&perks=1840239774,3230963543,776531651,3081867624
dimwishlist:item=3961462214&perks=1840239774,3230963543,776531651,2720533289
dimwishlist:item=3961462214&perks=1840239774,3230963543,3700496672,2048641572
dimwishlist:item=3961462214&perks=1840239774,3230963543,3700496672,1464081238
dimwishlist:item=3961462214&perks=1840239774,3230963543,3700496672,3038247973
dimwishlist:item=3961462214&perks=1840239774,3230963543,3700496672,3425386926
dimwishlist:item=3961462214&perks=1840239774,3230963543,3700496672,3081867624
dimwishlist:item=3961462214&perks=1840239774,3230963543,3700496672,2720533289
dimwishlist:item=3961462214&perks=1840239774,3230963543,1015611457,2048641572
dimwishlist:item=3961462214&perks=1840239774,3230963543,1015611457,1464081238
dimwishlist:item=3961462214&perks=1840239774,3230963543,1015611457,3038247973
dimwishlist:item=3961462214&perks=1840239774,3230963543,1015611457,3425386926
dimwishlist:item=3961462214&perks=1840239774,3230963543,1015611457,3081867624
dimwishlist:item=3961462214&perks=1840239774,3230963543,1015611457,2720533289
dimwishlist:item=3961462214&perks=1840239774,679225683,776531651,2048641572
dimwishlist:item=3961462214&perks=1840239774,679225683,776531651,1464081238
dimwishlist:item=3961462214&perks=1840239774,679225683,776531651,3038247973
dimwishlist:item=3961462214&perks=1840239774,679225683,776531651,3425386926
dimwishlist:item=3961462214&perks=1840239774,679225683,776531651,3081867624
dimwishlist:item=3961462214&perks=1840239774,679225683,776531651,2720533289
dimwishlist:item=3961462214&perks=1840239774,679225683,3700496672,2048641572
dimwishlist:item=3961462214&perks=1840239774,679225683,3700496672,1464081238
dimwishlist:item=3961462214&perks=1840239774,679225683,3700496672,3038247973
dimwishlist:item=3961462214&perks=1840239774,679225683,3700496672,3425386926
dimwishlist:item=3961462214&perks=1840239774,679225683,3700496672,3081867624
dimwishlist:item=3961462214&perks=1840239774,679225683,3700496672,2720533289
dimwishlist:item=3961462214&perks=1840239774,679225683,1015611457,2048641572
dimwishlist:item=3961462214&perks=1840239774,679225683,1015611457,1464081238
dimwishlist:item=3961462214&perks=1840239774,679225683,1015611457,3038247973
dimwishlist:item=3961462214&perks=1840239774,679225683,1015611457,3425386926
dimwishlist:item=3961462214&perks=1840239774,679225683,1015611457,3081867624
dimwishlist:item=3961462214&perks=1840239774,679225683,1015611457,2720533289
dimwishlist:item=3961462214&perks=3250034553,106909392,776531651,2048641572
dimwishlist:item=3961462214&perks=3250034553,106909392,776531651,1464081238
dimwishlist:item=3961462214&perks=3250034553,106909392,776531651,3038247973
dimwishlist:item=3961462214&perks=3250034553,106909392,776531651,3425386926
dimwishlist:item=3961462214&perks=3250034553,106909392,776531651,3081867624
dimwishlist:item=3961462214&perks=3250034553,106909392,776531651,2720533289
dimwishlist:item=3961462214&perks=3250034553,106909392,3700496672,2048641572
dimwishlist:item=3961462214&perks=3250034553,106909392,3700496672,1464081238
dimwishlist:item=3961462214&perks=3250034553,106909392,3700496672,3038247973
dimwishlist:item=3961462214&perks=3250034553,106909392,3700496672,3425386926
dimwishlist:item=3961462214&perks=3250034553,106909392,3700496672,3081867624
dimwishlist:item=3961462214&perks=3250034553,106909392,3700496672,2720533289
dimwishlist:item=3961462214&perks=3250034553,106909392,1015611457,2048641572
dimwishlist:item=3961462214&perks=3250034553,106909392,1015611457,1464081238
dimwishlist:item=3961462214&perks=3250034553,106909392,1015611457,3038247973
dimwishlist:item=3961462214&perks=3250034553,106909392,1015611457,3425386926
dimwishlist:item=3961462214&perks=3250034553,106909392,1015611457,3081867624
dimwishlist:item=3961462214&perks=3250034553,106909392,1015611457,2720533289
dimwishlist:item=3961462214&perks=3250034553,1431678320,776531651,2048641572
dimwishlist:item=3961462214&perks=3250034553,1431678320,776531651,1464081238
dimwishlist:item=3961462214&perks=3250034553,1431678320,776531651,3038247973
dimwishlist:item=3961462214&perks=3250034553,1431678320,776531651,3425386926
dimwishlist:item=3961462214&perks=3250034553,1431678320,776531651,3081867624
dimwishlist:item=3961462214&perks=3250034553,1431678320,776531651,2720533289
dimwishlist:item=3961462214&perks=3250034553,1431678320,3700496672,2048641572
dimwishlist:item=3961462214&perks=3250034553,1431678320,3700496672,1464081238
dimwishlist:item=3961462214&perks=3250034553,1431678320,3700496672,3038247973
dimwishlist:item=3961462214&perks=3250034553,1431678320,3700496672,3425386926
dimwishlist:item=3961462214&perks=3250034553,1431678320,3700496672,3081867624
dimwishlist:item=3961462214&perks=3250034553,1431678320,3700496672,2720533289
dimwishlist:item=3961462214&perks=3250034553,1431678320,1015611457,2048641572
dimwishlist:item=3961462214&perks=3250034553,1431678320,1015611457,1464081238
dimwishlist:item=3961462214&perks=3250034553,1431678320,1015611457,3038247973
dimwishlist:item=3961462214&perks=3250034553,1431678320,1015611457,3425386926
dimwishlist:item=3961462214&perks=3250034553,1431678320,1015611457,3081867624
dimwishlist:item=3961462214&perks=3250034553,1431678320,1015611457,2720533289
dimwishlist:item=3961462214&perks=3250034553,3230963543,776531651,2048641572
dimwishlist:item=3961462214&perks=3250034553,3230963543,776531651,1464081238
dimwishlist:item=3961462214&perks=3250034553,3230963543,776531651,3038247973
dimwishlist:item=3961462214&perks=3250034553,3230963543,776531651,3425386926
dimwishlist:item=3961462214&perks=3250034553,3230963543,776531651,3081867624
dimwishlist:item=3961462214&perks=3250034553,3230963543,776531651,2720533289
dimwishlist:item=3961462214&perks=3250034553,3230963543,3700496672,2048641572
dimwishlist:item=3961462214&perks=3250034553,3230963543,3700496672,1464081238
dimwishlist:item=3961462214&perks=3250034553,3230963543,3700496672,3038247973
dimwishlist:item=3961462214&perks=3250034553,3230963543,3700496672,3425386926
dimwishlist:item=3961462214&perks=3250034553,3230963543,3700496672,3081867624
dimwishlist:item=3961462214&perks=3250034553,3230963543,3700496672,2720533289
dimwishlist:item=3961462214&perks=3250034553,3230963543,1015611457,2048641572
dimwishlist:item=3961462214&perks=3250034553,3230963543,1015611457,1464081238
dimwishlist:item=3961462214&perks=3250034553,3230963543,1015611457,3038247973
dimwishlist:item=3961462214&perks=3250034553,3230963543,1015611457,3425386926
dimwishlist:item=3961462214&perks=3250034553,3230963543,1015611457,3081867624
dimwishlist:item=3961462214&perks=3250034553,3230963543,1015611457,2720533289
dimwishlist:item=3961462214&perks=3250034553,679225683,776531651,2048641572
dimwishlist:item=3961462214&perks=3250034553,679225683,776531651,1464081238
dimwishlist:item=3961462214&perks=3250034553,679225683,776531651,3038247973
dimwishlist:item=3961462214&perks=3250034553,679225683,776531651,3425386926
dimwishlist:item=3961462214&perks=3250034553,679225683,776531651,3081867624
dimwishlist:item=3961462214&perks=3250034553,679225683,776531651,2720533289
dimwishlist:item=3961462214&perks=3250034553,679225683,3700496672,2048641572
dimwishlist:item=3961462214&perks=3250034553,679225683,3700496672,1464081238
dimwishlist:item=3961462214&perks=3250034553,679225683,3700496672,3038247973
dimwishlist:item=3961462214&perks=3250034553,679225683,3700496672,3425386926
dimwishlist:item=3961462214&perks=3250034553,679225683,3700496672,3081867624
dimwishlist:item=3961462214&perks=3250034553,679225683,3700496672,2720533289
dimwishlist:item=3961462214&perks=3250034553,679225683,1015611457,2048641572
dimwishlist:item=3961462214&perks=3250034553,679225683,1015611457,1464081238
dimwishlist:item=3961462214&perks=3250034553,679225683,1015611457,3038247973
dimwishlist:item=3961462214&perks=3250034553,679225683,1015611457,3425386926
dimwishlist:item=3961462214&perks=3250034553,679225683,1015611457,3081867624
dimwishlist:item=3961462214&perks=3250034553,679225683,1015611457,2720533289
dimwishlist:item=3961462214&perks=1392496348,106909392,776531651,2048641572
dimwishlist:item=3961462214&perks=1392496348,106909392,776531651,1464081238
dimwishlist:item=3961462214&perks=1392496348,106909392,776531651,3038247973
dimwishlist:item=3961462214&perks=1392496348,106909392,776531651,3425386926
dimwishlist:item=3961462214&perks=1392496348,106909392,776531651,3081867624
dimwishlist:item=3961462214&perks=1392496348,106909392,776531651,2720533289
dimwishlist:item=3961462214&perks=1392496348,106909392,3700496672,2048641572
dimwishlist:item=3961462214&perks=1392496348,106909392,3700496672,1464081238
dimwishlist:item=3961462214&perks=1392496348,106909392,3700496672,3038247973
dimwishlist:item=3961462214&perks=1392496348,106909392,3700496672,3425386926
dimwishlist:item=3961462214&perks=1392496348,106909392,3700496672,3081867624
dimwishlist:item=3961462214&perks=1392496348,106909392,3700496672,2720533289
dimwishlist:item=3961462214&perks=1392496348,106909392,1015611457,2048641572
dimwishlist:item=3961462214&perks=1392496348,106909392,1015611457,1464081238
dimwishlist:item=3961462214&perks=1392496348,106909392,1015611457,3038247973
dimwishlist:item=3961462214&perks=1392496348,106909392,1015611457,3425386926
dimwishlist:item=3961462214&perks=1392496348,106909392,1015611457,3081867624
dimwishlist:item=3961462214&perks=1392496348,106909392,1015611457,2720533289
dimwishlist:item=3961462214&perks=1392496348,1431678320,776531651,2048641572
dimwishlist:item=3961462214&perks=1392496348,1431678320,776531651,1464081238
dimwishlist:item=3961462214&perks=1392496348,1431678320,776531651,3038247973
dimwishlist:item=3961462214&perks=1392496348,1431678320,776531651,3425386926
dimwishlist:item=3961462214&perks=1392496348,1431678320,776531651,3081867624
dimwishlist:item=3961462214&perks=1392496348,1431678320,776531651,2720533289
dimwishlist:item=3961462214&perks=1392496348,1431678320,3700496672,2048641572
dimwishlist:item=3961462214&perks=1392496348,1431678320,3700496672,1464081238
dimwishlist:item=3961462214&perks=1392496348,1431678320,3700496672,3038247973
dimwishlist:item=3961462214&perks=1392496348,1431678320,3700496672,3425386926
dimwishlist:item=3961462214&perks=1392496348,1431678320,3700496672,3081867624
dimwishlist:item=3961462214&perks=1392496348,1431678320,3700496672,2720533289
dimwishlist:item=3961462214&perks=1392496348,1431678320,1015611457,2048641572
dimwishlist:item=3961462214&perks=1392496348,1431678320,1015611457,1464081238
dimwishlist:item=3961462214&perks=1392496348,1431678320,1015611457,3038247973
dimwishlist:item=3961462214&perks=1392496348,1431678320,1015611457,3425386926
dimwishlist:item=3961462214&perks=1392496348,1431678320,1015611457,3081867624
dimwishlist:item=3961462214&perks=1392496348,1431678320,1015611457,2720533289
dimwishlist:item=3961462214&perks=1392496348,3230963543,776531651,2048641572
dimwishlist:item=3961462214&perks=1392496348,3230963543,776531651,1464081238
dimwishlist:item=3961462214&perks=1392496348,3230963543,776531651,3038247973
dimwishlist:item=3961462214&perks=1392496348,3230963543,776531651,3425386926
dimwishlist:item=3961462214&perks=1392496348,3230963543,776531651,3081867624
dimwishlist:item=3961462214&perks=1392496348,3230963543,776531651,2720533289
dimwishlist:item=3961462214&perks=1392496348,3230963543,3700496672,2048641572
dimwishlist:item=3961462214&perks=1392496348,3230963543,3700496672,1464081238
dimwishlist:item=3961462214&perks=1392496348,3230963543,3700496672,3038247973
dimwishlist:item=3961462214&perks=1392496348,3230963543,3700496672,3425386926
dimwishlist:item=3961462214&perks=1392496348,3230963543,3700496672,3081867624
dimwishlist:item=3961462214&perks=1392496348,3230963543,3700496672,2720533289
dimwishlist:item=3961462214&perks=1392496348,3230963543,1015611457,2048641572
dimwishlist:item=3961462214&perks=1392496348,3230963543,1015611457,1464081238
dimwishlist:item=3961462214&perks=1392496348,3230963543,1015611457,3038247973
dimwishlist:item=3961462214&perks=1392496348,3230963543,1015611457,3425386926
dimwishlist:item=3961462214&perks=1392496348,3230963543,1015611457,3081867624
dimwishlist:item=3961462214&perks=1392496348,3230963543,1015611457,2720533289
dimwishlist:item=3961462214&perks=1392496348,679225683,776531651,2048641572
dimwishlist:item=3961462214&perks=1392496348,679225683,776531651,1464081238
dimwishlist:item=3961462214&perks=1392496348,679225683,776531651,3038247973
dimwishlist:item=3961462214&perks=1392496348,679225683,776531651,3425386926
dimwishlist:item=3961462214&perks=1392496348,679225683,776531651,3081867624
dimwishlist:item=3961462214&perks=1392496348,679225683,776531651,2720533289
dimwishlist:item=3961462214&perks=1392496348,679225683,3700496672,2048641572
dimwishlist:item=3961462214&perks=1392496348,679225683,3700496672,1464081238
dimwishlist:item=3961462214&perks=1392496348,679225683,3700496672,3038247973
dimwishlist:item=3961462214&perks=1392496348,679225683,3700496672,3425386926
dimwishlist:item=3961462214&perks=1392496348,679225683,3700496672,3081867624
dimwishlist:item=3961462214&perks=1392496348,679225683,3700496672,2720533289
dimwishlist:item=3961462214&perks=1392496348,679225683,1015611457,2048641572
dimwishlist:item=3961462214&perks=1392496348,679225683,1015611457,1464081238
dimwishlist:item=3961462214&perks=1392496348,679225683,1015611457,3038247973
dimwishlist:item=3961462214&perks=1392496348,679225683,1015611457,3425386926
dimwishlist:item=3961462214&perks=1392496348,679225683,1015611457,3081867624
dimwishlist:item=3961462214&perks=1392496348,679225683,1015611457,2720533289
dimwishlist:item=3961462214&perks=1482024992,106909392,776531651,2048641572
dimwishlist:item=3961462214&perks=1482024992,106909392,776531651,1464081238
dimwishlist:item=3961462214&perks=1482024992,106909392,776531651,3038247973
dimwishlist:item=3961462214&perks=1482024992,106909392,776531651,3425386926
dimwishlist:item=3961462214&perks=1482024992,106909392,776531651,3081867624
dimwishlist:item=3961462214&perks=1482024992,106909392,776531651,2720533289
dimwishlist:item=3961462214&perks=1482024992,106909392,3700496672,2048641572
dimwishlist:item=3961462214&perks=1482024992,106909392,3700496672,1464081238
dimwishlist:item=3961462214&perks=1482024992,106909392,3700496672,3038247973
dimwishlist:item=3961462214&perks=1482024992,106909392,3700496672,3425386926
dimwishlist:item=3961462214&perks=1482024992,106909392,3700496672,3081867624
dimwishlist:item=3961462214&perks=1482024992,106909392,3700496672,2720533289
dimwishlist:item=3961462214&perks=1482024992,106909392,1015611457,2048641572
dimwishlist:item=3961462214&perks=1482024992,106909392,1015611457,1464081238
dimwishlist:item=3961462214&perks=1482024992,106909392,1015611457,3038247973
dimwishlist:item=3961462214&perks=1482024992,106909392,1015611457,3425386926
dimwishlist:item=3961462214&perks=1482024992,106909392,1015611457,3081867624
dimwishlist:item=3961462214&perks=1482024992,106909392,1015611457,2720533289
dimwishlist:item=3961462214&perks=1482024992,1431678320,776531651,2048641572
dimwishlist:item=3961462214&perks=1482024992,1431678320,776531651,1464081238
dimwishlist:item=3961462214&perks=1482024992,1431678320,776531651,3038247973
dimwishlist:item=3961462214&perks=1482024992,1431678320,776531651,3425386926
dimwishlist:item=3961462214&perks=1482024992,1431678320,776531651,3081867624
dimwishlist:item=3961462214&perks=1482024992,1431678320,776531651,2720533289
dimwishlist:item=3961462214&perks=1482024992,1431678320,3700496672,2048641572
dimwishlist:item=3961462214&perks=1482024992,1431678320,3700496672,1464081238
dimwishlist:item=3961462214&perks=1482024992,1431678320,3700496672,3038247973
dimwishlist:item=3961462214&perks=1482024992,1431678320,3700496672,3425386926
dimwishlist:item=3961462214&perks=1482024992,1431678320,3700496672,3081867624
dimwishlist:item=3961462214&perks=1482024992,1431678320,3700496672,2720533289
dimwishlist:item=3961462214&perks=1482024992,1431678320,1015611457,2048641572
dimwishlist:item=3961462214&perks=1482024992,1431678320,1015611457,1464081238
dimwishlist:item=3961462214&perks=1482024992,1431678320,1015611457,3038247973
dimwishlist:item=3961462214&perks=1482024992,1431678320,1015611457,3425386926
dimwishlist:item=3961462214&perks=1482024992,1431678320,1015611457,3081867624
dimwishlist:item=3961462214&perks=1482024992,1431678320,1015611457,2720533289
dimwishlist:item=3961462214&perks=1482024992,3230963543,776531651,2048641572
dimwishlist:item=3961462214&perks=1482024992,3230963543,776531651,1464081238
dimwishlist:item=3961462214&perks=1482024992,3230963543,776531651,3038247973
dimwishlist:item=3961462214&perks=1482024992,3230963543,776531651,3425386926
dimwishlist:item=3961462214&perks=1482024992,3230963543,776531651,3081867624
dimwishlist:item=3961462214&perks=1482024992,3230963543,776531651,2720533289
dimwishlist:item=3961462214&perks=1482024992,3230963543,3700496672,2048641572
dimwishlist:item=3961462214&perks=1482024992,3230963543,3700496672,1464081238
dimwishlist:item=3961462214&perks=1482024992,3230963543,3700496672,3038247973
dimwishlist:item=3961462214&perks=1482024992,3230963543,3700496672,3425386926
dimwishlist:item=3961462214&perks=1482024992,3230963543,3700496672,3081867624
dimwishlist:item=3961462214&perks=1482024992,3230963543,3700496672,2720533289
dimwishlist:item=3961462214&perks=1482024992,3230963543,1015611457,2048641572
dimwishlist:item=3961462214&perks=1482024992,3230963543,1015611457,1464081238
dimwishlist:item=3961462214&perks=1482024992,3230963543,1015611457,3038247973
dimwishlist:item=3961462214&perks=1482024992,3230963543,1015611457,3425386926
dimwishlist:item=3961462214&perks=1482024992,3230963543,1015611457,3081867624
dimwishlist:item=3961462214&perks=1482024992,3230963543,1015611457,2720533289
dimwishlist:item=3961462214&perks=1482024992,679225683,776531651,2048641572
dimwishlist:item=3961462214&perks=1482024992,679225683,776531651,1464081238
dimwishlist:item=3961462214&perks=1482024992,679225683,776531651,3038247973
dimwishlist:item=3961462214&perks=1482024992,679225683,776531651,3425386926
dimwishlist:item=3961462214&perks=1482024992,679225683,776531651,3081867624
dimwishlist:item=3961462214&perks=1482024992,679225683,776531651,2720533289
dimwishlist:item=3961462214&perks=1482024992,679225683,3700496672,2048641572
dimwishlist:item=3961462214&perks=1482024992,679225683,3700496672,1464081238
dimwishlist:item=3961462214&perks=1482024992,679225683,3700496672,3038247973
dimwishlist:item=3961462214&perks=1482024992,679225683,3700496672,3425386926
dimwishlist:item=3961462214&perks=1482024992,679225683,3700496672,3081867624
dimwishlist:item=3961462214&perks=1482024992,679225683,3700496672,2720533289
dimwishlist:item=3961462214&perks=1482024992,679225683,1015611457,2048641572
dimwishlist:item=3961462214&perks=1482024992,679225683,1015611457,1464081238
dimwishlist:item=3961462214&perks=1482024992,679225683,1015611457,3038247973
dimwishlist:item=3961462214&perks=1482024992,679225683,1015611457,3425386926
dimwishlist:item=3961462214&perks=1482024992,679225683,1015611457,3081867624
dimwishlist:item=3961462214&perks=1482024992,679225683,1015611457,2720533289


// Festival Flight (god-pve)
//notes: tags:god-pve
dimwishlist:item=4019651319&perks=3525010810,2822142346,923806249,243981275
dimwishlist:item=4019651319&perks=3525010810,2822142346,923806249,4049631843
dimwishlist:item=4019651319&perks=3525010810,2822142346,923806249,831391274
dimwishlist:item=4019651319&perks=3525010810,2822142346,3523296417,243981275
dimwishlist:item=4019651319&perks=3525010810,2822142346,3523296417,4049631843
dimwishlist:item=4019651319&perks=3525010810,2822142346,3523296417,831391274
dimwishlist:item=4019651319&perks=3525010810,2822142346,3987942396,243981275
dimwishlist:item=4019651319&perks=3525010810,2822142346,3987942396,4049631843
dimwishlist:item=4019651319&perks=3525010810,2822142346,3987942396,831391274
dimwishlist:item=4019651319&perks=3798852852,2822142346,923806249,243981275
dimwishlist:item=4019651319&perks=3798852852,2822142346,923806249,4049631843
dimwishlist:item=4019651319&perks=3798852852,2822142346,923806249,831391274
dimwishlist:item=4019651319&perks=3798852852,2822142346,3523296417,243981275
dimwishlist:item=4019651319&perks=3798852852,2822142346,3523296417,4049631843
dimwishlist:item=4019651319&perks=3798852852,2822142346,3523296417,831391274
dimwishlist:item=4019651319&perks=3798852852,2822142346,3987942396,243981275
dimwishlist:item=4019651319&perks=3798852852,2822142346,3987942396,4049631843
dimwishlist:item=4019651319&perks=3798852852,2822142346,3987942396,831391274
dimwishlist:item=4019651319&perks=3809316345,2822142346,923806249,243981275
dimwishlist:item=4019651319&perks=3809316345,2822142346,923806249,4049631843
dimwishlist:item=4019651319&perks=3809316345,2822142346,923806249,831391274
dimwishlist:item=4019651319&perks=3809316345,2822142346,3523296417,243981275
dimwishlist:item=4019651319&perks=3809316345,2822142346,3523296417,4049631843
dimwishlist:item=4019651319&perks=3809316345,2822142346,3523296417,831391274
dimwishlist:item=4019651319&perks=3809316345,2822142346,3987942396,243981275
dimwishlist:item=4019651319&perks=3809316345,2822142346,3987942396,4049631843
dimwishlist:item=4019651319&perks=3809316345,2822142346,3987942396,831391274
dimwishlist:item=4019651319&perks=1441682018,2822142346,923806249,243981275
dimwishlist:item=4019651319&perks=1441682018,2822142346,923806249,4049631843
dimwishlist:item=4019651319&perks=1441682018,2822142346,923806249,831391274
dimwishlist:item=4019651319&perks=1441682018,2822142346,3523296417,243981275
dimwishlist:item=4019651319&perks=1441682018,2822142346,3523296417,4049631843
dimwishlist:item=4019651319&perks=1441682018,2822142346,3523296417,831391274
dimwishlist:item=4019651319&perks=1441682018,2822142346,3987942396,243981275
dimwishlist:item=4019651319&perks=1441682018,2822142346,3987942396,4049631843
dimwishlist:item=4019651319&perks=1441682018,2822142346,3987942396,831391274


// Gizmo Weft (god-pve)
//notes: tags:god-pve
dimwishlist:item=4069880346&perks=3525010810,2822142346,1421772400,1439600632
dimwishlist:item=4069880346&perks=3525010810,2822142346,1421772400,3764420437
dimwishlist:item=4069880346&perks=3525010810,2822142346,1421772400,2396489472
dimwishlist:item=4069880346&perks=3525010810,2822142346,3987942396,1439600632
dimwishlist:item=4069880346&perks=3525010810,2822142346,3987942396,3764420437
dimwishlist:item=4069880346&perks=3525010810,2822142346,3987942396,2396489472
dimwishlist:item=4069880346&perks=3525010810,2822142346,923806249,1439600632
dimwishlist:item=4069880346&perks=3525010810,2822142346,923806249,3764420437
dimwishlist:item=4069880346&perks=3525010810,2822142346,923806249,2396489472
dimwishlist:item=4069880346&perks=3525010810,3301904089,1421772400,1439600632
dimwishlist:item=4069880346&perks=3525010810,3301904089,1421772400,3764420437
dimwishlist:item=4069880346&perks=3525010810,3301904089,1421772400,2396489472
dimwishlist:item=4069880346&perks=3525010810,3301904089,3987942396,1439600632
dimwishlist:item=4069880346&perks=3525010810,3301904089,3987942396,3764420437
dimwishlist:item=4069880346&perks=3525010810,3301904089,3987942396,2396489472
dimwishlist:item=4069880346&perks=3525010810,3301904089,923806249,1439600632
dimwishlist:item=4069880346&perks=3525010810,3301904089,923806249,3764420437
dimwishlist:item=4069880346&perks=3525010810,3301904089,923806249,2396489472
dimwishlist:item=4069880346&perks=3525010810,3492396210,1421772400,1439600632
dimwishlist:item=4069880346&perks=3525010810,3492396210,1421772400,3764420437
dimwishlist:item=4069880346&perks=3525010810,3492396210,1421772400,2396489472
dimwishlist:item=4069880346&perks=3525010810,3492396210,3987942396,1439600632
dimwishlist:item=4069880346&perks=3525010810,3492396210,3987942396,3764420437
dimwishlist:item=4069880346&perks=3525010810,3492396210,3987942396,2396489472
dimwishlist:item=4069880346&perks=3525010810,3492396210,923806249,1439600632
dimwishlist:item=4069880346&perks=3525010810,3492396210,923806249,3764420437
dimwishlist:item=4069880346&perks=3525010810,3492396210,923806249,2396489472
dimwishlist:item=4069880346&perks=3798852852,2822142346,1421772400,1439600632
dimwishlist:item=4069880346&perks=3798852852,2822142346,1421772400,3764420437
dimwishlist:item=4069880346&perks=3798852852,2822142346,1421772400,2396489472
dimwishlist:item=4069880346&perks=3798852852,2822142346,3987942396,1439600632
dimwishlist:item=4069880346&perks=3798852852,2822142346,3987942396,3764420437
dimwishlist:item=4069880346&perks=3798852852,2822142346,3987942396,2396489472
dimwishlist:item=4069880346&perks=3798852852,2822142346,923806249,1439600632
dimwishlist:item=4069880346&perks=3798852852,2822142346,923806249,3764420437
dimwishlist:item=4069880346&perks=3798852852,2822142346,923806249,2396489472
dimwishlist:item=4069880346&perks=3798852852,3301904089,1421772400,1439600632
dimwishlist:item=4069880346&perks=3798852852,3301904089,1421772400,3764420437
dimwishlist:item=4069880346&perks=3798852852,3301904089,1421772400,2396489472
dimwishlist:item=4069880346&perks=3798852852,3301904089,3987942396,1439600632
dimwishlist:item=4069880346&perks=3798852852,3301904089,3987942396,3764420437
dimwishlist:item=4069880346&perks=3798852852,3301904089,3987942396,2396489472
dimwishlist:item=4069880346&perks=3798852852,3301904089,923806249,1439600632
dimwishlist:item=4069880346&perks=3798852852,3301904089,923806249,3764420437
dimwishlist:item=4069880346&perks=3798852852,3301904089,923806249,2396489472
dimwishlist:item=4069880346&perks=3798852852,3492396210,1421772400,1439600632
dimwishlist:item=4069880346&perks=3798852852,3492396210,1421772400,3764420437
dimwishlist:item=4069880346&perks=3798852852,3492396210,1421772400,2396489472
dimwishlist:item=4069880346&perks=3798852852,3492396210,3987942396,1439600632
dimwishlist:item=4069880346&perks=3798852852,3492396210,3987942396,3764420437
dimwishlist:item=4069880346&perks=3798852852,3492396210,3987942396,2396489472
dimwishlist:item=4069880346&perks=3798852852,3492396210,923806249,1439600632
dimwishlist:item=4069880346&perks=3798852852,3492396210,923806249,3764420437
dimwishlist:item=4069880346&perks=3798852852,3492396210,923806249,2396489472
dimwishlist:item=4069880346&perks=1441682018,2822142346,1421772400,1439600632
dimwishlist:item=4069880346&perks=1441682018,2822142346,1421772400,3764420437
dimwishlist:item=4069880346&perks=1441682018,2822142346,1421772400,2396489472
dimwishlist:item=4069880346&perks=1441682018,2822142346,3987942396,1439600632
dimwishlist:item=4069880346&perks=1441682018,2822142346,3987942396,3764420437
dimwishlist:item=4069880346&perks=1441682018,2822142346,3987942396,2396489472
dimwishlist:item=4069880346&perks=1441682018,2822142346,923806249,1439600632
dimwishlist:item=4069880346&perks=1441682018,2822142346,923806249,3764420437
dimwishlist:item=4069880346&perks=1441682018,2822142346,923806249,2396489472
dimwishlist:item=4069880346&perks=1441682018,3301904089,1421772400,1439600632
dimwishlist:item=4069880346&perks=1441682018,3301904089,1421772400,3764420437
dimwishlist:item=4069880346&perks=1441682018,3301904089,1421772400,2396489472
dimwishlist:item=4069880346&perks=1441682018,3301904089,3987942396,1439600632
dimwishlist:item=4069880346&perks=1441682018,3301904089,3987942396,3764420437
dimwishlist:item=4069880346&perks=1441682018,3301904089,3987942396,2396489472
dimwishlist:item=4069880346&perks=1441682018,3301904089,923806249,1439600632
dimwishlist:item=4069880346&perks=1441682018,3301904089,923806249,3764420437
dimwishlist:item=4069880346&perks=1441682018,3301904089,923806249,2396489472
dimwishlist:item=4069880346&perks=1441682018,3492396210,1421772400,1439600632
dimwishlist:item=4069880346&perks=1441682018,3492396210,1421772400,3764420437
dimwishlist:item=4069880346&perks=1441682018,3492396210,1421772400,2396489472
dimwishlist:item=4069880346&perks=1441682018,3492396210,3987942396,1439600632
dimwishlist:item=4069880346&perks=1441682018,3492396210,3987942396,3764420437
dimwishlist:item=4069880346&perks=1441682018,3492396210,3987942396,2396489472
dimwishlist:item=4069880346&perks=1441682018,3492396210,923806249,1439600632
dimwishlist:item=4069880346&perks=1441682018,3492396210,923806249,3764420437
dimwishlist:item=4069880346&perks=1441682018,3492396210,923806249,2396489472
dimwishlist:item=4069880346&perks=3809316345,2822142346,1421772400,1439600632
dimwishlist:item=4069880346&perks=3809316345,2822142346,1421772400,3764420437
dimwishlist:item=4069880346&perks=3809316345,2822142346,1421772400,2396489472
dimwishlist:item=4069880346&perks=3809316345,2822142346,3987942396,1439600632
dimwishlist:item=4069880346&perks=3809316345,2822142346,3987942396,3764420437
dimwishlist:item=4069880346&perks=3809316345,2822142346,3987942396,2396489472
dimwishlist:item=4069880346&perks=3809316345,2822142346,923806249,1439600632
dimwishlist:item=4069880346&perks=3809316345,2822142346,923806249,3764420437
dimwishlist:item=4069880346&perks=3809316345,2822142346,923806249,2396489472
dimwishlist:item=4069880346&perks=3809316345,3301904089,1421772400,1439600632
dimwishlist:item=4069880346&perks=3809316345,3301904089,1421772400,3764420437
dimwishlist:item=4069880346&perks=3809316345,3301904089,1421772400,2396489472
dimwishlist:item=4069880346&perks=3809316345,3301904089,3987942396,1439600632
dimwishlist:item=4069880346&perks=3809316345,3301904089,3987942396,3764420437
dimwishlist:item=4069880346&perks=3809316345,3301904089,3987942396,2396489472
dimwishlist:item=4069880346&perks=3809316345,3301904089,923806249,1439600632
dimwishlist:item=4069880346&perks=3809316345,3301904089,923806249,3764420437
dimwishlist:item=4069880346&perks=3809316345,3301904089,923806249,2396489472
dimwishlist:item=4069880346&perks=3809316345,3492396210,1421772400,1439600632
dimwishlist:item=4069880346&perks=3809316345,3492396210,1421772400,3764420437
dimwishlist:item=4069880346&perks=3809316345,3492396210,1421772400,2396489472
dimwishlist:item=4069880346&perks=3809316345,3492396210,3987942396,1439600632
dimwishlist:item=4069880346&perks=3809316345,3492396210,3987942396,3764420437
dimwishlist:item=4069880346&perks=3809316345,3492396210,3987942396,2396489472
dimwishlist:item=4069880346&perks=3809316345,3492396210,923806249,1439600632
dimwishlist:item=4069880346&perks=3809316345,3492396210,923806249,3764420437
dimwishlist:item=4069880346&perks=3809316345,3492396210,923806249,2396489472


// Theodolite (god-pve)
//notes: tags:god-pve
dimwishlist:item=4146673635&perks=3525010810,3301904089,1523832109,4104185692
dimwishlist:item=4146673635&perks=3525010810,3301904089,1523832109,113508675
dimwishlist:item=4146673635&perks=3525010810,2822142346,1523832109,4104185692
dimwishlist:item=4146673635&perks=3525010810,2822142346,1523832109,113508675
dimwishlist:item=4146673635&perks=3525010810,3492396210,1523832109,4104185692
dimwishlist:item=4146673635&perks=3525010810,3492396210,1523832109,113508675
dimwishlist:item=4146673635&perks=3798852852,3301904089,1523832109,4104185692
dimwishlist:item=4146673635&perks=3798852852,3301904089,1523832109,113508675
dimwishlist:item=4146673635&perks=3798852852,2822142346,1523832109,4104185692
dimwishlist:item=4146673635&perks=3798852852,2822142346,1523832109,113508675
dimwishlist:item=4146673635&perks=3798852852,3492396210,1523832109,4104185692
dimwishlist:item=4146673635&perks=3798852852,3492396210,1523832109,113508675
dimwishlist:item=4146673635&perks=1441682018,3301904089,1523832109,4104185692
dimwishlist:item=4146673635&perks=1441682018,3301904089,1523832109,113508675
dimwishlist:item=4146673635&perks=1441682018,2822142346,1523832109,4104185692
dimwishlist:item=4146673635&perks=1441682018,2822142346,1523832109,113508675
dimwishlist:item=4146673635&perks=1441682018,3492396210,1523832109,4104185692
dimwishlist:item=4146673635&perks=1441682018,3492396210,1523832109,113508675
dimwishlist:item=4146673635&perks=3809316345,3301904089,1523832109,4104185692
dimwishlist:item=4146673635&perks=3809316345,3301904089,1523832109,113508675
dimwishlist:item=4146673635&perks=3809316345,2822142346,1523832109,4104185692
dimwishlist:item=4146673635&perks=3809316345,2822142346,1523832109,113508675
dimwishlist:item=4146673635&perks=3809316345,3492396210,1523832109,4104185692
dimwishlist:item=4146673635&perks=3809316345,3492396210,1523832109,113508675


// The Ringing Nail (god-pve)
//notes: tags:god-pve
dimwishlist:item=4206550094&perks=839105230,1431678320,2848615171,3425386926
dimwishlist:item=4206550094&perks=839105230,1431678320,2848615171,2890807135
dimwishlist:item=4206550094&perks=839105230,1431678320,2848615171,3824105627
dimwishlist:item=4206550094&perks=839105230,1431678320,2848615171,95528736
dimwishlist:item=4206550094&perks=839105230,1431678320,4293542123,3425386926
dimwishlist:item=4206550094&perks=839105230,1431678320,4293542123,2890807135
dimwishlist:item=4206550094&perks=839105230,1431678320,4293542123,3824105627
dimwishlist:item=4206550094&perks=839105230,1431678320,4293542123,95528736
dimwishlist:item=4206550094&perks=839105230,1431678320,3418782618,3425386926
dimwishlist:item=4206550094&perks=839105230,1431678320,3418782618,2890807135
dimwishlist:item=4206550094&perks=839105230,1431678320,3418782618,3824105627
dimwishlist:item=4206550094&perks=839105230,1431678320,3418782618,95528736
dimwishlist:item=4206550094&perks=839105230,1431678320,3017780555,3425386926
dimwishlist:item=4206550094&perks=839105230,1431678320,3017780555,2890807135
dimwishlist:item=4206550094&perks=839105230,1431678320,3017780555,3824105627
dimwishlist:item=4206550094&perks=839105230,1431678320,3017780555,95528736
dimwishlist:item=4206550094&perks=839105230,1561002382,2848615171,3425386926
dimwishlist:item=4206550094&perks=839105230,1561002382,2848615171,2890807135
dimwishlist:item=4206550094&perks=839105230,1561002382,2848615171,3824105627
dimwishlist:item=4206550094&perks=839105230,1561002382,2848615171,95528736
dimwishlist:item=4206550094&perks=839105230,1561002382,4293542123,3425386926
dimwishlist:item=4206550094&perks=839105230,1561002382,4293542123,2890807135
dimwishlist:item=4206550094&perks=839105230,1561002382,4293542123,3824105627
dimwishlist:item=4206550094&perks=839105230,1561002382,4293542123,95528736
dimwishlist:item=4206550094&perks=839105230,1561002382,3418782618,3425386926
dimwishlist:item=4206550094&perks=839105230,1561002382,3418782618,2890807135
dimwishlist:item=4206550094&perks=839105230,1561002382,3418782618,3824105627
dimwishlist:item=4206550094&perks=839105230,1561002382,3418782618,95528736
dimwishlist:item=4206550094&perks=839105230,1561002382,3017780555,3425386926
dimwishlist:item=4206550094&perks=839105230,1561002382,3017780555,2890807135
dimwishlist:item=4206550094&perks=839105230,1561002382,3017780555,3824105627
dimwishlist:item=4206550094&perks=839105230,1561002382,3017780555,95528736
dimwishlist:item=4206550094&perks=839105230,3230963543,2848615171,3425386926
dimwishlist:item=4206550094&perks=839105230,3230963543,2848615171,2890807135
dimwishlist:item=4206550094&perks=839105230,3230963543,2848615171,3824105627
dimwishlist:item=4206550094&perks=839105230,3230963543,2848615171,95528736
dimwishlist:item=4206550094&perks=839105230,3230963543,4293542123,3425386926
dimwishlist:item=4206550094&perks=839105230,3230963543,4293542123,2890807135
dimwishlist:item=4206550094&perks=839105230,3230963543,4293542123,3824105627
dimwishlist:item=4206550094&perks=839105230,3230963543,4293542123,95528736
dimwishlist:item=4206550094&perks=839105230,3230963543,3418782618,3425386926
dimwishlist:item=4206550094&perks=839105230,3230963543,3418782618,2890807135
dimwishlist:item=4206550094&perks=839105230,3230963543,3418782618,3824105627
dimwishlist:item=4206550094&perks=839105230,3230963543,3418782618,95528736
dimwishlist:item=4206550094&perks=839105230,3230963543,3017780555,3425386926
dimwishlist:item=4206550094&perks=839105230,3230963543,3017780555,2890807135
dimwishlist:item=4206550094&perks=839105230,3230963543,3017780555,3824105627
dimwishlist:item=4206550094&perks=839105230,3230963543,3017780555,95528736
dimwishlist:item=4206550094&perks=839105230,679225683,2848615171,3425386926
dimwishlist:item=4206550094&perks=839105230,679225683,2848615171,2890807135
dimwishlist:item=4206550094&perks=839105230,679225683,2848615171,3824105627
dimwishlist:item=4206550094&perks=839105230,679225683,2848615171,95528736
dimwishlist:item=4206550094&perks=839105230,679225683,4293542123,3425386926
dimwishlist:item=4206550094&perks=839105230,679225683,4293542123,2890807135
dimwishlist:item=4206550094&perks=839105230,679225683,4293542123,3824105627
dimwishlist:item=4206550094&perks=839105230,679225683,4293542123,95528736
dimwishlist:item=4206550094&perks=839105230,679225683,3418782618,3425386926
dimwishlist:item=4206550094&perks=839105230,679225683,3418782618,2890807135
dimwishlist:item=4206550094&perks=839105230,679225683,3418782618,3824105627
dimwishlist:item=4206550094&perks=839105230,679225683,3418782618,95528736
dimwishlist:item=4206550094&perks=839105230,679225683,3017780555,3425386926
dimwishlist:item=4206550094&perks=839105230,679225683,3017780555,2890807135
dimwishlist:item=4206550094&perks=839105230,679225683,3017780555,3824105627
dimwishlist:item=4206550094&perks=839105230,679225683,3017780555,95528736
dimwishlist:item=4206550094&perks=839105230,106909392,2848615171,3425386926
dimwishlist:item=4206550094&perks=839105230,106909392,2848615171,2890807135
dimwishlist:item=4206550094&perks=839105230,106909392,2848615171,3824105627
dimwishlist:item=4206550094&perks=839105230,106909392,2848615171,95528736
dimwishlist:item=4206550094&perks=839105230,106909392,4293542123,3425386926
dimwishlist:item=4206550094&perks=839105230,106909392,4293542123,2890807135
dimwishlist:item=4206550094&perks=839105230,106909392,4293542123,3824105627
dimwishlist:item=4206550094&perks=839105230,106909392,4293542123,95528736
dimwishlist:item=4206550094&perks=839105230,106909392,3418782618,3425386926
dimwishlist:item=4206550094&perks=839105230,106909392,3418782618,2890807135
dimwishlist:item=4206550094&perks=839105230,106909392,3418782618,3824105627
dimwishlist:item=4206550094&perks=839105230,106909392,3418782618,95528736
dimwishlist:item=4206550094&perks=839105230,106909392,3017780555,3425386926
dimwishlist:item=4206550094&perks=839105230,106909392,3017780555,2890807135
dimwishlist:item=4206550094&perks=839105230,106909392,3017780555,3824105627
dimwishlist:item=4206550094&perks=839105230,106909392,3017780555,95528736
dimwishlist:item=4206550094&perks=4090651448,1431678320,2848615171,3425386926
dimwishlist:item=4206550094&perks=4090651448,1431678320,2848615171,2890807135
dimwishlist:item=4206550094&perks=4090651448,1431678320,2848615171,3824105627
dimwishlist:item=4206550094&perks=4090651448,1431678320,2848615171,95528736
dimwishlist:item=4206550094&perks=4090651448,1431678320,4293542123,3425386926
dimwishlist:item=4206550094&perks=4090651448,1431678320,4293542123,2890807135
dimwishlist:item=4206550094&perks=4090651448,1431678320,4293542123,3824105627
dimwishlist:item=4206550094&perks=4090651448,1431678320,4293542123,95528736
dimwishlist:item=4206550094&perks=4090651448,1431678320,3418782618,3425386926
dimwishlist:item=4206550094&perks=4090651448,1431678320,3418782618,2890807135
dimwishlist:item=4206550094&perks=4090651448,1431678320,3418782618,3824105627
dimwishlist:item=4206550094&perks=4090651448,1431678320,3418782618,95528736
dimwishlist:item=4206550094&perks=4090651448,1431678320,3017780555,3425386926
dimwishlist:item=4206550094&perks=4090651448,1431678320,3017780555,2890807135
dimwishlist:item=4206550094&perks=4090651448,1431678320,3017780555,3824105627
dimwishlist:item=4206550094&perks=4090651448,1431678320,3017780555,95528736
dimwishlist:item=4206550094&perks=4090651448,1561002382,2848615171,3425386926
dimwishlist:item=4206550094&perks=4090651448,1561002382,2848615171,2890807135
dimwishlist:item=4206550094&perks=4090651448,1561002382,2848615171,3824105627
dimwishlist:item=4206550094&perks=4090651448,1561002382,2848615171,95528736
dimwishlist:item=4206550094&perks=4090651448,1561002382,4293542123,3425386926
dimwishlist:item=4206550094&perks=4090651448,1561002382,4293542123,2890807135
dimwishlist:item=4206550094&perks=4090651448,1561002382,4293542123,3824105627
dimwishlist:item=4206550094&perks=4090651448,1561002382,4293542123,95528736
dimwishlist:item=4206550094&perks=4090651448,1561002382,3418782618,3425386926
dimwishlist:item=4206550094&perks=4090651448,1561002382,3418782618,2890807135
dimwishlist:item=4206550094&perks=4090651448,1561002382,3418782618,3824105627
dimwishlist:item=4206550094&perks=4090651448,1561002382,3418782618,95528736
dimwishlist:item=4206550094&perks=4090651448,1561002382,3017780555,3425386926
dimwishlist:item=4206550094&perks=4090651448,1561002382,3017780555,2890807135
dimwishlist:item=4206550094&perks=4090651448,1561002382,3017780555,3824105627
dimwishlist:item=4206550094&perks=4090651448,1561002382,3017780555,95528736
dimwishlist:item=4206550094&perks=4090651448,3230963543,2848615171,3425386926
dimwishlist:item=4206550094&perks=4090651448,3230963543,2848615171,2890807135
dimwishlist:item=4206550094&perks=4090651448,3230963543,2848615171,3824105627
dimwishlist:item=4206550094&perks=4090651448,3230963543,2848615171,95528736
dimwishlist:item=4206550094&perks=4090651448,3230963543,4293542123,3425386926
dimwishlist:item=4206550094&perks=4090651448,3230963543,4293542123,2890807135
dimwishlist:item=4206550094&perks=4090651448,3230963543,4293542123,3824105627
dimwishlist:item=4206550094&perks=4090651448,3230963543,4293542123,95528736
dimwishlist:item=4206550094&perks=4090651448,3230963543,3418782618,3425386926
dimwishlist:item=4206550094&perks=4090651448,3230963543,3418782618,2890807135
dimwishlist:item=4206550094&perks=4090651448,3230963543,3418782618,3824105627
dimwishlist:item=4206550094&perks=4090651448,3230963543,3418782618,95528736
dimwishlist:item=4206550094&perks=4090651448,3230963543,3017780555,3425386926
dimwishlist:item=4206550094&perks=4090651448,3230963543,3017780555,2890807135
dimwishlist:item=4206550094&perks=4090651448,3230963543,3017780555,3824105627
dimwishlist:item=4206550094&perks=4090651448,3230963543,3017780555,95528736
dimwishlist:item=4206550094&perks=4090651448,679225683,2848615171,3425386926
dimwishlist:item=4206550094&perks=4090651448,679225683,2848615171,2890807135
dimwishlist:item=4206550094&perks=4090651448,679225683,2848615171,3824105627
dimwishlist:item=4206550094&perks=4090651448,679225683,2848615171,95528736
dimwishlist:item=4206550094&perks=4090651448,679225683,4293542123,3425386926
dimwishlist:item=4206550094&perks=4090651448,679225683,4293542123,2890807135
dimwishlist:item=4206550094&perks=4090651448,679225683,4293542123,3824105627
dimwishlist:item=4206550094&perks=4090651448,679225683,4293542123,95528736
dimwishlist:item=4206550094&perks=4090651448,679225683,3418782618,3425386926
dimwishlist:item=4206550094&perks=4090651448,679225683,3418782618,2890807135
dimwishlist:item=4206550094&perks=4090651448,679225683,3418782618,3824105627
dimwishlist:item=4206550094&perks=4090651448,679225683,3418782618,95528736
dimwishlist:item=4206550094&perks=4090651448,679225683,3017780555,3425386926
dimwishlist:item=4206550094&perks=4090651448,679225683,3017780555,2890807135
dimwishlist:item=4206550094&perks=4090651448,679225683,3017780555,3824105627
dimwishlist:item=4206550094&perks=4090651448,679225683,3017780555,95528736
dimwishlist:item=4206550094&perks=4090651448,106909392,2848615171,3425386926
dimwishlist:item=4206550094&perks=4090651448,106909392,2848615171,2890807135
dimwishlist:item=4206550094&perks=4090651448,106909392,2848615171,3824105627
dimwishlist:item=4206550094&perks=4090651448,106909392,2848615171,95528736
dimwishlist:item=4206550094&perks=4090651448,106909392,4293542123,3425386926
dimwishlist:item=4206550094&perks=4090651448,106909392,4293542123,2890807135
dimwishlist:item=4206550094&perks=4090651448,106909392,4293542123,3824105627
dimwishlist:item=4206550094&perks=4090651448,106909392,4293542123,95528736
dimwishlist:item=4206550094&perks=4090651448,106909392,3418782618,3425386926
dimwishlist:item=4206550094&perks=4090651448,106909392,3418782618,2890807135
dimwishlist:item=4206550094&perks=4090651448,106909392,3418782618,3824105627
dimwishlist:item=4206550094&perks=4090651448,106909392,3418782618,95528736
dimwishlist:item=4206550094&perks=4090651448,106909392,3017780555,3425386926
dimwishlist:item=4206550094&perks=4090651448,106909392,3017780555,2890807135
dimwishlist:item=4206550094&perks=4090651448,106909392,3017780555,3824105627
dimwishlist:item=4206550094&perks=4090651448,106909392,3017780555,95528736
dimwishlist:item=4206550094&perks=1840239774,1431678320,2848615171,3425386926
dimwishlist:item=4206550094&perks=1840239774,1431678320,2848615171,2890807135
dimwishlist:item=4206550094&perks=1840239774,1431678320,2848615171,3824105627
dimwishlist:item=4206550094&perks=1840239774,1431678320,2848615171,95528736
dimwishlist:item=4206550094&perks=1840239774,1431678320,4293542123,3425386926
dimwishlist:item=4206550094&perks=1840239774,1431678320,4293542123,2890807135
dimwishlist:item=4206550094&perks=1840239774,1431678320,4293542123,3824105627
dimwishlist:item=4206550094&perks=1840239774,1431678320,4293542123,95528736
dimwishlist:item=4206550094&perks=1840239774,1431678320,3418782618,3425386926
dimwishlist:item=4206550094&perks=1840239774,1431678320,3418782618,2890807135
dimwishlist:item=4206550094&perks=1840239774,1431678320,3418782618,3824105627
dimwishlist:item=4206550094&perks=1840239774,1431678320,3418782618,95528736
dimwishlist:item=4206550094&perks=1840239774,1431678320,3017780555,3425386926
dimwishlist:item=4206550094&perks=1840239774,1431678320,3017780555,2890807135
dimwishlist:item=4206550094&perks=1840239774,1431678320,3017780555,3824105627
dimwishlist:item=4206550094&perks=1840239774,1431678320,3017780555,95528736
dimwishlist:item=4206550094&perks=1840239774,1561002382,2848615171,3425386926
dimwishlist:item=4206550094&perks=1840239774,1561002382,2848615171,2890807135
dimwishlist:item=4206550094&perks=1840239774,1561002382,2848615171,3824105627
dimwishlist:item=4206550094&perks=1840239774,1561002382,2848615171,95528736
dimwishlist:item=4206550094&perks=1840239774,1561002382,4293542123,3425386926
dimwishlist:item=4206550094&perks=1840239774,1561002382,4293542123,2890807135
dimwishlist:item=4206550094&perks=1840239774,1561002382,4293542123,3824105627
dimwishlist:item=4206550094&perks=1840239774,1561002382,4293542123,95528736
dimwishlist:item=4206550094&perks=1840239774,1561002382,3418782618,3425386926
dimwishlist:item=4206550094&perks=1840239774,1561002382,3418782618,2890807135
dimwishlist:item=4206550094&perks=1840239774,1561002382,3418782618,3824105627
dimwishlist:item=4206550094&perks=1840239774,1561002382,3418782618,95528736
dimwishlist:item=4206550094&perks=1840239774,1561002382,3017780555,3425386926
dimwishlist:item=4206550094&perks=1840239774,1561002382,3017780555,2890807135
dimwishlist:item=4206550094&perks=1840239774,1561002382,3017780555,3824105627
dimwishlist:item=4206550094&perks=1840239774,1561002382,3017780555,95528736
dimwishlist:item=4206550094&perks=1840239774,3230963543,2848615171,3425386926
dimwishlist:item=4206550094&perks=1840239774,3230963543,2848615171,2890807135
dimwishlist:item=4206550094&perks=1840239774,3230963543,2848615171,3824105627
dimwishlist:item=4206550094&perks=1840239774,3230963543,2848615171,95528736
dimwishlist:item=4206550094&perks=1840239774,3230963543,4293542123,3425386926
dimwishlist:item=4206550094&perks=1840239774,3230963543,4293542123,2890807135
dimwishlist:item=4206550094&perks=1840239774,3230963543,4293542123,3824105627
dimwishlist:item=4206550094&perks=1840239774,3230963543,4293542123,95528736
dimwishlist:item=4206550094&perks=1840239774,3230963543,3418782618,3425386926
dimwishlist:item=4206550094&perks=1840239774,3230963543,3418782618,2890807135
dimwishlist:item=4206550094&perks=1840239774,3230963543,3418782618,3824105627
dimwishlist:item=4206550094&perks=1840239774,3230963543,3418782618,95528736
dimwishlist:item=4206550094&perks=1840239774,3230963543,3017780555,3425386926
dimwishlist:item=4206550094&perks=1840239774,3230963543,3017780555,2890807135
dimwishlist:item=4206550094&perks=1840239774,3230963543,3017780555,3824105627
dimwishlist:item=4206550094&perks=1840239774,3230963543,3017780555,95528736
dimwishlist:item=4206550094&perks=1840239774,679225683,2848615171,3425386926
dimwishlist:item=4206550094&perks=1840239774,679225683,2848615171,2890807135
dimwishlist:item=4206550094&perks=1840239774,679225683,2848615171,3824105627
dimwishlist:item=4206550094&perks=1840239774,679225683,2848615171,95528736
dimwishlist:item=4206550094&perks=1840239774,679225683,4293542123,3425386926
dimwishlist:item=4206550094&perks=1840239774,679225683,4293542123,2890807135
dimwishlist:item=4206550094&perks=1840239774,679225683,4293542123,3824105627
dimwishlist:item=4206550094&perks=1840239774,679225683,4293542123,95528736
dimwishlist:item=4206550094&perks=1840239774,679225683,3418782618,3425386926
dimwishlist:item=4206550094&perks=1840239774,679225683,3418782618,2890807135
dimwishlist:item=4206550094&perks=1840239774,679225683,3418782618,3824105627
dimwishlist:item=4206550094&perks=1840239774,679225683,3418782618,95528736
dimwishlist:item=4206550094&perks=1840239774,679225683,3017780555,3425386926
dimwishlist:item=4206550094&perks=1840239774,679225683,3017780555,2890807135
dimwishlist:item=4206550094&perks=1840239774,679225683,3017780555,3824105627
dimwishlist:item=4206550094&perks=1840239774,679225683,3017780555,95528736
dimwishlist:item=4206550094&perks=1840239774,106909392,2848615171,3425386926
dimwishlist:item=4206550094&perks=1840239774,106909392,2848615171,2890807135
dimwishlist:item=4206550094&perks=1840239774,106909392,2848615171,3824105627
dimwishlist:item=4206550094&perks=1840239774,106909392,2848615171,95528736
dimwishlist:item=4206550094&perks=1840239774,106909392,4293542123,3425386926
dimwishlist:item=4206550094&perks=1840239774,106909392,4293542123,2890807135
dimwishlist:item=4206550094&perks=1840239774,106909392,4293542123,3824105627
dimwishlist:item=4206550094&perks=1840239774,106909392,4293542123,95528736
dimwishlist:item=4206550094&perks=1840239774,106909392,3418782618,3425386926
dimwishlist:item=4206550094&perks=1840239774,106909392,3418782618,2890807135
dimwishlist:item=4206550094&perks=1840239774,106909392,3418782618,3824105627
dimwishlist:item=4206550094&perks=1840239774,106909392,3418782618,95528736
dimwishlist:item=4206550094&perks=1840239774,106909392,3017780555,3425386926
dimwishlist:item=4206550094&perks=1840239774,106909392,3017780555,2890807135
dimwishlist:item=4206550094&perks=1840239774,106909392,3017780555,3824105627
dimwishlist:item=4206550094&perks=1840239774,106909392,3017780555,95528736
dimwishlist:item=4206550094&perks=3250034553,1431678320,2848615171,3425386926
dimwishlist:item=4206550094&perks=3250034553,1431678320,2848615171,2890807135
dimwishlist:item=4206550094&perks=3250034553,1431678320,2848615171,3824105627
dimwishlist:item=4206550094&perks=3250034553,1431678320,2848615171,95528736
dimwishlist:item=4206550094&perks=3250034553,1431678320,4293542123,3425386926
dimwishlist:item=4206550094&perks=3250034553,1431678320,4293542123,2890807135
dimwishlist:item=4206550094&perks=3250034553,1431678320,4293542123,3824105627
dimwishlist:item=4206550094&perks=3250034553,1431678320,4293542123,95528736
dimwishlist:item=4206550094&perks=3250034553,1431678320,3418782618,3425386926
dimwishlist:item=4206550094&perks=3250034553,1431678320,3418782618,2890807135
dimwishlist:item=4206550094&perks=3250034553,1431678320,3418782618,3824105627
dimwishlist:item=4206550094&perks=3250034553,1431678320,3418782618,95528736
dimwishlist:item=4206550094&perks=3250034553,1431678320,3017780555,3425386926
dimwishlist:item=4206550094&perks=3250034553,1431678320,3017780555,2890807135
dimwishlist:item=4206550094&perks=3250034553,1431678320,3017780555,3824105627
dimwishlist:item=4206550094&perks=3250034553,1431678320,3017780555,95528736
dimwishlist:item=4206550094&perks=3250034553,1561002382,2848615171,3425386926
dimwishlist:item=4206550094&perks=3250034553,1561002382,2848615171,2890807135
dimwishlist:item=4206550094&perks=3250034553,1561002382,2848615171,3824105627
dimwishlist:item=4206550094&perks=3250034553,1561002382,2848615171,95528736
dimwishlist:item=4206550094&perks=3250034553,1561002382,4293542123,3425386926
dimwishlist:item=4206550094&perks=3250034553,1561002382,4293542123,2890807135
dimwishlist:item=4206550094&perks=3250034553,1561002382,4293542123,3824105627
dimwishlist:item=4206550094&perks=3250034553,1561002382,4293542123,95528736
dimwishlist:item=4206550094&perks=3250034553,1561002382,3418782618,3425386926
dimwishlist:item=4206550094&perks=3250034553,1561002382,3418782618,2890807135
dimwishlist:item=4206550094&perks=3250034553,1561002382,3418782618,3824105627
dimwishlist:item=4206550094&perks=3250034553,1561002382,3418782618,95528736
dimwishlist:item=4206550094&perks=3250034553,1561002382,3017780555,3425386926
dimwishlist:item=4206550094&perks=3250034553,1561002382,3017780555,2890807135
dimwishlist:item=4206550094&perks=3250034553,1561002382,3017780555,3824105627
dimwishlist:item=4206550094&perks=3250034553,1561002382,3017780555,95528736
dimwishlist:item=4206550094&perks=3250034553,3230963543,2848615171,3425386926
dimwishlist:item=4206550094&perks=3250034553,3230963543,2848615171,2890807135
dimwishlist:item=4206550094&perks=3250034553,3230963543,2848615171,3824105627
dimwishlist:item=4206550094&perks=3250034553,3230963543,2848615171,95528736
dimwishlist:item=4206550094&perks=3250034553,3230963543,4293542123,3425386926
dimwishlist:item=4206550094&perks=3250034553,3230963543,4293542123,2890807135
dimwishlist:item=4206550094&perks=3250034553,3230963543,4293542123,3824105627
dimwishlist:item=4206550094&perks=3250034553,3230963543,4293542123,95528736
dimwishlist:item=4206550094&perks=3250034553,3230963543,3418782618,3425386926
dimwishlist:item=4206550094&perks=3250034553,3230963543,3418782618,2890807135
dimwishlist:item=4206550094&perks=3250034553,3230963543,3418782618,3824105627
dimwishlist:item=4206550094&perks=3250034553,3230963543,3418782618,95528736
dimwishlist:item=4206550094&perks=3250034553,3230963543,3017780555,3425386926
dimwishlist:item=4206550094&perks=3250034553,3230963543,3017780555,2890807135
dimwishlist:item=4206550094&perks=3250034553,3230963543,3017780555,3824105627
dimwishlist:item=4206550094&perks=3250034553,3230963543,3017780555,95528736
dimwishlist:item=4206550094&perks=3250034553,679225683,2848615171,3425386926
dimwishlist:item=4206550094&perks=3250034553,679225683,2848615171,2890807135
dimwishlist:item=4206550094&perks=3250034553,679225683,2848615171,3824105627
dimwishlist:item=4206550094&perks=3250034553,679225683,2848615171,95528736
dimwishlist:item=4206550094&perks=3250034553,679225683,4293542123,3425386926
dimwishlist:item=4206550094&perks=3250034553,679225683,4293542123,2890807135
dimwishlist:item=4206550094&perks=3250034553,679225683,4293542123,3824105627
dimwishlist:item=4206550094&perks=3250034553,679225683,4293542123,95528736
dimwishlist:item=4206550094&perks=3250034553,679225683,3418782618,3425386926
dimwishlist:item=4206550094&perks=3250034553,679225683,3418782618,2890807135
dimwishlist:item=4206550094&perks=3250034553,679225683,3418782618,3824105627
dimwishlist:item=4206550094&perks=3250034553,679225683,3418782618,95528736
dimwishlist:item=4206550094&perks=3250034553,679225683,3017780555,3425386926
dimwishlist:item=4206550094&perks=3250034553,679225683,3017780555,2890807135
dimwishlist:item=4206550094&perks=3250034553,679225683,3017780555,3824105627
dimwishlist:item=4206550094&perks=3250034553,679225683,3017780555,95528736
dimwishlist:item=4206550094&perks=3250034553,106909392,2848615171,3425386926
dimwishlist:item=4206550094&perks=3250034553,106909392,2848615171,2890807135
dimwishlist:item=4206550094&perks=3250034553,106909392,2848615171,3824105627
dimwishlist:item=4206550094&perks=3250034553,106909392,2848615171,95528736
dimwishlist:item=4206550094&perks=3250034553,106909392,4293542123,3425386926
dimwishlist:item=4206550094&perks=3250034553,106909392,4293542123,2890807135
dimwishlist:item=4206550094&perks=3250034553,106909392,4293542123,3824105627
dimwishlist:item=4206550094&perks=3250034553,106909392,4293542123,95528736
dimwishlist:item=4206550094&perks=3250034553,106909392,3418782618,3425386926
dimwishlist:item=4206550094&perks=3250034553,106909392,3418782618,2890807135
dimwishlist:item=4206550094&perks=3250034553,106909392,3418782618,3824105627
dimwishlist:item=4206550094&perks=3250034553,106909392,3418782618,95528736
dimwishlist:item=4206550094&perks=3250034553,106909392,3017780555,3425386926
dimwishlist:item=4206550094&perks=3250034553,106909392,3017780555,2890807135
dimwishlist:item=4206550094&perks=3250034553,106909392,3017780555,3824105627
dimwishlist:item=4206550094&perks=3250034553,106909392,3017780555,95528736
dimwishlist:item=4206550094&perks=1392496348,1431678320,2848615171,3425386926
dimwishlist:item=4206550094&perks=1392496348,1431678320,2848615171,2890807135
dimwishlist:item=4206550094&perks=1392496348,1431678320,2848615171,3824105627
dimwishlist:item=4206550094&perks=1392496348,1431678320,2848615171,95528736
dimwishlist:item=4206550094&perks=1392496348,1431678320,4293542123,3425386926
dimwishlist:item=4206550094&perks=1392496348,1431678320,4293542123,2890807135
dimwishlist:item=4206550094&perks=1392496348,1431678320,4293542123,3824105627
dimwishlist:item=4206550094&perks=1392496348,1431678320,4293542123,95528736
dimwishlist:item=4206550094&perks=1392496348,1431678320,3418782618,3425386926
dimwishlist:item=4206550094&perks=1392496348,1431678320,3418782618,2890807135
dimwishlist:item=4206550094&perks=1392496348,1431678320,3418782618,3824105627
dimwishlist:item=4206550094&perks=1392496348,1431678320,3418782618,95528736
dimwishlist:item=4206550094&perks=1392496348,1431678320,3017780555,3425386926
dimwishlist:item=4206550094&perks=1392496348,1431678320,3017780555,2890807135
dimwishlist:item=4206550094&perks=1392496348,1431678320,3017780555,3824105627
dimwishlist:item=4206550094&perks=1392496348,1431678320,3017780555,95528736
dimwishlist:item=4206550094&perks=1392496348,1561002382,2848615171,3425386926
dimwishlist:item=4206550094&perks=1392496348,1561002382,2848615171,2890807135
dimwishlist:item=4206550094&perks=1392496348,1561002382,2848615171,3824105627
dimwishlist:item=4206550094&perks=1392496348,1561002382,2848615171,95528736
dimwishlist:item=4206550094&perks=1392496348,1561002382,4293542123,3425386926
dimwishlist:item=4206550094&perks=1392496348,1561002382,4293542123,2890807135
dimwishlist:item=4206550094&perks=1392496348,1561002382,4293542123,3824105627
dimwishlist:item=4206550094&perks=1392496348,1561002382,4293542123,95528736
dimwishlist:item=4206550094&perks=1392496348,1561002382,3418782618,3425386926
dimwishlist:item=4206550094&perks=1392496348,1561002382,3418782618,2890807135
dimwishlist:item=4206550094&perks=1392496348,1561002382,3418782618,3824105627
dimwishlist:item=4206550094&perks=1392496348,1561002382,3418782618,95528736
dimwishlist:item=4206550094&perks=1392496348,1561002382,3017780555,3425386926
dimwishlist:item=4206550094&perks=1392496348,1561002382,3017780555,2890807135
dimwishlist:item=4206550094&perks=1392496348,1561002382,3017780555,3824105627
dimwishlist:item=4206550094&perks=1392496348,1561002382,3017780555,95528736
dimwishlist:item=4206550094&perks=1392496348,3230963543,2848615171,3425386926
dimwishlist:item=4206550094&perks=1392496348,3230963543,2848615171,2890807135
dimwishlist:item=4206550094&perks=1392496348,3230963543,2848615171,3824105627
dimwishlist:item=4206550094&perks=1392496348,3230963543,2848615171,95528736
dimwishlist:item=4206550094&perks=1392496348,3230963543,4293542123,3425386926
dimwishlist:item=4206550094&perks=1392496348,3230963543,4293542123,2890807135
dimwishlist:item=4206550094&perks=1392496348,3230963543,4293542123,3824105627
dimwishlist:item=4206550094&perks=1392496348,3230963543,4293542123,95528736
dimwishlist:item=4206550094&perks=1392496348,3230963543,3418782618,3425386926
dimwishlist:item=4206550094&perks=1392496348,3230963543,3418782618,2890807135
dimwishlist:item=4206550094&perks=1392496348,3230963543,3418782618,3824105627
dimwishlist:item=4206550094&perks=1392496348,3230963543,3418782618,95528736
dimwishlist:item=4206550094&perks=1392496348,3230963543,3017780555,3425386926
dimwishlist:item=4206550094&perks=1392496348,3230963543,3017780555,2890807135
dimwishlist:item=4206550094&perks=1392496348,3230963543,3017780555,3824105627
dimwishlist:item=4206550094&perks=1392496348,3230963543,3017780555,95528736
dimwishlist:item=4206550094&perks=1392496348,679225683,2848615171,3425386926
dimwishlist:item=4206550094&perks=1392496348,679225683,2848615171,2890807135
dimwishlist:item=4206550094&perks=1392496348,679225683,2848615171,3824105627
dimwishlist:item=4206550094&perks=1392496348,679225683,2848615171,95528736
dimwishlist:item=4206550094&perks=1392496348,679225683,4293542123,3425386926
dimwishlist:item=4206550094&perks=1392496348,679225683,4293542123,2890807135
dimwishlist:item=4206550094&perks=1392496348,679225683,4293542123,3824105627
dimwishlist:item=4206550094&perks=1392496348,679225683,4293542123,95528736
dimwishlist:item=4206550094&perks=1392496348,679225683,3418782618,3425386926
dimwishlist:item=4206550094&perks=1392496348,679225683,3418782618,2890807135
dimwishlist:item=4206550094&perks=1392496348,679225683,3418782618,3824105627
dimwishlist:item=4206550094&perks=1392496348,679225683,3418782618,95528736
dimwishlist:item=4206550094&perks=1392496348,679225683,3017780555,3425386926
dimwishlist:item=4206550094&perks=1392496348,679225683,3017780555,2890807135
dimwishlist:item=4206550094&perks=1392496348,679225683,3017780555,3824105627
dimwishlist:item=4206550094&perks=1392496348,679225683,3017780555,95528736
dimwishlist:item=4206550094&perks=1392496348,106909392,2848615171,3425386926
dimwishlist:item=4206550094&perks=1392496348,106909392,2848615171,2890807135
dimwishlist:item=4206550094&perks=1392496348,106909392,2848615171,3824105627
dimwishlist:item=4206550094&perks=1392496348,106909392,2848615171,95528736
dimwishlist:item=4206550094&perks=1392496348,106909392,4293542123,3425386926
dimwishlist:item=4206550094&perks=1392496348,106909392,4293542123,2890807135
dimwishlist:item=4206550094&perks=1392496348,106909392,4293542123,3824105627
dimwishlist:item=4206550094&perks=1392496348,106909392,4293542123,95528736
dimwishlist:item=4206550094&perks=1392496348,106909392,3418782618,3425386926
dimwishlist:item=4206550094&perks=1392496348,106909392,3418782618,2890807135
dimwishlist:item=4206550094&perks=1392496348,106909392,3418782618,3824105627
dimwishlist:item=4206550094&perks=1392496348,106909392,3418782618,95528736
dimwishlist:item=4206550094&perks=1392496348,106909392,3017780555,3425386926
dimwishlist:item=4206550094&perks=1392496348,106909392,3017780555,2890807135
dimwishlist:item=4206550094&perks=1392496348,106909392,3017780555,3824105627
dimwishlist:item=4206550094&perks=1392496348,106909392,3017780555,95528736
dimwishlist:item=4206550094&perks=1482024992,1431678320,2848615171,3425386926
dimwishlist:item=4206550094&perks=1482024992,1431678320,2848615171,2890807135
dimwishlist:item=4206550094&perks=1482024992,1431678320,2848615171,3824105627
dimwishlist:item=4206550094&perks=1482024992,1431678320,2848615171,95528736
dimwishlist:item=4206550094&perks=1482024992,1431678320,4293542123,3425386926
dimwishlist:item=4206550094&perks=1482024992,1431678320,4293542123,2890807135
dimwishlist:item=4206550094&perks=1482024992,1431678320,4293542123,3824105627
dimwishlist:item=4206550094&perks=1482024992,1431678320,4293542123,95528736
dimwishlist:item=4206550094&perks=1482024992,1431678320,3418782618,3425386926
dimwishlist:item=4206550094&perks=1482024992,1431678320,3418782618,2890807135
dimwishlist:item=4206550094&perks=1482024992,1431678320,3418782618,3824105627
dimwishlist:item=4206550094&perks=1482024992,1431678320,3418782618,95528736
dimwishlist:item=4206550094&perks=1482024992,1431678320,3017780555,3425386926
dimwishlist:item=4206550094&perks=1482024992,1431678320,3017780555,2890807135
dimwishlist:item=4206550094&perks=1482024992,1431678320,3017780555,3824105627
dimwishlist:item=4206550094&perks=1482024992,1431678320,3017780555,95528736
dimwishlist:item=4206550094&perks=1482024992,1561002382,2848615171,3425386926
dimwishlist:item=4206550094&perks=1482024992,1561002382,2848615171,2890807135
dimwishlist:item=4206550094&perks=1482024992,1561002382,2848615171,3824105627
dimwishlist:item=4206550094&perks=1482024992,1561002382,2848615171,95528736
dimwishlist:item=4206550094&perks=1482024992,1561002382,4293542123,3425386926
dimwishlist:item=4206550094&perks=1482024992,1561002382,4293542123,2890807135
dimwishlist:item=4206550094&perks=1482024992,1561002382,4293542123,3824105627
dimwishlist:item=4206550094&perks=1482024992,1561002382,4293542123,95528736
dimwishlist:item=4206550094&perks=1482024992,1561002382,3418782618,3425386926
dimwishlist:item=4206550094&perks=1482024992,1561002382,3418782618,2890807135
dimwishlist:item=4206550094&perks=1482024992,1561002382,3418782618,3824105627
dimwishlist:item=4206550094&perks=1482024992,1561002382,3418782618,95528736
dimwishlist:item=4206550094&perks=1482024992,1561002382,3017780555,3425386926
dimwishlist:item=4206550094&perks=1482024992,1561002382,3017780555,2890807135
dimwishlist:item=4206550094&perks=1482024992,1561002382,3017780555,3824105627
dimwishlist:item=4206550094&perks=1482024992,1561002382,3017780555,95528736
dimwishlist:item=4206550094&perks=1482024992,3230963543,2848615171,3425386926
dimwishlist:item=4206550094&perks=1482024992,3230963543,2848615171,2890807135
dimwishlist:item=4206550094&perks=1482024992,3230963543,2848615171,3824105627
dimwishlist:item=4206550094&perks=1482024992,3230963543,2848615171,95528736
dimwishlist:item=4206550094&perks=1482024992,3230963543,4293542123,3425386926
dimwishlist:item=4206550094&perks=1482024992,3230963543,4293542123,2890807135
dimwishlist:item=4206550094&perks=1482024992,3230963543,4293542123,3824105627
dimwishlist:item=4206550094&perks=1482024992,3230963543,4293542123,95528736
dimwishlist:item=4206550094&perks=1482024992,3230963543,3418782618,3425386926
dimwishlist:item=4206550094&perks=1482024992,3230963543,3418782618,2890807135
dimwishlist:item=4206550094&perks=1482024992,3230963543,3418782618,3824105627
dimwishlist:item=4206550094&perks=1482024992,3230963543,3418782618,95528736
dimwishlist:item=4206550094&perks=1482024992,3230963543,3017780555,3425386926
dimwishlist:item=4206550094&perks=1482024992,3230963543,3017780555,2890807135
dimwishlist:item=4206550094&perks=1482024992,3230963543,3017780555,3824105627
dimwishlist:item=4206550094&perks=1482024992,3230963543,3017780555,95528736
dimwishlist:item=4206550094&perks=1482024992,679225683,2848615171,3425386926
dimwishlist:item=4206550094&perks=1482024992,679225683,2848615171,2890807135
dimwishlist:item=4206550094&perks=1482024992,679225683,2848615171,3824105627
dimwishlist:item=4206550094&perks=1482024992,679225683,2848615171,95528736
dimwishlist:item=4206550094&perks=1482024992,679225683,4293542123,3425386926
dimwishlist:item=4206550094&perks=1482024992,679225683,4293542123,2890807135
dimwishlist:item=4206550094&perks=1482024992,679225683,4293542123,3824105627
dimwishlist:item=4206550094&perks=1482024992,679225683,4293542123,95528736
dimwishlist:item=4206550094&perks=1482024992,679225683,3418782618,3425386926
dimwishlist:item=4206550094&perks=1482024992,679225683,3418782618,2890807135
dimwishlist:item=4206550094&perks=1482024992,679225683,3418782618,3824105627
dimwishlist:item=4206550094&perks=1482024992,679225683,3418782618,95528736
dimwishlist:item=4206550094&perks=1482024992,679225683,3017780555,3425386926
dimwishlist:item=4206550094&perks=1482024992,679225683,3017780555,2890807135
dimwishlist:item=4206550094&perks=1482024992,679225683,3017780555,3824105627
dimwishlist:item=4206550094&perks=1482024992,679225683,3017780555,95528736
dimwishlist:item=4206550094&perks=1482024992,106909392,2848615171,3425386926
dimwishlist:item=4206550094&perks=1482024992,106909392,2848615171,2890807135
dimwishlist:item=4206550094&perks=1482024992,106909392,2848615171,3824105627
dimwishlist:item=4206550094&perks=1482024992,106909392,2848615171,95528736
dimwishlist:item=4206550094&perks=1482024992,106909392,4293542123,3425386926
dimwishlist:item=4206550094&perks=1482024992,106909392,4293542123,2890807135
dimwishlist:item=4206550094&perks=1482024992,106909392,4293542123,3824105627
dimwishlist:item=4206550094&perks=1482024992,106909392,4293542123,95528736
dimwishlist:item=4206550094&perks=1482024992,106909392,3418782618,3425386926
dimwishlist:item=4206550094&perks=1482024992,106909392,3418782618,2890807135
dimwishlist:item=4206550094&perks=1482024992,106909392,3418782618,3824105627
dimwishlist:item=4206550094&perks=1482024992,106909392,3418782618,95528736
dimwishlist:item=4206550094&perks=1482024992,106909392,3017780555,3425386926
dimwishlist:item=4206550094&perks=1482024992,106909392,3017780555,2890807135
dimwishlist:item=4206550094&perks=1482024992,106909392,3017780555,3824105627
dimwishlist:item=4206550094&perks=1482024992,106909392,3017780555,95528736


// Alone as a god (god-pve)
//notes: tags:god-pve
dimwishlist:item=4278664152&perks=839105230,3142289711,3418782618,2305480722
dimwishlist:item=4278664152&perks=839105230,3142289711,3418782618,1226351311
dimwishlist:item=4278664152&perks=839105230,3142289711,3418782618,3764420437
dimwishlist:item=4278664152&perks=839105230,1087426260,3418782618,2305480722
dimwishlist:item=4278664152&perks=839105230,1087426260,3418782618,1226351311
dimwishlist:item=4278664152&perks=839105230,1087426260,3418782618,3764420437
dimwishlist:item=4278664152&perks=839105230,106909392,3418782618,2305480722
dimwishlist:item=4278664152&perks=839105230,106909392,3418782618,1226351311
dimwishlist:item=4278664152&perks=839105230,106909392,3418782618,3764420437
dimwishlist:item=4278664152&perks=839105230,1431678320,3418782618,2305480722
dimwishlist:item=4278664152&perks=839105230,1431678320,3418782618,1226351311
dimwishlist:item=4278664152&perks=839105230,1431678320,3418782618,3764420437
dimwishlist:item=4278664152&perks=839105230,3230963543,3418782618,2305480722
dimwishlist:item=4278664152&perks=839105230,3230963543,3418782618,1226351311
dimwishlist:item=4278664152&perks=839105230,3230963543,3418782618,3764420437
dimwishlist:item=4278664152&perks=839105230,1561002382,3418782618,2305480722
dimwishlist:item=4278664152&perks=839105230,1561002382,3418782618,1226351311
dimwishlist:item=4278664152&perks=839105230,1561002382,3418782618,3764420437
dimwishlist:item=4278664152&perks=839105230,679225683,3418782618,2305480722
dimwishlist:item=4278664152&perks=839105230,679225683,3418782618,1226351311
dimwishlist:item=4278664152&perks=839105230,679225683,3418782618,3764420437
dimwishlist:item=4278664152&perks=4090651448,3142289711,3418782618,2305480722
dimwishlist:item=4278664152&perks=4090651448,3142289711,3418782618,1226351311
dimwishlist:item=4278664152&perks=4090651448,3142289711,3418782618,3764420437
dimwishlist:item=4278664152&perks=4090651448,1087426260,3418782618,2305480722
dimwishlist:item=4278664152&perks=4090651448,1087426260,3418782618,1226351311
dimwishlist:item=4278664152&perks=4090651448,1087426260,3418782618,3764420437
dimwishlist:item=4278664152&perks=4090651448,106909392,3418782618,2305480722
dimwishlist:item=4278664152&perks=4090651448,106909392,3418782618,1226351311
dimwishlist:item=4278664152&perks=4090651448,106909392,3418782618,3764420437
dimwishlist:item=4278664152&perks=4090651448,1431678320,3418782618,2305480722
dimwishlist:item=4278664152&perks=4090651448,1431678320,3418782618,1226351311
dimwishlist:item=4278664152&perks=4090651448,1431678320,3418782618,3764420437
dimwishlist:item=4278664152&perks=4090651448,3230963543,3418782618,2305480722
dimwishlist:item=4278664152&perks=4090651448,3230963543,3418782618,1226351311
dimwishlist:item=4278664152&perks=4090651448,3230963543,3418782618,3764420437
dimwishlist:item=4278664152&perks=4090651448,1561002382,3418782618,2305480722
dimwishlist:item=4278664152&perks=4090651448,1561002382,3418782618,1226351311
dimwishlist:item=4278664152&perks=4090651448,1561002382,3418782618,3764420437
dimwishlist:item=4278664152&perks=4090651448,679225683,3418782618,2305480722
dimwishlist:item=4278664152&perks=4090651448,679225683,3418782618,1226351311
dimwishlist:item=4278664152&perks=4090651448,679225683,3418782618,3764420437
dimwishlist:item=4278664152&perks=1840239774,3142289711,3418782618,2305480722
dimwishlist:item=4278664152&perks=1840239774,3142289711,3418782618,1226351311
dimwishlist:item=4278664152&perks=1840239774,3142289711,3418782618,3764420437
dimwishlist:item=4278664152&perks=1840239774,1087426260,3418782618,2305480722
dimwishlist:item=4278664152&perks=1840239774,1087426260,3418782618,1226351311
dimwishlist:item=4278664152&perks=1840239774,1087426260,3418782618,3764420437
dimwishlist:item=4278664152&perks=1840239774,106909392,3418782618,2305480722
dimwishlist:item=4278664152&perks=1840239774,106909392,3418782618,1226351311
dimwishlist:item=4278664152&perks=1840239774,106909392,3418782618,3764420437
dimwishlist:item=4278664152&perks=1840239774,1431678320,3418782618,2305480722
dimwishlist:item=4278664152&perks=1840239774,1431678320,3418782618,1226351311
dimwishlist:item=4278664152&perks=1840239774,1431678320,3418782618,3764420437
dimwishlist:item=4278664152&perks=1840239774,3230963543,3418782618,2305480722
dimwishlist:item=4278664152&perks=1840239774,3230963543,3418782618,1226351311
dimwishlist:item=4278664152&perks=1840239774,3230963543,3418782618,3764420437
dimwishlist:item=4278664152&perks=1840239774,1561002382,3418782618,2305480722
dimwishlist:item=4278664152&perks=1840239774,1561002382,3418782618,1226351311
dimwishlist:item=4278664152&perks=1840239774,1561002382,3418782618,3764420437
dimwishlist:item=4278664152&perks=1840239774,679225683,3418782618,2305480722
dimwishlist:item=4278664152&perks=1840239774,679225683,3418782618,1226351311
dimwishlist:item=4278664152&perks=1840239774,679225683,3418782618,3764420437
dimwishlist:item=4278664152&perks=3250034553,3142289711,3418782618,2305480722
dimwishlist:item=4278664152&perks=3250034553,3142289711,3418782618,1226351311
dimwishlist:item=4278664152&perks=3250034553,3142289711,3418782618,3764420437
dimwishlist:item=4278664152&perks=3250034553,1087426260,3418782618,2305480722
dimwishlist:item=4278664152&perks=3250034553,1087426260,3418782618,1226351311
dimwishlist:item=4278664152&perks=3250034553,1087426260,3418782618,3764420437
dimwishlist:item=4278664152&perks=3250034553,106909392,3418782618,2305480722
dimwishlist:item=4278664152&perks=3250034553,106909392,3418782618,1226351311
dimwishlist:item=4278664152&perks=3250034553,106909392,3418782618,3764420437
dimwishlist:item=4278664152&perks=3250034553,1431678320,3418782618,2305480722
dimwishlist:item=4278664152&perks=3250034553,1431678320,3418782618,1226351311
dimwishlist:item=4278664152&perks=3250034553,1431678320,3418782618,3764420437
dimwishlist:item=4278664152&perks=3250034553,3230963543,3418782618,2305480722
dimwishlist:item=4278664152&perks=3250034553,3230963543,3418782618,1226351311
dimwishlist:item=4278664152&perks=3250034553,3230963543,3418782618,3764420437
dimwishlist:item=4278664152&perks=3250034553,1561002382,3418782618,2305480722
dimwishlist:item=4278664152&perks=3250034553,1561002382,3418782618,1226351311
dimwishlist:item=4278664152&perks=3250034553,1561002382,3418782618,3764420437
dimwishlist:item=4278664152&perks=3250034553,679225683,3418782618,2305480722
dimwishlist:item=4278664152&perks=3250034553,679225683,3418782618,1226351311
dimwishlist:item=4278664152&perks=3250034553,679225683,3418782618,3764420437
dimwishlist:item=4278664152&perks=1392496348,3142289711,3418782618,2305480722
dimwishlist:item=4278664152&perks=1392496348,3142289711,3418782618,1226351311
dimwishlist:item=4278664152&perks=1392496348,3142289711,3418782618,3764420437
dimwishlist:item=4278664152&perks=1392496348,1087426260,3418782618,2305480722
dimwishlist:item=4278664152&perks=1392496348,1087426260,3418782618,1226351311
dimwishlist:item=4278664152&perks=1392496348,1087426260,3418782618,3764420437
dimwishlist:item=4278664152&perks=1392496348,106909392,3418782618,2305480722
dimwishlist:item=4278664152&perks=1392496348,106909392,3418782618,1226351311
dimwishlist:item=4278664152&perks=1392496348,106909392,3418782618,3764420437
dimwishlist:item=4278664152&perks=1392496348,1431678320,3418782618,2305480722
dimwishlist:item=4278664152&perks=1392496348,1431678320,3418782618,1226351311
dimwishlist:item=4278664152&perks=1392496348,1431678320,3418782618,3764420437
dimwishlist:item=4278664152&perks=1392496348,3230963543,3418782618,2305480722
dimwishlist:item=4278664152&perks=1392496348,3230963543,3418782618,1226351311
dimwishlist:item=4278664152&perks=1392496348,3230963543,3418782618,3764420437
dimwishlist:item=4278664152&perks=1392496348,1561002382,3418782618,2305480722
dimwishlist:item=4278664152&perks=1392496348,1561002382,3418782618,1226351311
dimwishlist:item=4278664152&perks=1392496348,1561002382,3418782618,3764420437
dimwishlist:item=4278664152&perks=1392496348,679225683,3418782618,2305480722
dimwishlist:item=4278664152&perks=1392496348,679225683,3418782618,1226351311
dimwishlist:item=4278664152&perks=1392496348,679225683,3418782618,3764420437
dimwishlist:item=4278664152&perks=1482024992,3142289711,3418782618,2305480722
dimwishlist:item=4278664152&perks=1482024992,3142289711,3418782618,1226351311
dimwishlist:item=4278664152&perks=1482024992,3142289711,3418782618,3764420437
dimwishlist:item=4278664152&perks=1482024992,1087426260,3418782618,2305480722
dimwishlist:item=4278664152&perks=1482024992,1087426260,3418782618,1226351311
dimwishlist:item=4278664152&perks=1482024992,1087426260,3418782618,3764420437
dimwishlist:item=4278664152&perks=1482024992,106909392,3418782618,2305480722
dimwishlist:item=4278664152&perks=1482024992,106909392,3418782618,1226351311
dimwishlist:item=4278664152&perks=1482024992,106909392,3418782618,3764420437
dimwishlist:item=4278664152&perks=1482024992,1431678320,3418782618,2305480722
dimwishlist:item=4278664152&perks=1482024992,1431678320,3418782618,1226351311
dimwishlist:item=4278664152&perks=1482024992,1431678320,3418782618,3764420437
dimwishlist:item=4278664152&perks=1482024992,3230963543,3418782618,2305480722
dimwishlist:item=4278664152&perks=1482024992,3230963543,3418782618,1226351311
dimwishlist:item=4278664152&perks=1482024992,3230963543,3418782618,3764420437
dimwishlist:item=4278664152&perks=1482024992,1561002382,3418782618,2305480722
dimwishlist:item=4278664152&perks=1482024992,1561002382,3418782618,1226351311
dimwishlist:item=4278664152&perks=1482024992,1561002382,3418782618,3764420437
dimwishlist:item=4278664152&perks=1482024992,679225683,3418782618,2305480722
dimwishlist:item=4278664152&perks=1482024992,679225683,3418782618,1226351311
dimwishlist:item=4278664152&perks=1482024992,679225683,3418782618,3764420437


